y_true,y_pred,Site
0.0,0.0,siteB
0.0,0.0,siteB
0.0,0.0,siteB
0.0,0.0,siteB
0.0,0.0,siteB
0.0,0.0,siteB
0.0,0.0,siteB
0.0,0.0,siteB
0.0,0.0,siteB
0.0,0.0,siteB
0.0,0.0,siteB
0.0,0.0,siteB
0.0,0.0,siteB
0.0,0.0,siteB
0.0,0.0,siteB
0.0,0.0,siteB
0.0,0.0,siteB
0.0,0.0,siteB
0.0,0.0,siteB
0.0,0.0,siteB
0.0,0.0,siteB
0.0,0.0,siteB
0.0,0.0,siteB
0.0,0.0,siteB
0.0,0.0,siteB
0.0,0.0,siteB
0.0,0.0,siteB
0.0,0.0,siteB
0.0,0.0,siteB
0.0,0.0,siteB
0.0,0.0,siteB
0.0,0.0,siteB
0.0,0.0,siteB
0.0,0.0,siteB
0.0,0.0,siteB
0.0,0.0,siteB
0.0,0.0,siteB
0.0,0.0,siteB
0.0,0.0,siteB
0.0,0.0,siteB
0.0,0.0,siteB
0.0,0.0,siteB
0.0,0.0,siteB
0.0,0.0,siteB
0.0,0.0,siteB
0.0,0.0,siteB
0.0,0.0,siteB
0.0,0.0,siteB
0.0,0.0,siteB
0.0,0.0,siteB
0.0,0.0,siteB
0.0,0.0,siteB
0.0,0.0,siteB
0.0,0.0,siteB
0.0,0.0,siteB
0.0,0.0,siteB
0.0,0.0,siteB
0.0,0.0,siteB
0.0,0.0,siteB
0.0,0.0,siteB
0.0,0.0,siteB
0.0,0.0,siteB
0.0,0.0,siteB
0.0,0.0,siteB
0.0,0.0,siteB
0.0,0.0,siteB
0.0,0.0,siteB
0.0,0.0,siteB
0.0,0.0,siteB
0.0,0.0,siteB
0.0,0.0,siteB
0.0,0.0,siteB
0.0,0.0,siteB
0.0,0.0,siteB
0.0,0.0,siteB
0.0,0.0,siteB
0.0,0.0,siteB
0.0,0.0,siteB
0.0,0.0,siteB
0.0,0.0,siteB
0.0,0.0,siteB
0.0,0.0,siteB
0.0,0.0,siteB
0.0,0.0,siteB
0.0,0.0,siteB
0.0,0.0,siteB
0.0,0.0,siteB
0.0,0.0,siteB
0.0,0.0,siteB
0.0,0.0,siteB
0.0,0.0,siteB
0.0,0.0,siteB
0.0,0.0,siteB
0.0,0.0,siteB
0.0,0.0,siteB
0.0,0.0,siteB
0.0,0.0,siteB
0.0,0.0,siteB
0.0,0.0,siteB
0.0,0.0,siteB
0.0,0.0,siteB
0.0,0.0,siteB
0.0,0.0,siteB
0.0,0.0,siteB
0.0,0.0,siteB
0.0,0.0,siteB
0.0,0.0,siteB
0.0,0.0,siteB
0.0,0.0,siteB
0.0,0.0,siteB
0.0,0.0,siteB
0.0,0.0,siteB
0.0,0.0,siteB
0.0,0.0,siteB
0.0,0.0,siteB
0.0,0.0,siteB
0.0,0.0,siteB
0.0,0.0,siteB
0.0,0.0,siteB
0.0,0.0,siteB
0.0,0.0,siteB
0.0,0.0,siteB
0.0,0.0,siteB
0.0,0.0,siteB
0.0,0.0,siteB
0.0,0.0,siteB
0.0,0.0,siteB
0.0,0.0,siteB
0.0,0.0,siteB
0.0,0.0,siteB
0.0,0.0,siteB
0.0,0.0,siteB
0.0,0.0,siteB
0.0,0.0,siteB
0.0,0.0,siteB
0.0,0.0,siteB
0.0,0.0,siteB
0.0,0.0,siteB
0.0,0.0,siteB
0.0,0.0,siteB
0.0,0.0,siteB
0.0,0.0,siteB
0.0,0.0,siteB
0.0,0.0,siteB
0.0,0.0,siteB
0.0,0.0,siteB
0.0,0.0,siteB
0.0,0.0,siteB
0.0,0.0,siteB
0.0,0.0,siteB
0.0,0.0,siteB
0.0,0.0,siteB
0.0,0.0,siteB
0.0,0.0,siteB
0.0,0.0,siteB
0.0,0.0,siteB
0.0,0.0,siteB
0.0,0.0,siteB
0.0,0.0,siteB
0.0,0.0,siteB
0.0,0.0,siteB
0.0,0.0,siteB
0.0,0.0,siteB
0.0,0.0,siteB
0.0,0.0,siteB
0.0,0.0,siteB
0.0,0.0,siteB
0.0,0.0,siteB
0.0,0.0,siteB
0.0,0.0,siteB
0.0,0.0,siteB
0.0,0.0,siteB
0.0,0.0,siteB
0.0,0.0,siteB
0.0,0.0,siteB
0.0,0.0,siteB
0.0,0.0,siteB
0.0,0.0,siteB
0.0,0.0,siteB
0.0,0.0,siteB
0.0,0.0,siteB
0.0,0.0,siteB
0.0,0.0,siteB
0.0,0.0,siteB
0.0,0.0,siteB
0.0,0.0,siteB
0.0,0.0,siteB
0.0,0.0,siteB
0.0,0.0,siteB
0.0,0.0,siteB
0.0,0.0,siteB
0.0,0.0,siteB
0.0,0.0,siteB
0.0,0.0,siteB
0.0,0.0,siteB
0.0,0.0,siteB
0.0,0.0,siteB
0.0,0.0,siteB
0.0,0.0,siteB
0.0,0.0,siteB
0.0,0.0,siteB
0.0,0.0,siteB
0.0,0.0,siteB
0.0,0.0,siteB
0.0,0.0,siteB
0.0,0.0,siteB
0.0,0.0,siteB
0.0,0.0,siteB
0.0,0.0,siteB
0.0,0.0,siteB
0.0,0.0,siteB
0.0,0.0,siteB
0.0,0.0,siteB
0.0,0.0,siteB
0.0,0.0,siteB
0.0,0.0,siteB
0.0,0.0,siteB
0.0,0.0,siteB
0.0,0.0,siteB
0.0,0.0,siteB
0.0,0.0,siteB
0.0,0.0,siteB
0.0,0.0,siteB
0.0,0.0,siteB
0.0,0.0,siteB
0.0,0.0,siteB
0.0,0.0,siteB
0.0,0.0,siteB
0.0,0.0,siteB
0.0,0.0,siteB
0.0,0.0,siteB
0.0,0.0,siteB
0.0,0.0,siteB
0.0,0.0,siteB
0.0,0.0,siteB
0.0,0.0,siteB
0.0,0.0,siteB
0.0,0.0,siteB
0.0,0.0,siteB
0.0,0.0,siteB
0.0,0.0,siteB
0.0,0.0,siteB
0.0,0.0,siteB
0.0,0.0,siteB
0.0,0.0,siteB
0.0,0.0,siteB
0.0,0.0,siteB
0.0,0.0,siteB
0.0,0.0,siteB
0.0,0.0,siteB
0.0,0.0,siteB
0.0,0.0,siteB
0.0,0.0,siteB
0.0,0.0,siteB
0.0,0.0,siteB
0.0,0.0,siteB
0.0,0.0,siteB
0.0,0.0,siteB
0.0,0.0,siteB
0.0,0.0,siteB
0.0,0.0,siteB
0.0,0.0,siteB
0.0,0.0,siteB
0.0,0.0,siteB
0.0,0.0,siteB
0.0,0.0,siteB
0.0,0.0,siteB
0.0,0.0,siteB
0.0,0.0,siteB
0.0,0.0,siteB
0.0,0.0,siteB
0.0,0.0,siteB
0.0,0.0,siteB
0.0,0.0,siteB
0.0,0.0,siteB
0.0,0.0,siteB
0.0,0.0,siteB
0.0,0.0,siteB
0.0,0.0,siteB
0.0,0.0,siteB
0.0,0.0,siteB
0.0,0.0,siteB
0.0,0.0,siteB
0.0,0.0,siteB
0.0,0.0,siteB
0.0,0.0,siteB
0.0,0.0,siteB
0.0,0.0,siteB
0.0,0.0,siteB
0.0,0.0,siteB
0.0,0.0,siteB
0.0,0.0,siteB
0.0,0.0,siteB
0.0,0.0,siteB
0.0,0.0,siteB
0.0,0.0,siteB
0.0,0.0,siteB
0.0,0.0,siteB
0.0,0.0,siteB
0.0,0.0,siteB
0.0,0.0,siteB
0.0,0.0,siteB
0.0,0.0,siteB
0.0,0.0,siteB
0.0,0.0,siteB
0.0,0.0,siteB
0.0,0.0,siteB
0.0,0.0,siteB
0.0,0.0,siteB
0.0,0.0,siteB
0.0,0.0,siteB
0.0,0.0,siteB
0.0,0.0,siteB
0.0,0.0,siteB
0.0,0.0,siteB
0.0,0.0,siteB
0.0,0.0,siteB
0.0,0.0,siteB
0.0,0.0,siteB
0.0,0.0,siteB
0.0,0.0,siteB
0.0,0.0,siteB
0.0,0.0,siteB
0.0,0.0,siteB
0.0,0.0,siteB
0.0,0.0,siteB
0.0,0.0,siteB
0.0,0.0,siteB
0.0,0.0,siteB
0.0,0.0,siteB
0.0,0.0,siteB
0.0,0.0,siteB
0.0,0.0,siteB
0.0,0.0,siteB
0.0,0.0,siteB
0.0,0.0,siteB
0.0,0.0,siteB
0.0,0.0,siteB
0.0,0.0,siteB
0.0,0.0,siteB
0.0,0.0,siteB
0.0,0.0,siteB
0.0,0.0,siteB
0.0,0.0,siteB
0.0,0.0,siteB
0.0,0.0,siteB
0.0,0.0,siteB
0.0,0.0,siteB
0.0,0.0,siteB
0.0,0.0,siteB
0.0,0.0,siteB
0.0,0.0,siteB
0.0,0.0,siteB
0.0,0.0,siteB
0.0,0.0,siteB
0.0,0.0,siteB
0.0,0.0,siteB
0.0,0.0,siteB
0.0,0.0,siteB
0.0,0.0,siteB
0.0,0.0,siteB
0.0,0.0,siteB
0.0,0.0,siteB
0.0,0.0,siteB
0.0,0.0,siteB
0.0,0.0,siteB
0.0,0.0,siteB
0.0,0.0,siteB
0.0,0.0,siteB
0.0,0.0,siteB
0.0,0.0,siteB
0.0,0.0,siteB
0.0,0.0,siteB
0.0,0.0,siteB
0.0,0.0,siteB
0.0,0.0,siteB
0.0,0.0,siteB
0.0,0.0,siteB
0.0,0.0,siteB
0.0,0.0,siteB
0.0,0.0,siteB
0.0,0.0,siteB
0.0,0.0,siteB
0.0,0.0,siteB
0.0,0.0,siteB
0.0,0.0,siteB
0.0,0.0,siteB
0.0,0.0,siteB
0.0,0.0,siteB
0.0,0.0,siteB
0.0,0.0,siteB
0.0,0.0,siteB
0.0,0.0,siteB
0.0,0.0,siteB
0.0,0.0,siteB
0.0,0.0,siteB
0.0,0.0,siteB
0.0,0.0,siteB
0.0,0.0,siteB
0.0,0.0,siteB
0.0,0.0,siteB
0.0,0.0,siteB
0.0,0.0,siteB
0.0,0.0,siteB
0.0,0.0,siteB
0.0,0.0,siteB
0.0,0.0,siteB
0.0,0.0,siteB
0.0,0.0,siteB
0.0,0.0,siteB
0.0,0.0,siteB
0.0,0.0,siteB
0.0,0.0,siteB
0.0,0.0,siteB
0.0,0.0,siteB
0.0,0.0,siteB
0.0,0.0,siteB
0.0,0.0,siteB
0.0,0.0,siteB
0.0,0.0,siteB
0.0,0.0,siteB
0.0,0.0,siteB
0.0,0.0,siteB
0.0,0.0,siteB
0.0,0.0,siteB
0.0,0.0,siteB
0.0,0.0,siteB
0.0,0.0,siteB
0.0,0.0,siteB
0.0,0.0,siteB
0.0,0.0,siteB
0.0,0.0,siteB
0.0,0.0,siteB
0.0,0.0,siteB
0.0,0.0,siteB
0.0,0.0,siteB
0.0,0.0,siteB
0.0,0.0,siteB
0.0,0.0,siteB
0.0,0.0,siteB
0.0,0.0,siteB
0.0,0.0,siteB
0.0,0.0,siteB
0.0,0.0,siteB
0.0,0.0,siteB
0.0,0.0,siteB
0.0,0.0,siteB
0.0,0.0,siteB
0.0,0.0,siteB
0.0,0.0,siteB
0.0,0.0,siteB
0.0,0.0,siteB
0.0,0.0,siteB
0.0,0.0,siteB
0.0,0.0,siteB
0.0,0.0,siteB
0.0,0.0,siteB
0.0,0.0,siteB
0.0,0.0,siteB
0.0,0.0,siteB
0.0,0.0,siteB
0.0,0.0,siteB
0.0,0.0,siteB
0.0,0.0,siteB
0.0,0.0,siteB
0.0,0.0,siteB
0.0,0.0,siteB
0.0,0.0,siteB
0.0,0.0,siteB
0.0,0.0,siteB
0.0,0.0,siteB
0.0,0.0,siteB
0.0,0.0,siteB
0.0,0.0,siteB
0.0,0.0,siteB
0.0,0.0,siteB
0.0,0.0,siteB
0.0,0.0,siteB
0.0,0.0,siteB
0.0,0.0,siteB
0.0,0.0,siteB
0.0,0.0,siteB
0.0,0.0,siteB
0.0,0.0,siteB
0.0,0.0,siteB
0.0,0.0,siteB
0.0,0.0,siteB
0.0,0.0,siteB
0.0,0.0,siteB
0.0,0.0,siteB
0.0,0.0,siteB
0.0,0.0,siteB
0.0,0.0,siteB
0.0,0.0,siteB
0.0,0.0,siteB
0.0,0.0,siteB
0.0,0.0,siteB
0.0,0.0,siteB
0.0,0.0,siteB
0.0,0.0,siteB
0.0,0.0,siteB
0.0,0.0,siteB
0.0,0.0,siteB
0.0,0.0,siteB
0.0,0.0,siteB
0.0,0.0,siteB
0.0,0.0,siteB
0.0,0.0,siteB
0.0,0.0,siteB
0.0,0.0,siteB
0.0,0.0,siteB
0.0,0.0,siteB
0.0,0.0,siteB
0.0,0.0,siteB
0.0,0.0,siteB
0.0,0.0,siteB
0.0,0.0,siteB
0.0,0.0,siteB
0.0,0.0,siteB
0.0,0.0,siteB
0.0,0.0,siteB
0.0,0.0,siteB
0.0,0.0,siteB
0.0,0.0,siteB
0.0,0.0,siteB
4.0,19.295880053882737,siteB
-0.71,19.945187754099326,siteB
6.93,21.00198943852101,siteB
2.3,19.30567896587486,siteB
-3.34,19.01422621654087,siteB
3.29,0.611607667944943,siteB
-3.93,-1.1489338918652154,siteB
-1.61,-0.8861103833999967,siteB
-4.0,-1.4190179458661962,siteB
-4.66,-1.4675229770108051,siteB
-7.18,-1.87625015605324,siteB
-8.0,-1.8335973263148955,siteB
-7.13,-2.2189085729168783,siteB
-10.11,-2.27722911869019,siteB
3.48,3.5594470965879106,siteB
-4.86,-1.0640665156143014,siteB
-6.64,-1.149299073280234,siteB
-1.25,-0.16964610270720576,siteB
-7.9,-1.935290464468596,siteB
-3.6,-1.86344907822856,siteB
-2.69,-1.6799411464886727,siteB
-5.26,-1.9934138962413568,siteB
-4.29,-1.882771770732994,siteB
-3.15,-1.7183936456745001,siteB
-4.86,-2.1639361559232535,siteB
-7.88,-2.0979736882225395,siteB
-2.91,-2.174825929955838,siteB
-3.55,-1.8382433079802896,siteB
-5.15,-2.3294310759022268,siteB
0.0,0.0,siteB
0.0,0.0,siteB
0.0,0.0,siteB
0.0,0.0,siteB
0.0,0.0,siteB
0.0,0.0,siteB
0.0,0.0,siteB
0.0,0.0,siteB
0.0,0.0,siteB
0.0,0.0,siteB
0.0,0.0,siteB
0.0,0.0,siteB
0.0,0.0,siteB
0.0,0.0,siteB
0.0,0.0,siteB
0.0,0.0,siteB
0.0,0.0,siteB
0.0,0.0,siteB
0.0,0.0,siteB
0.0,0.0,siteB
0.0,0.0,siteB
3.31,5.481317656506723,siteB
5.86,5.904028891972036,siteB
1.15,4.85911041648711,siteB
1.44,4.5665014625584845,siteB
4.27,5.73472190031374,siteB
0.52,4.535106626828912,siteB
1.89,4.759183304898434,siteB
2.28,5.509964505347594,siteB
1.75,-1.6509069066137807,siteB
-2.63,-1.5074493926887935,siteB
-2.54,-1.413951377889266,siteB
-0.62,-0.9407362528271229,siteB
-4.44,-1.010240381957367,siteB
-0.14,-0.6881902708153554,siteB
-0.91,-0.6490466799183788,siteB
-1.78,-1.494857381575396,siteB
-2.73,-0.5874907369635582,siteB
-1.23,-6.551895293583413,siteB
-4.4,-4.578000691846423,siteB
1.96,-0.9213378379496603,siteB
-2.18,-3.9613560960907286,siteB
-3.86,0.5065133243595358,siteB
0.61,1.166855352219733,siteB
-2.81,-1.4136638401066886,siteB
-1.93,-0.373138212815736,siteB
-0.58,-1.4933707201567503,siteB
-1.73,-1.4082711086408148,siteB
-3.84,-1.9636300582805,siteB
-0.13,-1.3532397075652531,siteB
-4.04,-2.930237624151447,siteB
-2.89,-2.295367737493987,siteB
-0.26,0.38209821113770415,siteB
0.0,0.0,siteB
0.0,0.0,siteB
0.0,0.0,siteB
0.0,0.0,siteB
0.0,0.0,siteB
0.0,0.0,siteB
0.0,0.0,siteB
0.0,0.0,siteB
0.0,0.0,siteB
0.0,0.0,siteB
0.0,0.0,siteB
0.0,0.0,siteB
0.0,0.0,siteB
0.0,0.0,siteB
0.0,0.0,siteB
0.0,0.0,siteB
0.0,0.0,siteB
0.0,0.0,siteB
0.0,0.0,siteB
0.0,0.0,siteB
0.0,0.0,siteB
0.0,0.0,siteB
0.0,0.0,siteB
0.0,0.0,siteB
0.0,0.0,siteB
0.0,0.0,siteB
0.0,0.0,siteB
0.0,0.0,siteB
0.0,0.0,siteB
0.0,0.0,siteB
0.0,0.0,siteB
0.0,0.0,siteB
0.0,0.0,siteB
0.0,0.0,siteB
0.0,0.0,siteB
0.0,0.0,siteB
0.0,0.0,siteB
0.0,0.0,siteB
0.0,0.0,siteB
0.0,0.0,siteB
0.0,0.0,siteB
0.0,0.0,siteB
0.0,0.0,siteB
0.0,0.0,siteB
0.0,0.0,siteB
0.0,0.0,siteB
0.0,0.0,siteB
0.0,0.0,siteB
0.0,0.0,siteB
0.0,0.0,siteB
0.0,0.0,siteB
0.0,0.0,siteB
0.0,0.0,siteB
0.0,0.0,siteB
0.0,0.0,siteB
0.0,0.0,siteB
0.0,0.0,siteB
0.0,0.0,siteB
0.0,0.0,siteB
0.0,0.0,siteB
0.0,0.0,siteB
0.0,0.0,siteB
0.0,0.0,siteB
0.0,0.0,siteB
0.0,0.0,siteB
0.0,0.0,siteB
0.0,0.0,siteB
0.0,0.0,siteB
0.0,0.0,siteB
0.0,0.0,siteB
0.0,0.0,siteB
0.0,0.0,siteB
0.0,0.0,siteB
0.0,0.0,siteB
0.0,0.0,siteB
0.0,0.0,siteB
0.0,0.0,siteB
0.0,0.0,siteB
4.39,3.5165081867393013,siteB
1.7,4.487800853719578,siteB
11.4,10.380777990214543,siteB
1.99,6.695934224951463,siteB
0.44,-1.7921132870016685,siteB
-0.89,-4.794498372463304,siteB
-1.48,-5.148068227499339,siteB
-6.08,-4.593983686760876,siteB
-3.26,-4.757749042624914,siteB
-3.2,-1.3810449727796401,siteB
-5.52,-2.7125134958151884,siteB
-1.44,-1.0108227333506707,siteB
-3.19,-2.1031090114015383,siteB
-4.19,-6.079504645891603,siteB
-2.77,-6.454056449235322,siteB
-3.89,-5.12410115351268,siteB
-5.61,-4.947224014109245,siteB
-3.59,-1.4969165411945993,siteB
-4.81,-1.2082267577629333,siteB
-2.4,-2.231700411891743,siteB
-4.85,-1.4581208051753594,siteB
-5.69,-5.958775776586246,siteB
-2.82,-5.41911464032141,siteB
-5.56,-4.855780960783149,siteB
-4.34,-4.8644054542797095,siteB
-5.24,-1.7182980340179257,siteB
-5.35,-2.0801190372384313,siteB
-4.69,-1.644352375950515,siteB
0.0,0.0,siteB
0.0,0.0,siteB
0.0,0.0,siteB
0.0,0.0,siteB
0.0,0.0,siteB
0.0,0.0,siteB
0.0,0.0,siteB
0.0,0.0,siteB
0.0,0.0,siteB
0.0,0.0,siteB
0.0,0.0,siteB
0.0,0.0,siteB
0.0,0.0,siteB
0.0,0.0,siteB
0.0,0.0,siteB
0.0,0.0,siteB
0.0,0.0,siteB
0.0,0.0,siteB
0.0,0.0,siteB
0.0,0.0,siteB
0.0,0.0,siteB
6.71,7.255770414350296,siteB
4.94,7.30315622980449,siteB
5.19,4.729437311744698,siteB
1.44,2.8746566712243733,siteB
6.67,4.148533863127042,siteB
-2.84,2.6233839944751662,siteB
5.67,2.789582002523764,siteB
3.93,4.346253815539321,siteB
-1.52,0.7195676172936969,siteB
-6.54,-0.4427573353226295,siteB
-1.45,-0.34918505924902976,siteB
-8.6,-0.8029820981469511,siteB
-2.41,0.0799391150907056,siteB
-4.68,-4.442629542750279,siteB
-4.55,-4.889464858061044,siteB
-8.5,-4.736142639415681,siteB
-3.06,-4.704903369933443,siteB
-5.1,-0.8100560773512985,siteB
-6.17,-0.6777932859542426,siteB
-7.86,-0.9231422154833181,siteB
-2.34,0.12386880465566984,siteB
-8.45,-1.234623748982499,siteB
-4.08,-0.2990202713412895,siteB
-3.86,-0.8513875699654382,siteB
-4.52,-0.9959598446651389,siteB
-5.95,0.7122380716474218,siteB
-3.71,-1.5305457254074895,siteB
-3.97,0.23715879003335266,siteB
-5.98,-1.3728428969451034,siteB
-6.06,-0.5111741727891421,siteB
0.26,1.95078094366919,siteB
-9.0,-1.68457397084397,siteB
0.0,0.0,siteB
0.0,0.0,siteB
0.0,0.0,siteB
0.0,0.0,siteB
0.0,0.0,siteB
0.0,0.0,siteB
0.0,0.0,siteB
0.0,0.0,siteB
0.0,0.0,siteB
0.0,0.0,siteB
0.0,0.0,siteB
0.0,0.0,siteB
0.0,0.0,siteB
0.0,0.0,siteB
0.0,0.0,siteB
0.0,0.0,siteB
0.0,0.0,siteB
0.0,0.0,siteB
0.0,0.0,siteB
0.0,0.0,siteB
0.0,0.0,siteB
0.0,0.0,siteB
0.0,0.0,siteB
0.0,0.0,siteB
0.0,0.0,siteB
0.0,0.0,siteB
0.0,0.0,siteB
0.0,0.0,siteB
0.0,0.0,siteB
0.0,0.0,siteB
0.0,0.0,siteB
0.0,0.0,siteB
0.0,0.0,siteB
0.0,0.0,siteB
0.0,0.0,siteB
0.0,0.0,siteB
0.0,0.0,siteB
0.0,0.0,siteB
0.0,0.0,siteB
0.0,0.0,siteB
0.0,0.0,siteB
0.0,0.0,siteB
0.0,0.0,siteB
0.0,0.0,siteB
0.0,0.0,siteB
0.0,0.0,siteB
0.0,0.0,siteB
0.0,0.0,siteB
0.0,0.0,siteB
0.0,0.0,siteB
0.0,0.0,siteB
0.0,0.0,siteB
0.0,0.0,siteB
0.0,0.0,siteB
0.0,0.0,siteB
0.0,0.0,siteB
0.0,0.0,siteB
0.0,0.0,siteB
0.0,0.0,siteB
0.0,0.0,siteB
0.0,0.0,siteB
0.0,0.0,siteB
0.0,0.0,siteB
0.0,0.0,siteB
0.0,0.0,siteB
0.0,0.0,siteB
0.0,0.0,siteB
0.0,0.0,siteB
0.0,0.0,siteB
0.0,0.0,siteB
0.0,0.0,siteB
0.0,0.0,siteB
0.0,0.0,siteB
0.0,0.0,siteB
0.0,0.0,siteB
0.0,0.0,siteB
0.0,0.0,siteB
0.0,0.0,siteB
0.0,0.0,siteB
0.0,0.0,siteB
0.0,0.0,siteB
0.0,0.0,siteB
0.0,0.0,siteB
0.0,0.0,siteB
0.0,0.0,siteB
-3.98,-2.2634400595540223,siteB
-3.41,-2.373217144513982,siteB
-3.6,-2.2462713248749577,siteB
-8.43,-2.083218879026745,siteB
-4.52,-2.246104747559085,siteB
-3.5,-1.5220306430486141,siteB
-6.35,-2.0018187306429946,siteB
-6.97,-1.8170156689759895,siteB
-2.56,-1.79637952610971,siteB
-5.61,-1.8681215340188126,siteB
-6.74,-2.31081140806705,siteB
-3.12,-1.7836100174432836,siteB
-5.1,-2.1314277910304944,siteB
-8.78,-1.9002880431158686,siteB
-2.43,-1.4121311288200098,siteB
-5.11,-2.3195119593206357,siteB
-7.58,-1.1988119747170323,siteB
-5.38,-2.2010108287542933,siteB
-3.43,-2.1868943398634975,siteB
-4.51,-1.3000031000864745,siteB
-7.64,-2.150775487040194,siteB
0.0,0.0,siteB
0.0,0.0,siteB
0.0,0.0,siteB
0.0,0.0,siteB
0.0,0.0,siteB
0.0,0.0,siteB
0.0,0.0,siteB
0.0,0.0,siteB
0.0,0.0,siteB
0.0,0.0,siteB
0.0,0.0,siteB
0.0,0.0,siteB
0.0,0.0,siteB
0.0,0.0,siteB
0.0,0.0,siteB
0.0,0.0,siteB
0.0,0.0,siteB
0.0,0.0,siteB
0.0,0.0,siteB
0.0,0.0,siteB
0.0,0.0,siteB
0.0,0.0,siteB
0.0,0.0,siteB
0.0,0.0,siteB
0.0,0.0,siteB
0.0,0.0,siteB
0.0,0.0,siteB
0.0,0.0,siteB
0.0,0.0,siteB
0.0,0.0,siteB
0.0,0.0,siteB
0.0,0.0,siteB
0.0,0.0,siteB
0.0,0.0,siteB
0.0,0.0,siteB
0.0,0.0,siteB
0.0,0.0,siteB
0.0,0.0,siteB
0.0,0.0,siteB
0.0,0.0,siteB
0.0,0.0,siteB
0.0,0.0,siteB
0.0,0.0,siteB
0.0,0.0,siteB
0.0,0.0,siteB
0.0,0.0,siteB
0.0,0.0,siteB
0.0,0.0,siteB
0.0,0.0,siteB
0.0,0.0,siteB
0.0,0.0,siteB
0.0,0.0,siteB
0.0,0.0,siteB
0.0,0.0,siteB
0.0,0.0,siteB
0.0,0.0,siteB
0.0,0.0,siteB
0.0,0.0,siteB
0.0,0.0,siteB
0.0,0.0,siteB
0.0,0.0,siteB
0.0,0.0,siteB
0.0,0.0,siteB
0.0,0.0,siteB
0.0,0.0,siteB
0.0,0.0,siteB
0.0,0.0,siteB
0.0,0.0,siteB
0.0,0.0,siteB
0.0,0.0,siteB
0.0,0.0,siteB
0.0,0.0,siteB
0.0,0.0,siteB
0.0,0.0,siteB
0.0,0.0,siteB
0.0,0.0,siteB
0.0,0.0,siteB
0.0,0.0,siteB
0.0,0.0,siteB
0.0,0.0,siteB
0.0,0.0,siteB
0.0,0.0,siteB
0.0,0.0,siteB
0.0,0.0,siteB
0.0,0.0,siteB
0.0,0.0,siteB
0.0,0.0,siteB
0.0,0.0,siteB
0.0,0.0,siteB
0.0,0.0,siteB
0.0,0.0,siteB
0.0,0.0,siteB
0.0,0.0,siteB
0.0,0.0,siteB
0.0,0.0,siteB
0.0,0.0,siteB
0.0,0.0,siteB
0.0,0.0,siteB
0.0,0.0,siteB
0.0,0.0,siteB
0.0,0.0,siteB
0.0,0.0,siteB
0.0,0.0,siteB
0.0,0.0,siteB
0.0,0.0,siteB
0.0,0.0,siteB
0.0,0.0,siteB
0.0,0.0,siteB
0.0,0.0,siteB
0.0,0.0,siteB
0.0,0.0,siteB
0.0,0.0,siteB
0.0,0.0,siteB
0.0,0.0,siteB
0.0,0.0,siteB
0.0,0.0,siteB
0.0,0.0,siteB
0.0,0.0,siteB
0.0,0.0,siteB
0.0,0.0,siteB
0.0,0.0,siteB
0.0,0.0,siteB
0.0,0.0,siteB
0.0,0.0,siteB
0.0,0.0,siteB
0.0,0.0,siteB
0.0,0.0,siteB
0.0,0.0,siteB
0.0,0.0,siteB
0.0,0.0,siteB
0.0,0.0,siteB
0.0,0.0,siteB
0.0,0.0,siteB
0.0,0.0,siteB
0.0,0.0,siteB
0.0,0.0,siteB
0.0,0.0,siteB
0.0,0.0,siteB
0.0,0.0,siteB
0.0,0.0,siteB
0.0,0.0,siteB
0.0,0.0,siteB
0.0,0.0,siteB
0.0,0.0,siteB
0.0,0.0,siteB
0.0,0.0,siteB
0.0,0.0,siteB
0.0,0.0,siteB
0.0,0.0,siteB
0.0,0.0,siteB
0.0,0.0,siteB
0.0,0.0,siteB
0.0,0.0,siteB
0.0,0.0,siteB
0.0,0.0,siteB
0.0,0.0,siteB
0.0,0.0,siteB
0.0,0.0,siteB
0.0,0.0,siteB
0.0,0.0,siteB
0.0,0.0,siteB
0.0,0.0,siteB
0.0,0.0,siteB
0.0,0.0,siteB
0.0,0.0,siteB
0.0,0.0,siteB
0.0,0.0,siteB
0.0,0.0,siteB
0.0,0.0,siteB
0.0,0.0,siteB
0.0,0.0,siteB
0.0,0.0,siteB
0.0,0.0,siteB
0.0,0.0,siteB
0.0,0.0,siteB
0.0,0.0,siteB
0.0,0.0,siteB
0.0,0.0,siteB
0.0,0.0,siteB
0.0,0.0,siteB
0.0,0.0,siteB
0.0,0.0,siteB
0.0,0.0,siteB
0.0,0.0,siteB
0.0,0.0,siteB
0.0,0.0,siteB
0.0,0.0,siteB
0.0,0.0,siteB
0.0,0.0,siteB
0.0,0.0,siteB
0.0,0.0,siteB
0.0,0.0,siteB
0.0,0.0,siteB
0.0,0.0,siteB
0.0,0.0,siteB
0.0,0.0,siteB
0.0,0.0,siteB
0.0,0.0,siteB
0.0,0.0,siteB
0.0,0.0,siteB
0.0,0.0,siteB
0.0,0.0,siteB
0.0,0.0,siteB
0.0,0.0,siteB
0.0,0.0,siteB
0.0,0.0,siteB
0.0,0.0,siteB
0.0,0.0,siteB
0.0,0.0,siteB
0.0,0.0,siteB
0.0,0.0,siteB
0.0,0.0,siteB
0.0,0.0,siteB
0.0,0.0,siteB
0.0,0.0,siteB
0.0,0.0,siteB
0.0,0.0,siteB
0.0,0.0,siteB
0.0,0.0,siteB
0.0,0.0,siteB
0.0,0.0,siteB
0.0,0.0,siteB
0.0,0.0,siteB
0.0,0.0,siteB
0.0,0.0,siteB
0.0,0.0,siteB
0.0,0.0,siteB
0.0,0.0,siteB
0.0,0.0,siteB
0.0,0.0,siteB
0.0,0.0,siteB
0.0,0.0,siteB
0.0,0.0,siteB
0.0,0.0,siteB
0.0,0.0,siteB
0.0,0.0,siteB
0.0,0.0,siteB
0.0,0.0,siteB
0.0,0.0,siteB
0.0,0.0,siteB
0.0,0.0,siteB
0.0,0.0,siteB
0.0,0.0,siteB
0.0,0.0,siteB
2.84,4.270576499872676,siteB
5.76,4.177986280620248,siteB
10.61,12.259696332758953,siteB
2.45,5.57181490741442,siteB
6.34,6.800973683251873,siteB
6.94,6.747018504966106,siteB
-0.63,3.5886317347650607,siteB
8.1,6.678048476802553,siteB
6.5,5.054440112531232,siteB
2.62,3.9256587665174214,siteB
4.05,6.157057286706103,siteB
5.85,4.626057800505311,siteB
3.81,3.673371318480995,siteB
6.11,6.028109036637171,siteB
2.01,3.3908236443903803,siteB
5.91,4.428513508680575,siteB
6.64,6.0150317748568405,siteB
2.14,3.3324121252088115,siteB
7.15,5.725636333807806,siteB
6.0,4.043167763851213,siteB
3.18,3.043851943466464,siteB
0.0,0.0,siteB
0.0,0.0,siteB
0.0,0.0,siteB
0.0,0.0,siteB
0.0,0.0,siteB
0.0,0.0,siteB
0.0,0.0,siteB
0.0,0.0,siteB
0.0,0.0,siteB
0.0,0.0,siteB
0.0,0.0,siteB
0.0,0.0,siteB
0.0,0.0,siteB
0.0,0.0,siteB
0.0,0.0,siteB
0.0,0.0,siteB
0.0,0.0,siteB
0.0,0.0,siteB
0.0,0.0,siteB
0.0,0.0,siteB
0.0,0.0,siteB
0.0,0.0,siteB
0.0,0.0,siteB
0.0,0.0,siteB
0.0,0.0,siteB
7.88,5.589036652989827,siteB
7.14,7.176008857296959,siteB
13.28,21.362290688483622,siteB
8.65,10.07730993828784,siteB
6.84,2.6037632480210418,siteB
3.46,1.3314843933544678,siteB
2.42,-0.27634121939177664,siteB
5.1,0.964390606919167,siteB
-4.02,-2.3936517441790235,siteB
1.6,-2.2414064728708962,siteB
1.61,0.5422050586832903,siteB
-1.75,-2.8799644153776507,siteB
-0.2,-1.7103087616061268,siteB
1.01,-1.1699790637222256,siteB
-1.13,-3.1776084727690597,siteB
-1.31,-2.6696924481199913,siteB
-2.91,0.9955722543471033,siteB
0.72,-0.7465863956330909,siteB
-5.73,-2.7721590534993323,siteB
1.19,-0.2408637301787767,siteB
-0.57,0.746768661727849,siteB
-1.43,-0.9313536077004928,siteB
-2.15,1.2247778873170747,siteB
1.74,1.2128769009341769,siteB
-5.43,-1.1176688731077433,siteB
-7.74,1.1404463738441646,siteB
-6.55,0.22230503734297447,siteB
-3.02,-0.8481616363521237,siteB
0.0,0.0,siteB
0.0,0.0,siteB
0.0,0.0,siteB
0.0,0.0,siteB
0.0,0.0,siteB
0.0,0.0,siteB
0.0,0.0,siteB
0.0,0.0,siteB
0.0,0.0,siteB
0.0,0.0,siteB
0.0,0.0,siteB
0.0,0.0,siteB
0.0,0.0,siteB
0.0,0.0,siteB
0.0,0.0,siteB
0.0,0.0,siteB
0.0,0.0,siteB
0.0,0.0,siteB
0.0,0.0,siteB
0.0,0.0,siteB
0.0,0.0,siteB
0.0,0.0,siteB
0.0,0.0,siteB
0.0,0.0,siteB
0.0,0.0,siteB
0.0,0.0,siteB
0.0,0.0,siteB
0.0,0.0,siteB
0.0,0.0,siteB
0.0,0.0,siteB
0.0,0.0,siteB
0.0,0.0,siteB
0.0,0.0,siteB
0.0,0.0,siteB
0.0,0.0,siteB
0.0,0.0,siteB
0.0,0.0,siteB
0.0,0.0,siteB
0.0,0.0,siteB
0.0,0.0,siteB
0.0,0.0,siteB
0.0,0.0,siteB
0.0,0.0,siteB
0.0,0.0,siteB
0.0,0.0,siteB
0.0,0.0,siteB
0.0,0.0,siteB
0.0,0.0,siteB
0.0,0.0,siteB
0.0,0.0,siteB
0.0,0.0,siteB
0.0,0.0,siteB
0.0,0.0,siteB
0.0,0.0,siteB
0.0,0.0,siteB
0.0,0.0,siteB
0.0,0.0,siteB
0.0,0.0,siteB
0.0,0.0,siteB
0.0,0.0,siteB
0.0,0.0,siteB
0.0,0.0,siteB
0.0,0.0,siteB
0.0,0.0,siteB
0.0,0.0,siteB
0.0,0.0,siteB
0.0,0.0,siteB
0.0,0.0,siteB
0.0,0.0,siteB
0.0,0.0,siteB
0.0,0.0,siteB
0.0,0.0,siteB
0.0,0.0,siteB
0.0,0.0,siteB
0.0,0.0,siteB
0.0,0.0,siteB
0.0,0.0,siteB
0.0,0.0,siteB
0.0,0.0,siteB
0.0,0.0,siteB
0.0,0.0,siteB
0.0,0.0,siteB
0.0,0.0,siteB
0.0,0.0,siteB
0.0,0.0,siteB
0.0,0.0,siteB
0.0,0.0,siteB
0.0,0.0,siteB
0.0,0.0,siteB
0.0,0.0,siteB
0.0,0.0,siteB
0.0,0.0,siteB
0.0,0.0,siteB
0.0,0.0,siteB
0.0,0.0,siteB
0.0,0.0,siteB
0.0,0.0,siteB
0.0,0.0,siteB
0.0,0.0,siteB
0.0,0.0,siteB
0.0,0.0,siteB
0.0,0.0,siteB
0.0,0.0,siteB
0.0,0.0,siteB
0.0,0.0,siteB
0.0,0.0,siteB
0.0,0.0,siteB
0.0,0.0,siteB
0.0,0.0,siteB
0.0,0.0,siteB
0.0,0.0,siteB
0.0,0.0,siteB
0.0,0.0,siteB
0.0,0.0,siteB
0.0,0.0,siteB
0.0,0.0,siteB
0.0,0.0,siteB
0.0,0.0,siteB
0.0,0.0,siteB
0.0,0.0,siteB
0.0,0.0,siteB
0.0,0.0,siteB
0.0,0.0,siteB
0.0,0.0,siteB
0.0,0.0,siteB
0.0,0.0,siteB
0.0,0.0,siteB
0.0,0.0,siteB
0.0,0.0,siteB
0.0,0.0,siteB
0.0,0.0,siteB
0.0,0.0,siteB
0.0,0.0,siteB
0.0,0.0,siteB
0.0,0.0,siteB
0.0,0.0,siteB
0.0,0.0,siteB
0.0,0.0,siteB
0.0,0.0,siteB
0.0,0.0,siteB
0.0,0.0,siteB
0.0,0.0,siteB
0.0,0.0,siteB
0.0,0.0,siteB
0.0,0.0,siteB
0.0,0.0,siteB
0.0,0.0,siteB
0.0,0.0,siteB
0.0,0.0,siteB
0.0,0.0,siteB
0.0,0.0,siteB
0.0,0.0,siteB
0.0,0.0,siteB
0.0,0.0,siteB
0.0,0.0,siteB
0.0,0.0,siteB
0.0,0.0,siteB
0.0,0.0,siteB
0.0,0.0,siteB
0.0,0.0,siteB
0.0,0.0,siteB
0.0,0.0,siteB
0.0,0.0,siteB
0.0,0.0,siteB
0.0,0.0,siteB
0.0,0.0,siteB
0.0,0.0,siteB
0.0,0.0,siteB
0.0,0.0,siteB
0.0,0.0,siteB
0.0,0.0,siteB
0.0,0.0,siteB
0.0,0.0,siteB
0.0,0.0,siteB
0.0,0.0,siteB
0.0,0.0,siteB
0.0,0.0,siteB
0.0,0.0,siteB
0.0,0.0,siteB
0.0,0.0,siteB
0.0,0.0,siteB
0.0,0.0,siteB
0.0,0.0,siteB
0.0,0.0,siteB
0.0,0.0,siteB
0.0,0.0,siteB
0.0,0.0,siteB
0.0,0.0,siteB
0.0,0.0,siteB
0.0,0.0,siteB
0.0,0.0,siteB
0.0,0.0,siteB
0.0,0.0,siteB
0.0,0.0,siteB
0.0,0.0,siteB
0.0,0.0,siteB
0.0,0.0,siteB
0.0,0.0,siteB
0.0,0.0,siteB
0.0,0.0,siteB
0.0,0.0,siteB
0.0,0.0,siteB
0.0,0.0,siteB
0.0,0.0,siteB
0.0,0.0,siteB
0.0,0.0,siteB
0.0,0.0,siteB
0.0,0.0,siteB
0.0,0.0,siteB
0.0,0.0,siteB
0.0,0.0,siteB
0.0,0.0,siteB
0.0,0.0,siteB
0.0,0.0,siteB
0.0,0.0,siteB
0.0,0.0,siteB
0.0,0.0,siteB
0.0,0.0,siteB
0.0,0.0,siteB
0.0,0.0,siteB
0.0,0.0,siteB
0.0,0.0,siteB
0.0,0.0,siteB
0.0,0.0,siteB
0.0,0.0,siteB
0.0,0.0,siteB
0.0,0.0,siteB
0.0,0.0,siteB
0.0,0.0,siteB
0.0,0.0,siteB
0.0,0.0,siteB
0.0,0.0,siteB
0.0,0.0,siteB
0.0,0.0,siteB
0.0,0.0,siteB
0.0,0.0,siteB
0.0,0.0,siteB
0.0,0.0,siteB
0.0,0.0,siteB
0.0,0.0,siteB
0.0,0.0,siteB
0.0,0.0,siteB
0.0,0.0,siteB
0.0,0.0,siteB
0.0,0.0,siteB
0.0,0.0,siteB
0.0,0.0,siteB
0.0,0.0,siteB
0.0,0.0,siteB
0.0,0.0,siteB
0.0,0.0,siteB
0.0,0.0,siteB
0.0,0.0,siteB
0.0,0.0,siteB
0.0,0.0,siteB
0.0,0.0,siteB
0.0,0.0,siteB
0.0,0.0,siteB
0.0,0.0,siteB
0.0,0.0,siteB
0.0,0.0,siteB
0.0,0.0,siteB
0.0,0.0,siteB
0.0,0.0,siteB
0.0,0.0,siteB
0.0,0.0,siteB
0.0,0.0,siteB
0.0,0.0,siteB
0.0,0.0,siteB
0.0,0.0,siteB
0.0,0.0,siteB
0.0,0.0,siteB
0.0,0.0,siteB
0.0,0.0,siteB
0.0,0.0,siteB
0.0,0.0,siteB
0.0,0.0,siteB
0.0,0.0,siteB
0.0,0.0,siteB
0.0,0.0,siteB
0.0,0.0,siteB
0.0,0.0,siteB
0.0,0.0,siteB
0.0,0.0,siteB
0.0,0.0,siteB
0.0,0.0,siteB
0.0,0.0,siteB
0.0,0.0,siteB
0.0,0.0,siteB
0.0,0.0,siteB
0.0,0.0,siteB
0.0,0.0,siteB
0.0,0.0,siteB
0.0,0.0,siteB
0.0,0.0,siteB
0.0,0.0,siteB
0.0,0.0,siteB
0.0,0.0,siteB
0.0,0.0,siteB
0.0,0.0,siteB
0.0,0.0,siteB
0.0,0.0,siteB
0.0,0.0,siteB
0.0,0.0,siteB
0.0,0.0,siteB
0.0,0.0,siteB
0.0,0.0,siteB
0.0,0.0,siteB
0.0,0.0,siteB
0.0,0.0,siteB
0.0,0.0,siteB
0.0,0.0,siteB
0.0,0.0,siteB
0.0,0.0,siteB
0.0,0.0,siteB
0.0,0.0,siteB
0.0,0.0,siteB
0.0,0.0,siteB
0.0,0.0,siteB
0.0,0.0,siteB
0.0,0.0,siteB
0.0,0.0,siteB
0.0,0.0,siteB
0.0,0.0,siteB
0.0,0.0,siteB
0.0,0.0,siteB
0.0,0.0,siteB
0.0,0.0,siteB
0.0,0.0,siteB
0.0,0.0,siteB
0.0,0.0,siteB
0.0,0.0,siteB
0.0,0.0,siteB
0.0,0.0,siteB
0.0,0.0,siteB
0.0,0.0,siteB
0.0,0.0,siteB
0.0,0.0,siteB
0.0,0.0,siteB
0.0,0.0,siteB
0.0,0.0,siteB
0.0,0.0,siteB
0.0,0.0,siteB
0.0,0.0,siteB
0.0,0.0,siteB
0.0,0.0,siteB
0.0,0.0,siteB
0.0,0.0,siteB
0.0,0.0,siteB
0.0,0.0,siteB
0.0,0.0,siteB
0.0,0.0,siteB
0.0,0.0,siteB
0.0,0.0,siteB
0.0,0.0,siteB
0.0,0.0,siteB
0.0,0.0,siteB
0.0,0.0,siteB
0.0,0.0,siteB
0.0,0.0,siteB
0.0,0.0,siteB
0.0,0.0,siteB
0.0,0.0,siteB
0.0,0.0,siteB
0.0,0.0,siteB
0.0,0.0,siteB
0.0,0.0,siteB
0.0,0.0,siteB
0.0,0.0,siteB
0.0,0.0,siteB
0.0,0.0,siteB
0.0,0.0,siteB
0.0,0.0,siteB
0.0,0.0,siteB
0.0,0.0,siteB
0.0,0.0,siteB
0.0,0.0,siteB
0.0,0.0,siteB
0.0,0.0,siteB
0.0,0.0,siteB
0.0,0.0,siteB
0.0,0.0,siteB
0.0,0.0,siteB
0.0,0.0,siteB
0.0,0.0,siteB
0.0,0.0,siteB
0.0,0.0,siteB
0.0,0.0,siteB
0.0,0.0,siteB
0.0,0.0,siteB
0.0,0.0,siteB
0.0,0.0,siteB
0.0,0.0,siteB
0.0,0.0,siteB
0.0,0.0,siteB
0.0,0.0,siteB
0.0,0.0,siteB
0.0,0.0,siteB
0.0,0.0,siteB
0.0,0.0,siteB
0.0,0.0,siteB
0.0,0.0,siteB
0.0,0.0,siteB
0.0,0.0,siteB
0.0,0.0,siteB
0.0,0.0,siteB
0.0,0.0,siteB
0.0,0.0,siteB
0.0,0.0,siteB
0.0,0.0,siteB
0.0,0.0,siteB
0.0,0.0,siteB
0.0,0.0,siteB
0.0,0.0,siteB
0.0,0.0,siteB
0.0,0.0,siteB
0.0,0.0,siteB
0.0,0.0,siteB
0.0,0.0,siteB
0.0,0.0,siteB
0.0,0.0,siteB
0.0,0.0,siteB
0.0,0.0,siteB
0.0,0.0,siteB
0.0,0.0,siteB
0.0,0.0,siteB
0.0,0.0,siteB
0.0,0.0,siteB
0.0,0.0,siteB
0.0,0.0,siteB
0.0,0.0,siteB
0.0,0.0,siteB
0.0,0.0,siteB
0.0,0.0,siteB
0.0,0.0,siteB
0.0,0.0,siteB
0.0,0.0,siteB
0.0,0.0,siteB
0.0,0.0,siteB
0.0,0.0,siteB
0.0,0.0,siteB
0.0,0.0,siteB
0.0,0.0,siteB
0.0,0.0,siteB
0.0,0.0,siteB
0.0,0.0,siteB
0.0,0.0,siteB
0.0,0.0,siteB
0.0,0.0,siteB
0.0,0.0,siteB
0.0,0.0,siteB
0.0,0.0,siteB
0.0,0.0,siteB
0.0,0.0,siteB
0.0,0.0,siteB
0.0,0.0,siteB
0.0,0.0,siteB
0.0,0.0,siteB
0.0,0.0,siteB
0.0,0.0,siteB
0.0,0.0,siteB
0.0,0.0,siteB
0.0,0.0,siteB
0.0,0.0,siteB
0.0,0.0,siteB
0.0,0.0,siteB
0.0,0.0,siteB
0.0,0.0,siteB
0.0,0.0,siteB
0.0,0.0,siteB
0.0,0.0,siteB
0.0,0.0,siteB
0.0,0.0,siteB
0.0,0.0,siteB
0.0,0.0,siteB
0.0,0.0,siteB
0.0,0.0,siteB
0.0,0.0,siteB
0.0,0.0,siteB
0.0,0.0,siteB
0.0,0.0,siteB
0.0,0.0,siteB
0.0,0.0,siteB
0.0,0.0,siteB
0.0,0.0,siteB
0.0,0.0,siteB
0.0,0.0,siteB
0.0,0.0,siteB
0.0,0.0,siteB
0.0,0.0,siteB
0.0,0.0,siteB
0.0,0.0,siteB
0.0,0.0,siteB
0.0,0.0,siteB
0.0,0.0,siteB
0.0,0.0,siteB
0.0,0.0,siteB
0.0,0.0,siteB
0.0,0.0,siteB
0.0,0.0,siteB
0.0,0.0,siteB
0.0,0.0,siteB
0.0,0.0,siteB
0.0,0.0,siteB
0.0,0.0,siteB
0.0,0.0,siteB
0.0,0.0,siteB
0.0,0.0,siteB
0.0,0.0,siteB
0.0,0.0,siteB
0.0,0.0,siteB
0.0,0.0,siteB
0.0,0.0,siteB
0.0,0.0,siteB
0.0,0.0,siteB
0.0,0.0,siteB
0.0,0.0,siteB
0.0,0.0,siteB
0.0,0.0,siteB
0.0,0.0,siteB
0.0,0.0,siteB
0.0,0.0,siteB
0.0,0.0,siteB
0.0,0.0,siteB
0.0,0.0,siteB
0.0,0.0,siteB
0.0,0.0,siteB
0.0,0.0,siteB
0.0,0.0,siteB
0.0,0.0,siteB
0.0,0.0,siteB
0.0,0.0,siteB
0.0,0.0,siteB
0.0,0.0,siteB
0.0,0.0,siteB
0.0,0.0,siteB
0.0,0.0,siteB
0.0,0.0,siteB
0.0,0.0,siteB
0.0,0.0,siteB
0.0,0.0,siteB
0.0,0.0,siteB
0.0,0.0,siteB
0.0,0.0,siteB
0.0,0.0,siteB
0.0,0.0,siteB
0.0,0.0,siteB
0.0,0.0,siteB
0.0,0.0,siteB
0.0,0.0,siteB
0.0,0.0,siteB
0.0,0.0,siteB
0.0,0.0,siteB
0.0,0.0,siteB
0.0,0.0,siteB
0.0,0.0,siteB
0.0,0.0,siteB
0.0,0.0,siteB
0.0,0.0,siteB
0.0,0.0,siteB
0.0,0.0,siteB
0.0,0.0,siteB
0.0,0.0,siteB
0.0,0.0,siteB
0.0,0.0,siteB
0.0,0.0,siteB
0.0,0.0,siteB
0.0,0.0,siteB
0.0,0.0,siteB
0.0,0.0,siteB
0.0,0.0,siteB
0.0,0.0,siteB
0.0,0.0,siteB
0.0,0.0,siteB
0.0,0.0,siteB
0.0,0.0,siteB
0.0,0.0,siteB
0.0,0.0,siteB
0.0,0.0,siteB
0.0,0.0,siteB
0.0,0.0,siteB
0.0,0.0,siteB
0.0,0.0,siteB
0.0,0.0,siteB
0.0,0.0,siteB
0.0,0.0,siteB
0.0,0.0,siteB
0.0,0.0,siteB
0.0,0.0,siteB
0.0,0.0,siteB
0.0,0.0,siteB
0.0,0.0,siteB
0.0,0.0,siteB
0.0,0.0,siteB
0.0,0.0,siteB
0.0,0.0,siteB
0.0,0.0,siteB
0.0,0.0,siteB
0.0,0.0,siteB
0.0,0.0,siteB
0.0,0.0,siteB
0.0,0.0,siteB
0.0,0.0,siteB
0.0,0.0,siteB
0.0,0.0,siteB
0.0,0.0,siteB
0.0,0.0,siteB
0.0,0.0,siteB
0.0,0.0,siteB
0.0,0.0,siteB
0.0,0.0,siteB
0.0,0.0,siteB
0.0,0.0,siteB
0.0,0.0,siteB
0.0,0.0,siteB
0.0,0.0,siteB
0.0,0.0,siteB
0.0,0.0,siteB
0.0,0.0,siteB
0.0,0.0,siteB
0.0,0.0,siteB
0.0,0.0,siteB
0.0,0.0,siteB
0.0,0.0,siteB
0.0,0.0,siteB
0.0,0.0,siteB
0.0,0.0,siteB
0.0,0.0,siteB
0.0,0.0,siteB
0.0,0.0,siteB
0.0,0.0,siteB
0.0,0.0,siteB
0.0,0.0,siteB
0.0,0.0,siteB
0.0,0.0,siteB
0.0,0.0,siteB
0.0,0.0,siteB
0.0,0.0,siteB
0.0,0.0,siteB
0.0,0.0,siteB
0.0,0.0,siteB
0.0,0.0,siteB
0.0,0.0,siteB
0.0,0.0,siteB
0.0,0.0,siteB
0.0,0.0,siteB
0.0,0.0,siteB
0.0,0.0,siteB
0.0,0.0,siteB
0.0,0.0,siteB
0.0,0.0,siteB
0.0,0.0,siteB
0.0,0.0,siteB
0.0,0.0,siteB
0.0,0.0,siteB
0.0,0.0,siteB
0.0,0.0,siteB
0.0,0.0,siteB
0.0,0.0,siteB
0.0,0.0,siteB
0.0,0.0,siteB
0.0,0.0,siteB
0.0,0.0,siteB
0.0,0.0,siteB
0.0,0.0,siteB
0.0,0.0,siteB
0.0,0.0,siteB
0.0,0.0,siteB
5.98,4.847015358439435,siteB
1.74,4.276921684132858,siteB
10.31,12.57171990215252,siteB
7.76,9.807156768574565,siteB
13.09,16.59164090792665,siteB
12.14,14.668149980902466,siteB
11.6,13.72291002396068,siteB
4.33,9.43958725270788,siteB
3.96,7.618275113488455,siteB
9.81,9.192926579288876,siteB
10.85,10.500960758120447,siteB
4.8,7.34077985648854,siteB
-1.83,6.913122779073207,siteB
8.69,9.71465060139036,siteB
7.4,10.084184648397555,siteB
4.12,7.634742133511198,siteB
1.28,8.421785952587143,siteB
7.92,10.334184886240633,siteB
10.74,10.651716651652587,siteB
0.06,7.860350196313402,siteB
2.15,8.06158734677503,siteB
0.0,0.0,siteB
0.0,0.0,siteB
0.0,0.0,siteB
0.0,0.0,siteB
0.0,0.0,siteB
0.0,0.0,siteB
0.0,0.0,siteB
0.0,0.0,siteB
0.0,0.0,siteB
0.0,0.0,siteB
0.0,0.0,siteB
0.0,0.0,siteB
0.0,0.0,siteB
0.0,0.0,siteB
0.0,0.0,siteB
0.0,0.0,siteB
0.0,0.0,siteB
0.0,0.0,siteB
0.0,0.0,siteB
0.0,0.0,siteB
0.0,0.0,siteB
0.0,0.0,siteB
0.0,0.0,siteB
0.0,0.0,siteB
0.0,0.0,siteB
0.0,0.0,siteB
0.0,0.0,siteB
0.0,0.0,siteB
0.0,0.0,siteB
0.0,0.0,siteB
0.0,0.0,siteB
0.0,0.0,siteB
0.0,0.0,siteB
0.0,0.0,siteB
0.0,0.0,siteB
0.0,0.0,siteB
0.0,0.0,siteB
0.0,0.0,siteB
0.0,0.0,siteB
0.0,0.0,siteB
0.0,0.0,siteB
0.0,0.0,siteB
0.0,0.0,siteB
0.0,0.0,siteB
0.0,0.0,siteB
0.0,0.0,siteB
0.0,0.0,siteB
0.0,0.0,siteB
0.0,0.0,siteB
0.0,0.0,siteB
0.0,0.0,siteB
0.0,0.0,siteB
0.0,0.0,siteB
0.0,0.0,siteB
0.0,0.0,siteB
0.0,0.0,siteB
0.0,0.0,siteB
0.0,0.0,siteB
0.0,0.0,siteB
0.0,0.0,siteB
0.0,0.0,siteB
0.0,0.0,siteB
0.0,0.0,siteB
0.0,0.0,siteB
0.0,0.0,siteB
0.0,0.0,siteB
0.0,0.0,siteB
0.0,0.0,siteB
0.0,0.0,siteB
0.0,0.0,siteB
0.0,0.0,siteB
0.0,0.0,siteB
0.0,0.0,siteB
0.0,0.0,siteB
0.0,0.0,siteB
0.0,0.0,siteB
0.0,0.0,siteB
0.0,0.0,siteB
0.0,0.0,siteB
0.0,0.0,siteB
5.42,3.137860025828858,siteB
4.71,4.496586627597119,siteB
11.34,10.861408527822654,siteB
8.76,7.787341009814915,siteB
2.03,4.7662086291053845,siteB
13.0,9.964810065732912,siteB
11.86,9.936744587671823,siteB
4.27,4.614885954645486,siteB
8.54,6.485366984576025,siteB
0.49,3.972815000982563,siteB
10.0,4.6291045122852434,siteB
3.53,4.110497794964038,siteB
8.04,4.997577099304922,siteB
3.76,3.8460865277492835,siteB
8.58,4.217992395711729,siteB
5.84,4.9686124147322435,siteB
4.62,3.802293680094126,siteB
13.73,9.13889879616284,siteB
5.99,5.6727230139442595,siteB
5.52,4.170849372425389,siteB
4.52,3.996455243346407,siteB
7.94,4.1310613599745905,siteB
1.87,3.7589276109431187,siteB
8.51,5.242804480061991,siteB
5.81,4.711094099019886,siteB
6.2,3.424096819886341,siteB
0.0,0.0,siteB
0.0,0.0,siteB
0.0,0.0,siteB
0.0,0.0,siteB
0.0,0.0,siteB
0.0,0.0,siteB
0.0,0.0,siteB
0.0,0.0,siteB
0.0,0.0,siteB
0.0,0.0,siteB
0.0,0.0,siteB
0.0,0.0,siteB
0.0,0.0,siteB
0.0,0.0,siteB
0.0,0.0,siteB
0.0,0.0,siteB
0.0,0.0,siteB
0.0,0.0,siteB
0.0,0.0,siteB
0.0,0.0,siteB
0.0,0.0,siteB
0.0,0.0,siteB
0.0,0.0,siteB
0.0,0.0,siteB
0.0,0.0,siteB
0.0,0.0,siteB
0.0,0.0,siteB
0.0,0.0,siteB
0.0,0.0,siteB
0.0,0.0,siteB
0.0,0.0,siteB
0.0,0.0,siteB
0.0,0.0,siteB
0.0,0.0,siteB
0.0,0.0,siteB
0.0,0.0,siteB
0.0,0.0,siteB
0.0,0.0,siteB
0.0,0.0,siteB
0.0,0.0,siteB
0.0,0.0,siteB
0.0,0.0,siteB
0.0,0.0,siteB
0.0,0.0,siteB
0.0,0.0,siteB
0.0,0.0,siteB
0.0,0.0,siteB
0.0,0.0,siteB
0.0,0.0,siteB
0.0,0.0,siteB
0.0,0.0,siteB
0.0,0.0,siteB
0.0,0.0,siteB
0.0,0.0,siteB
0.0,0.0,siteB
0.0,0.0,siteB
0.0,0.0,siteB
0.0,0.0,siteB
0.0,0.0,siteB
0.0,0.0,siteB
0.0,0.0,siteB
0.0,0.0,siteB
0.0,0.0,siteB
0.0,0.0,siteB
0.0,0.0,siteB
0.0,0.0,siteB
0.0,0.0,siteB
0.0,0.0,siteB
0.0,0.0,siteB
0.0,0.0,siteB
0.0,0.0,siteB
0.0,0.0,siteB
0.0,0.0,siteB
0.0,0.0,siteB
0.0,0.0,siteB
0.0,0.0,siteB
0.0,0.0,siteB
0.0,0.0,siteB
0.0,0.0,siteB
0.0,0.0,siteB
0.0,0.0,siteB
0.0,0.0,siteB
0.0,0.0,siteB
0.0,0.0,siteB
0.0,0.0,siteB
0.0,0.0,siteB
0.0,0.0,siteB
0.0,0.0,siteB
0.0,0.0,siteB
0.0,0.0,siteB
0.0,0.0,siteB
0.0,0.0,siteB
0.0,0.0,siteB
0.0,0.0,siteB
0.0,0.0,siteB
0.0,0.0,siteB
0.0,0.0,siteB
0.0,0.0,siteB
0.0,0.0,siteB
0.0,0.0,siteB
0.0,0.0,siteB
0.0,0.0,siteB
0.0,0.0,siteB
0.0,0.0,siteB
0.0,0.0,siteB
0.0,0.0,siteB
0.0,0.0,siteB
0.0,0.0,siteB
0.0,0.0,siteB
0.0,0.0,siteB
0.0,0.0,siteB
0.0,0.0,siteB
0.0,0.0,siteB
0.0,0.0,siteB
0.0,0.0,siteB
0.0,0.0,siteB
0.0,0.0,siteB
0.0,0.0,siteB
0.0,0.0,siteB
0.0,0.0,siteB
0.0,0.0,siteB
0.0,0.0,siteB
0.0,0.0,siteB
0.0,0.0,siteB
0.0,0.0,siteB
0.0,0.0,siteB
0.0,0.0,siteB
0.0,0.0,siteB
0.0,0.0,siteB
0.0,0.0,siteB
0.0,0.0,siteB
0.0,0.0,siteB
0.0,0.0,siteB
0.0,0.0,siteB
0.0,0.0,siteB
0.0,0.0,siteB
0.0,0.0,siteB
0.0,0.0,siteB
0.0,0.0,siteB
0.0,0.0,siteB
0.0,0.0,siteB
0.0,0.0,siteB
0.0,0.0,siteB
0.0,0.0,siteB
0.0,0.0,siteB
0.0,0.0,siteB
0.0,0.0,siteB
0.0,0.0,siteB
0.0,0.0,siteB
0.0,0.0,siteB
0.0,0.0,siteB
0.0,0.0,siteB
0.0,0.0,siteB
0.0,0.0,siteB
0.0,0.0,siteB
0.0,0.0,siteB
0.0,0.0,siteB
0.0,0.0,siteB
0.0,0.0,siteB
0.0,0.0,siteB
0.0,0.0,siteB
0.0,0.0,siteB
0.0,0.0,siteB
0.0,0.0,siteB
0.0,0.0,siteB
0.0,0.0,siteB
0.0,0.0,siteB
0.0,0.0,siteB
0.0,0.0,siteB
0.0,0.0,siteB
0.0,0.0,siteB
0.0,0.0,siteB
0.0,0.0,siteB
0.0,0.0,siteB
0.0,0.0,siteB
0.0,0.0,siteB
0.0,0.0,siteB
0.0,0.0,siteB
0.0,0.0,siteB
0.0,0.0,siteB
0.0,0.0,siteB
0.0,0.0,siteB
0.0,0.0,siteB
0.0,0.0,siteB
0.0,0.0,siteB
0.0,0.0,siteB
0.0,0.0,siteB
0.0,0.0,siteB
0.0,0.0,siteB
0.0,0.0,siteB
0.0,0.0,siteB
0.0,0.0,siteB
0.0,0.0,siteB
0.0,0.0,siteB
0.0,0.0,siteB
0.0,0.0,siteB
0.0,0.0,siteB
0.0,0.0,siteB
0.0,0.0,siteB
0.0,0.0,siteB
0.0,0.0,siteB
0.0,0.0,siteB
0.0,0.0,siteB
0.0,0.0,siteB
0.0,0.0,siteB
0.0,0.0,siteB
0.0,0.0,siteB
0.0,0.0,siteB
0.0,0.0,siteB
0.0,0.0,siteB
0.0,0.0,siteB
0.0,0.0,siteB
0.0,0.0,siteB
0.0,0.0,siteB
0.0,0.0,siteB
0.0,0.0,siteB
0.0,0.0,siteB
0.0,0.0,siteB
0.0,0.0,siteB
0.0,0.0,siteB
0.0,0.0,siteB
0.0,0.0,siteB
0.0,0.0,siteB
0.0,0.0,siteB
0.0,0.0,siteB
0.0,0.0,siteB
0.0,0.0,siteB
0.0,0.0,siteB
0.0,0.0,siteB
0.0,0.0,siteB
0.0,0.0,siteB
0.0,0.0,siteB
0.0,0.0,siteB
0.0,0.0,siteB
0.0,0.0,siteB
0.0,0.0,siteB
0.0,0.0,siteB
0.0,0.0,siteB
0.0,0.0,siteB
0.0,0.0,siteB
0.0,0.0,siteB
0.0,0.0,siteB
0.0,0.0,siteB
0.0,0.0,siteB
0.0,0.0,siteB
0.0,0.0,siteB
0.0,0.0,siteB
0.0,0.0,siteB
0.0,0.0,siteB
0.0,0.0,siteB
0.0,0.0,siteB
0.0,0.0,siteB
0.0,0.0,siteB
0.0,0.0,siteB
0.0,0.0,siteB
0.0,0.0,siteB
0.0,0.0,siteB
0.0,0.0,siteB
0.0,0.0,siteB
0.0,0.0,siteB
0.0,0.0,siteB
0.0,0.0,siteB
0.0,0.0,siteB
0.0,0.0,siteB
0.0,0.0,siteB
0.0,0.0,siteB
0.0,0.0,siteB
0.0,0.0,siteB
0.0,0.0,siteB
0.0,0.0,siteB
0.0,0.0,siteB
0.0,0.0,siteB
0.0,0.0,siteB
0.0,0.0,siteB
0.0,0.0,siteB
0.0,0.0,siteB
0.0,0.0,siteB
0.0,0.0,siteB
0.0,0.0,siteB
0.0,0.0,siteB
0.0,0.0,siteB
0.0,0.0,siteB
0.0,0.0,siteB
0.0,0.0,siteB
0.0,0.0,siteB
0.0,0.0,siteB
0.0,0.0,siteB
0.0,0.0,siteB
0.0,0.0,siteB
0.0,0.0,siteB
0.0,0.0,siteB
0.0,0.0,siteB
0.0,0.0,siteB
0.0,0.0,siteB
0.0,0.0,siteB
0.0,0.0,siteB
0.0,0.0,siteB
0.0,0.0,siteB
0.0,0.0,siteB
0.0,0.0,siteB
0.0,0.0,siteB
0.0,0.0,siteB
0.0,0.0,siteB
0.0,0.0,siteB
0.0,0.0,siteB
0.0,0.0,siteB
0.0,0.0,siteB
0.0,0.0,siteB
0.0,0.0,siteB
0.0,0.0,siteB
0.0,0.0,siteB
0.0,0.0,siteB
0.0,0.0,siteB
0.0,0.0,siteB
0.0,0.0,siteB
0.0,0.0,siteB
0.0,0.0,siteB
0.0,0.0,siteB
0.0,0.0,siteB
0.0,0.0,siteB
0.0,0.0,siteB
0.0,0.0,siteB
0.0,0.0,siteB
0.0,0.0,siteB
0.0,0.0,siteB
0.0,0.0,siteB
0.0,0.0,siteB
0.0,0.0,siteB
0.0,0.0,siteB
0.0,0.0,siteB
0.0,0.0,siteB
0.0,0.0,siteB
0.0,0.0,siteB
0.0,0.0,siteB
0.0,0.0,siteB
0.0,0.0,siteB
0.0,0.0,siteB
0.0,0.0,siteB
0.0,0.0,siteB
0.0,0.0,siteB
0.0,0.0,siteB
0.0,0.0,siteB
0.0,0.0,siteB
0.0,0.0,siteB
0.0,0.0,siteB
0.0,0.0,siteB
0.0,0.0,siteB
0.0,0.0,siteB
0.0,0.0,siteB
0.0,0.0,siteB
0.0,0.0,siteB
0.0,0.0,siteB
0.0,0.0,siteB
0.0,0.0,siteB
0.0,0.0,siteB
0.0,0.0,siteB
0.0,0.0,siteB
0.0,0.0,siteB
0.0,0.0,siteB
0.0,0.0,siteB
0.0,0.0,siteB
0.0,0.0,siteB
0.0,0.0,siteB
0.0,0.0,siteB
0.0,0.0,siteB
0.0,0.0,siteB
0.0,0.0,siteB
0.0,0.0,siteB
0.0,0.0,siteB
0.0,0.0,siteB
0.0,0.0,siteB
0.0,0.0,siteB
0.0,0.0,siteB
0.0,0.0,siteB
0.0,0.0,siteB
0.0,0.0,siteB
0.0,0.0,siteB
0.0,0.0,siteB
0.0,0.0,siteB
0.0,0.0,siteB
0.0,0.0,siteB
0.0,0.0,siteB
0.0,0.0,siteB
0.0,0.0,siteB
0.0,0.0,siteB
0.0,0.0,siteB
0.0,0.0,siteB
0.0,0.0,siteB
0.0,0.0,siteB
0.0,0.0,siteB
0.0,0.0,siteB
0.0,0.0,siteB
0.0,0.0,siteB
0.0,0.0,siteB
0.0,0.0,siteB
0.0,0.0,siteB
0.0,0.0,siteB
0.0,0.0,siteB
0.0,0.0,siteB
0.0,0.0,siteB
0.0,0.0,siteB
0.0,0.0,siteB
0.0,0.0,siteB
0.0,0.0,siteB
0.0,0.0,siteB
0.0,0.0,siteB
0.0,0.0,siteB
0.0,0.0,siteB
0.0,0.0,siteB
0.0,0.0,siteB
0.0,0.0,siteB
0.0,0.0,siteB
0.0,0.0,siteB
0.0,0.0,siteB
0.0,0.0,siteB
0.0,0.0,siteB
0.0,0.0,siteB
0.0,0.0,siteB
0.0,0.0,siteB
0.0,0.0,siteB
0.0,0.0,siteB
0.0,0.0,siteB
0.0,0.0,siteB
0.0,0.0,siteB
0.0,0.0,siteB
0.0,0.0,siteB
0.0,0.0,siteB
0.0,0.0,siteB
0.0,0.0,siteB
0.0,0.0,siteB
0.0,0.0,siteB
0.0,0.0,siteB
0.0,0.0,siteB
0.0,0.0,siteB
0.0,0.0,siteB
0.0,0.0,siteB
0.0,0.0,siteB
0.0,0.0,siteB
0.0,0.0,siteB
0.0,0.0,siteB
0.0,0.0,siteB
0.0,0.0,siteB
0.0,0.0,siteB
0.0,0.0,siteB
0.0,0.0,siteB
0.0,0.0,siteB
0.0,0.0,siteB
0.0,0.0,siteB
0.0,0.0,siteB
0.0,0.0,siteB
0.0,0.0,siteB
0.0,0.0,siteB
0.0,0.0,siteB
0.0,0.0,siteB
0.0,0.0,siteB
0.0,0.0,siteB
0.0,0.0,siteB
0.0,0.0,siteB
0.0,0.0,siteB
0.0,0.0,siteB
0.0,0.0,siteB
0.0,0.0,siteB
0.0,0.0,siteB
0.0,0.0,siteB
0.0,0.0,siteB
0.0,0.0,siteB
0.0,0.0,siteB
0.0,0.0,siteB
0.0,0.0,siteB
0.0,0.0,siteB
0.0,0.0,siteB
0.0,0.0,siteB
0.0,0.0,siteB
0.0,0.0,siteB
0.0,0.0,siteB
0.0,0.0,siteB
0.0,0.0,siteB
0.0,0.0,siteB
0.0,0.0,siteB
0.0,0.0,siteB
0.0,0.0,siteB
0.0,0.0,siteB
0.0,0.0,siteB
0.0,0.0,siteB
0.0,0.0,siteB
0.0,0.0,siteB
0.0,0.0,siteB
0.0,0.0,siteB
0.0,0.0,siteB
0.0,0.0,siteB
0.0,0.0,siteB
0.0,0.0,siteB
0.0,0.0,siteB
0.0,0.0,siteB
0.0,0.0,siteB
0.0,0.0,siteB
0.0,0.0,siteB
0.0,0.0,siteB
0.0,0.0,siteB
0.0,0.0,siteB
0.0,0.0,siteB
0.0,0.0,siteB
0.0,0.0,siteB
0.0,0.0,siteB
0.0,0.0,siteB
0.0,0.0,siteB
0.0,0.0,siteB
0.0,0.0,siteB
0.0,0.0,siteB
0.0,0.0,siteB
0.0,0.0,siteB
0.0,0.0,siteB
0.0,0.0,siteB
0.0,0.0,siteB
0.0,0.0,siteB
0.0,0.0,siteB
0.0,0.0,siteB
0.0,0.0,siteB
0.0,0.0,siteB
0.0,0.0,siteB
0.0,0.0,siteB
0.0,0.0,siteB
0.0,0.0,siteB
0.0,0.0,siteB
0.0,0.0,siteB
0.0,0.0,siteB
0.0,0.0,siteB
0.0,0.0,siteB
0.0,0.0,siteB
0.0,0.0,siteB
0.0,0.0,siteB
0.0,0.0,siteB
0.0,0.0,siteB
0.0,0.0,siteB
0.0,0.0,siteB
0.0,0.0,siteB
0.0,0.0,siteB
0.0,0.0,siteB
0.0,0.0,siteB
0.0,0.0,siteB
0.0,0.0,siteB
0.0,0.0,siteB
0.0,0.0,siteB
0.0,0.0,siteB
0.0,0.0,siteB
0.0,0.0,siteB
0.0,0.0,siteB
0.0,0.0,siteB
0.0,0.0,siteB
0.0,0.0,siteB
0.0,0.0,siteB
0.0,0.0,siteB
0.0,0.0,siteB
0.0,0.0,siteB
0.0,0.0,siteB
0.0,0.0,siteB
0.0,0.0,siteB
0.0,0.0,siteB
0.0,0.0,siteB
0.0,0.0,siteB
0.0,0.0,siteB
0.0,0.0,siteB
0.0,0.0,siteB
0.0,0.0,siteB
0.0,0.0,siteB
0.0,0.0,siteB
0.0,0.0,siteB
0.0,0.0,siteB
0.0,0.0,siteB
0.0,0.0,siteB
0.0,0.0,siteB
0.0,0.0,siteB
0.0,0.0,siteB
0.0,0.0,siteB
0.0,0.0,siteB
0.0,0.0,siteB
0.0,0.0,siteB
0.0,0.0,siteB
0.0,0.0,siteB
0.0,0.0,siteB
0.0,0.0,siteB
0.0,0.0,siteB
0.0,0.0,siteB
0.0,0.0,siteB
0.0,0.0,siteB
0.0,0.0,siteB
0.0,0.0,siteB
0.0,0.0,siteB
0.0,0.0,siteB
0.0,0.0,siteB
0.0,0.0,siteB
0.0,0.0,siteB
0.0,0.0,siteB
0.0,0.0,siteB
0.0,0.0,siteB
0.0,0.0,siteB
0.0,0.0,siteB
0.0,0.0,siteB
0.0,0.0,siteB
0.0,0.0,siteB
0.0,0.0,siteB
0.0,0.0,siteB
0.0,0.0,siteB
0.0,0.0,siteB
0.0,0.0,siteB
0.0,0.0,siteB
0.0,0.0,siteB
0.0,0.0,siteB
0.0,0.0,siteB
0.0,0.0,siteB
0.0,0.0,siteB
0.0,0.0,siteB
0.0,0.0,siteB
0.0,0.0,siteB
0.0,0.0,siteB
0.0,0.0,siteB
0.0,0.0,siteB
0.0,0.0,siteB
0.0,0.0,siteB
0.0,0.0,siteB
0.0,0.0,siteB
0.0,0.0,siteB
0.0,0.0,siteB
0.0,0.0,siteB
0.0,0.0,siteB
0.0,0.0,siteB
0.0,0.0,siteB
0.0,0.0,siteB
0.0,0.0,siteB
0.0,0.0,siteB
0.0,0.0,siteB
0.0,0.0,siteB
0.0,0.0,siteB
0.0,0.0,siteB
0.0,0.0,siteB
0.0,0.0,siteB
0.0,0.0,siteB
0.0,0.0,siteB
0.0,0.0,siteB
0.0,0.0,siteB
0.0,0.0,siteB
0.0,0.0,siteB
0.0,0.0,siteB
0.0,0.0,siteB
0.0,0.0,siteB
0.0,0.0,siteB
0.0,0.0,siteB
0.0,0.0,siteB
0.0,0.0,siteB
0.0,0.0,siteB
0.0,0.0,siteB
0.0,0.0,siteB
0.0,0.0,siteB
0.0,0.0,siteB
0.0,0.0,siteB
0.0,0.0,siteB
0.0,0.0,siteB
0.0,0.0,siteB
0.0,0.0,siteB
0.0,0.0,siteB
0.0,0.0,siteB
0.0,0.0,siteB
0.0,0.0,siteB
0.0,0.0,siteB
0.0,0.0,siteB
0.0,0.0,siteB
0.0,0.0,siteB
0.0,0.0,siteB
0.0,0.0,siteB
0.0,0.0,siteB
0.0,0.0,siteB
0.0,0.0,siteB
0.0,0.0,siteB
0.0,0.0,siteB
0.0,0.0,siteB
0.0,0.0,siteB
0.0,0.0,siteB
0.0,0.0,siteB
0.0,0.0,siteB
0.0,0.0,siteB
0.0,0.0,siteB
0.0,0.0,siteB
0.0,0.0,siteB
0.0,0.0,siteB
0.0,0.0,siteB
0.0,0.0,siteB
0.0,0.0,siteB
0.0,0.0,siteB
0.0,0.0,siteB
0.0,0.0,siteB
0.0,0.0,siteB
0.0,0.0,siteB
0.0,0.0,siteB
0.0,0.0,siteB
0.0,0.0,siteB
0.0,0.0,siteB
0.0,0.0,siteB
0.0,0.0,siteB
0.0,0.0,siteB
0.0,0.0,siteB
0.0,0.0,siteB
0.0,0.0,siteB
0.0,0.0,siteB
0.0,0.0,siteB
0.0,0.0,siteB
0.0,0.0,siteB
0.0,0.0,siteB
0.0,0.0,siteB
0.0,0.0,siteB
0.0,0.0,siteB
0.0,0.0,siteB
0.0,0.0,siteB
0.0,0.0,siteB
0.0,0.47684216088077186,siteB
0.0,0.4874285789071898,siteB
1.81,6.114319050735557,siteB
2.44,4.5343143181853955,siteB
0.04,3.9325800253756698,siteB
3.91,-0.7028208711263512,siteB
3.0,-1.2056354210304938,siteB
3.0,-1.0642457059770292,siteB
-0.06,-1.7263019068417256,siteB
-7.39,-1.407295212421021,siteB
-5.64,-1.2792172955918337,siteB
-3.1,-0.9951837105657497,siteB
-3.11,-0.7810325594830008,siteB
-3.33,-0.6864024355655238,siteB
-3.96,-2.1590943923829315,siteB
-3.17,-1.8423208209421882,siteB
-4.09,-1.8256755919990186,siteB
-3.26,-1.8991138223365056,siteB
-4.01,-1.7392191038735667,siteB
-3.45,-1.818529483966183,siteB
-4.12,-1.7539431334155764,siteB
-3.67,-1.771087988677702,siteB
-4.24,-1.8377592078343628,siteB
-3.35,-1.8656842552651456,siteB
-4.32,-1.9406968985054058,siteB
-3.5,-2.0057000031966963,siteB
-4.33,-1.870785807453498,siteB
-3.61,-1.7853574242070567,siteB
-4.4,-1.7847011735824663,siteB
0.0,0.0,siteB
0.0,0.0,siteB
0.0,0.0,siteB
0.0,0.0,siteB
0.0,0.0,siteB
0.0,0.0,siteB
0.0,0.0,siteB
0.0,0.0,siteB
0.0,0.0,siteB
0.0,0.0,siteB
0.0,0.0,siteB
0.0,0.0,siteB
0.0,0.0,siteB
0.0,0.0,siteB
0.0,0.0,siteB
0.0,0.0,siteB
0.0,0.0,siteB
0.0,0.0,siteB
0.0,0.0,siteB
0.0,0.0,siteB
0.0,0.0,siteB
0.0,0.0,siteB
0.0,0.0,siteB
0.0,0.0,siteB
0.0,0.0,siteB
0.0,0.0,siteB
0.0,0.0,siteB
0.0,0.0,siteB
0.0,0.0,siteB
0.0,0.0,siteB
0.0,0.0,siteB
0.0,0.0,siteB
0.0,0.0,siteB
0.0,0.0,siteB
0.0,0.0,siteB
0.0,0.0,siteB
0.0,0.0,siteB
0.0,0.0,siteB
0.0,0.0,siteB
0.0,0.0,siteB
0.0,0.0,siteB
0.0,0.0,siteB
0.0,0.0,siteB
0.0,0.0,siteB
0.0,0.0,siteB
0.0,0.0,siteB
0.0,0.0,siteB
0.0,0.0,siteB
0.0,0.0,siteB
0.0,0.0,siteB
0.0,0.0,siteB
0.0,0.0,siteB
0.0,0.0,siteB
0.0,0.0,siteB
0.0,0.0,siteB
0.0,0.0,siteB
0.0,0.0,siteB
0.0,0.0,siteB
0.0,0.0,siteB
0.0,0.0,siteB
0.0,0.0,siteB
0.0,0.0,siteB
0.0,0.0,siteB
0.0,0.0,siteB
0.0,0.0,siteB
0.0,0.0,siteB
0.0,0.0,siteB
0.0,0.0,siteB
0.0,0.0,siteB
0.0,0.0,siteB
0.0,0.0,siteB
0.0,0.0,siteB
0.0,0.0,siteB
0.0,0.0,siteB
0.0,0.0,siteB
0.0,0.0,siteB
0.0,0.0,siteB
0.0,0.0,siteB
0.0,0.0,siteB
0.0,0.0,siteB
0.0,0.0,siteB
0.0,0.0,siteB
0.0,0.0,siteB
0.0,0.0,siteB
0.0,0.0,siteB
0.0,0.0,siteB
0.0,0.0,siteB
0.0,0.0,siteB
0.0,0.0,siteB
0.0,0.0,siteB
0.0,0.0,siteB
0.0,0.0,siteB
0.0,0.0,siteB
0.0,0.0,siteB
0.0,0.0,siteB
0.0,0.0,siteB
0.0,0.0,siteB
0.0,0.0,siteB
0.0,0.0,siteB
0.0,0.0,siteB
0.0,0.0,siteB
0.0,0.0,siteB
0.0,0.0,siteB
0.0,0.0,siteB
0.0,0.0,siteB
0.0,0.0,siteB
0.0,0.0,siteB
0.0,0.0,siteB
0.0,0.0,siteB
0.0,0.0,siteB
0.0,0.0,siteB
0.0,0.0,siteB
0.0,0.0,siteB
0.0,0.0,siteB
0.0,0.0,siteB
0.0,0.0,siteB
0.0,0.0,siteB
0.0,0.0,siteB
0.0,0.0,siteB
0.0,0.0,siteB
0.0,0.0,siteB
0.0,0.0,siteB
0.0,0.0,siteB
0.0,0.0,siteB
0.0,0.0,siteB
0.0,0.0,siteB
0.0,0.0,siteB
0.0,0.0,siteB
0.0,0.0,siteB
0.0,0.0,siteB
0.0,0.0,siteB
0.0,0.0,siteB
0.0,0.0,siteB
0.0,0.0,siteB
4.39,3.118992162368074,siteB
4.89,4.807978162837476,siteB
12.05,13.017212080777986,siteB
7.62,8.234532188630654,siteB
5.37,7.444992639714084,siteB
6.28,5.801182438988889,siteB
10.68,10.390463004063651,siteB
7.88,4.6662379332503905,siteB
6.21,4.123959375779594,siteB
1.75,3.901964609681684,siteB
5.69,4.311425072255751,siteB
7.26,4.487945987280266,siteB
4.24,3.973073474703689,siteB
7.8,6.392398248373574,siteB
7.3,5.325319046326343,siteB
5.01,4.608529450362735,siteB
8.02,4.957691028278428,siteB
5.4,4.266634451866218,siteB
6.49,4.14649175975813,siteB
9.12,5.377397550812054,siteB
13.07,7.153330469240806,siteB
1.33,4.036134469293035,siteB
6.7,5.208087635495742,siteB
6.38,4.761577654874509,siteB
9.48,6.370442910225737,siteB
0.0,0.0,siteB
0.0,0.0,siteB
0.0,0.0,siteB
0.0,0.0,siteB
0.0,0.0,siteB
0.0,0.0,siteB
0.0,0.0,siteB
0.0,0.0,siteB
0.0,0.0,siteB
0.0,0.0,siteB
0.0,0.0,siteB
0.0,0.0,siteB
0.0,0.0,siteB
0.0,0.0,siteB
0.0,0.0,siteB
0.0,0.0,siteB
0.0,0.0,siteB
0.0,0.0,siteB
0.0,0.0,siteB
0.0,0.0,siteB
0.0,0.0,siteB
0.0,0.0,siteB
0.0,0.0,siteB
0.0,0.0,siteB
0.0,0.0,siteB
0.0,0.0,siteB
0.0,0.0,siteB
0.0,0.0,siteB
0.0,0.0,siteB
0.0,0.0,siteB
0.0,0.0,siteB
0.0,0.0,siteB
0.0,0.0,siteB
0.0,0.0,siteB
0.0,0.0,siteB
0.0,0.0,siteB
0.0,0.0,siteB
0.0,0.0,siteB
0.0,0.0,siteB
0.0,0.0,siteB
0.0,0.0,siteB
0.0,0.0,siteB
0.0,0.0,siteB
0.0,0.0,siteB
0.0,0.0,siteB
0.0,0.0,siteB
0.0,0.0,siteB
0.0,0.0,siteB
0.0,0.0,siteB
0.0,0.0,siteB
0.0,0.0,siteB
0.0,0.0,siteB
0.0,0.0,siteB
0.0,0.0,siteB
0.0,0.0,siteB
0.0,0.0,siteB
0.0,0.0,siteB
0.0,0.0,siteB
0.0,0.0,siteB
0.0,0.0,siteB
0.0,0.0,siteB
0.0,0.0,siteB
0.0,0.0,siteB
0.0,0.0,siteB
0.0,0.0,siteB
0.0,0.0,siteB
0.0,0.0,siteB
0.0,0.0,siteB
0.0,0.0,siteB
0.0,0.0,siteB
0.0,0.0,siteB
0.0,0.0,siteB
0.0,0.0,siteB
0.0,0.0,siteB
0.0,0.0,siteB
0.0,0.0,siteB
1.09,6.4159402580440466,siteB
3.11,4.4332419397582985,siteB
0.55,3.5247332417290287,siteB
0.88,3.641941954742594,siteB
0.98,1.4909438952955938,siteB
1.44,1.09770377395824,siteB
0.13,0.044168041680971264,siteB
-0.23,-0.5276374050808729,siteB
-1.22,-0.4442111213402469,siteB
-3.6,-1.1598078806623655,siteB
-4.28,-1.0247318171976803,siteB
-3.96,-1.1185717431976054,siteB
-4.38,-0.8866557371611585,siteB
-4.4,-0.7746060422480858,siteB
3.05,3.8927760461246437,siteB
-0.2,0.9144346467938381,siteB
-0.87,-0.4854799526807614,siteB
-2.66,0.6624686031561032,siteB
0.45,-1.3358794842000086,siteB
-1.89,-1.12247609496655,siteB
-3.04,-0.7908024788545642,siteB
-0.46,-0.8851417318020531,siteB
-1.57,-0.6960681719092168,siteB
0.28,-0.7215475198454223,siteB
-1.22,-0.7996925329548054,siteB
2.53,1.0903184409606268,siteB
-2.56,-1.8359688816929247,siteB
3.54,1.2438164734650452,siteB
-2.21,-1.515339276271114,siteB
-3.01,0.05050049463751465,siteB
0.0,0.0,siteB
0.0,0.0,siteB
0.0,0.0,siteB
0.0,0.0,siteB
0.0,0.0,siteB
0.0,0.0,siteB
0.0,0.0,siteB
0.0,0.0,siteB
0.0,0.0,siteB
0.0,0.0,siteB
0.0,0.0,siteB
0.0,0.0,siteB
0.0,0.0,siteB
0.0,0.0,siteB
0.0,0.0,siteB
0.0,0.0,siteB
0.0,0.0,siteB
0.0,0.0,siteB
0.0,0.0,siteB
0.0,0.0,siteB
0.0,0.0,siteB
0.0,0.0,siteB
0.0,0.0,siteB
0.0,0.0,siteB
0.0,0.0,siteB
0.0,0.0,siteB
0.0,0.0,siteB
0.0,0.0,siteB
0.0,0.0,siteB
0.0,0.0,siteB
0.0,0.0,siteB
0.0,0.0,siteB
0.0,0.0,siteB
0.0,0.0,siteB
0.0,0.0,siteB
0.0,0.0,siteB
0.0,0.0,siteB
0.0,0.0,siteB
0.0,0.0,siteB
0.0,0.0,siteB
0.0,0.0,siteB
0.0,0.0,siteB
0.0,0.0,siteB
0.0,0.0,siteB
0.0,0.0,siteB
0.0,0.0,siteB
0.0,0.0,siteB
0.0,0.0,siteB
0.0,0.0,siteB
0.0,0.0,siteB
0.0,0.0,siteB
0.0,0.0,siteB
0.0,0.0,siteB
0.0,0.0,siteB
0.0,0.0,siteB
0.0,0.0,siteB
0.0,0.0,siteB
0.0,0.0,siteB
0.0,0.0,siteB
0.0,0.0,siteB
0.0,0.0,siteB
0.0,0.0,siteB
0.0,0.0,siteB
0.0,0.0,siteB
0.0,0.0,siteB
0.0,0.0,siteB
0.0,0.0,siteB
0.0,0.0,siteB
0.0,0.0,siteB
0.0,0.0,siteB
0.0,0.0,siteB
0.0,0.0,siteB
0.0,0.0,siteB
0.0,0.0,siteB
0.0,0.0,siteB
0.0,0.0,siteB
0.0,0.0,siteB
0.0,0.0,siteB
0.0,0.0,siteB
0.0,0.0,siteB
0.0,0.0,siteB
0.0,0.0,siteB
0.0,0.0,siteB
0.0,0.0,siteB
0.0,0.0,siteB
0.0,0.0,siteB
0.0,0.0,siteB
0.0,0.0,siteB
0.0,0.0,siteB
0.0,0.0,siteB
0.0,0.0,siteB
0.0,0.0,siteB
0.0,0.0,siteB
0.0,0.0,siteB
0.0,0.0,siteB
0.0,0.0,siteB
0.0,0.0,siteB
0.0,0.0,siteB
0.0,0.0,siteB
0.0,0.0,siteB
0.0,0.0,siteB
0.0,0.0,siteB
0.0,0.0,siteB
0.0,0.0,siteB
0.0,0.0,siteB
0.0,0.0,siteB
0.0,0.0,siteB
0.0,0.0,siteB
0.0,0.0,siteB
0.0,0.0,siteB
0.0,0.0,siteB
0.0,0.0,siteB
0.0,0.0,siteB
0.0,0.0,siteB
0.0,0.0,siteB
0.0,0.0,siteB
0.0,0.0,siteB
0.0,0.0,siteB
0.0,0.0,siteB
0.0,0.0,siteB
0.0,0.0,siteB
0.0,0.0,siteB
0.0,0.0,siteB
0.0,0.0,siteB
0.0,0.0,siteB
0.0,0.0,siteB
0.0,0.0,siteB
0.0,0.0,siteB
0.0,0.0,siteB
0.0,0.0,siteB
0.0,0.0,siteB
0.0,0.0,siteB
0.0,0.0,siteB
0.0,0.0,siteB
0.0,0.0,siteB
0.0,0.0,siteB
0.0,0.0,siteB
0.0,0.0,siteB
0.0,0.0,siteB
0.0,0.0,siteB
0.0,0.0,siteB
0.0,0.0,siteB
0.0,0.0,siteB
0.0,0.0,siteB
0.0,0.0,siteB
0.0,0.0,siteB
0.0,0.0,siteB
0.0,0.0,siteB
0.0,0.0,siteB
0.0,0.0,siteB
0.0,0.0,siteB
0.0,0.0,siteB
0.0,0.0,siteB
0.0,0.0,siteB
0.0,0.0,siteB
0.0,0.0,siteB
0.0,0.0,siteB
0.0,0.0,siteB
0.0,0.0,siteB
0.0,0.0,siteB
0.0,0.0,siteB
0.0,0.0,siteB
0.0,0.0,siteB
0.0,0.0,siteB
0.0,0.0,siteB
0.0,0.0,siteB
0.0,0.0,siteB
0.0,0.0,siteB
0.0,0.0,siteB
0.0,0.0,siteB
0.0,0.0,siteB
0.0,0.0,siteB
0.0,0.0,siteB
0.0,0.0,siteB
0.0,0.0,siteB
0.0,0.0,siteB
0.0,0.0,siteB
0.0,0.0,siteB
0.0,0.0,siteB
0.0,0.0,siteB
0.0,0.0,siteB
0.0,0.0,siteB
0.0,0.0,siteB
0.0,0.0,siteB
0.0,0.0,siteB
0.0,0.0,siteB
0.0,0.0,siteB
0.0,0.0,siteB
0.0,0.0,siteB
0.0,0.0,siteB
0.0,0.0,siteB
0.0,0.0,siteB
0.0,0.0,siteB
0.0,0.0,siteB
0.0,0.0,siteB
0.0,0.0,siteB
0.0,0.0,siteB
0.0,0.0,siteB
0.0,0.0,siteB
0.0,0.0,siteB
0.0,0.0,siteB
0.0,0.0,siteB
0.0,0.0,siteB
0.0,0.0,siteB
0.0,0.0,siteB
0.0,0.0,siteB
0.0,0.0,siteB
0.0,0.0,siteB
0.0,0.0,siteB
0.0,0.0,siteB
0.0,0.0,siteB
0.0,0.0,siteB
0.0,0.0,siteB
0.0,0.0,siteB
0.0,0.0,siteB
0.0,0.0,siteB
0.0,0.0,siteB
0.0,0.0,siteB
0.0,0.0,siteB
0.0,0.0,siteB
0.0,0.0,siteB
0.0,0.0,siteB
0.0,0.0,siteB
0.0,0.0,siteB
0.0,0.0,siteB
0.0,0.0,siteB
0.0,0.0,siteB
0.0,0.0,siteB
0.0,0.0,siteB
0.0,0.0,siteB
0.0,0.0,siteB
0.0,0.0,siteB
0.0,0.0,siteB
0.0,0.0,siteB
0.0,0.0,siteB
0.0,0.0,siteB
0.0,0.0,siteB
0.0,0.0,siteB
0.0,0.0,siteB
0.0,0.0,siteB
0.0,0.0,siteB
0.0,0.0,siteB
0.0,0.0,siteB
0.0,0.0,siteB
0.0,0.0,siteB
0.0,0.0,siteB
0.0,0.0,siteB
0.0,0.0,siteB
0.0,0.0,siteB
0.0,0.0,siteB
0.0,0.0,siteB
0.0,0.0,siteB
0.0,0.0,siteB
0.0,0.0,siteB
0.0,0.0,siteB
0.0,0.0,siteB
0.0,0.0,siteB
0.0,0.0,siteB
0.0,0.0,siteB
0.0,0.0,siteB
0.0,0.0,siteB
0.0,0.0,siteB
0.0,0.0,siteB
0.0,0.0,siteB
0.0,0.0,siteB
0.0,0.0,siteB
0.0,0.0,siteB
0.0,0.0,siteB
0.0,0.0,siteB
0.0,0.0,siteB
0.0,0.0,siteB
0.0,0.0,siteB
0.0,0.0,siteB
0.0,0.0,siteB
0.0,0.0,siteB
0.0,0.0,siteB
0.0,0.0,siteB
0.0,0.0,siteB
0.0,0.0,siteB
0.0,0.0,siteB
0.0,0.0,siteB
0.0,0.0,siteB
0.0,0.0,siteB
0.0,0.0,siteB
0.0,0.0,siteB
0.0,0.0,siteB
0.0,0.0,siteB
0.0,0.0,siteB
0.0,0.0,siteB
0.0,0.0,siteB
0.0,0.0,siteB
0.0,0.0,siteB
0.0,0.0,siteB
0.0,0.0,siteB
0.0,0.0,siteB
0.0,0.0,siteB
0.0,0.0,siteB
0.0,0.0,siteB
0.0,0.0,siteB
0.0,0.0,siteB
0.0,0.0,siteB
0.0,0.0,siteB
0.0,0.0,siteB
0.0,0.0,siteB
0.0,0.0,siteB
0.0,0.0,siteB
0.0,0.0,siteB
0.0,0.0,siteB
0.0,0.0,siteB
0.0,0.0,siteB
0.0,0.0,siteB
0.0,0.0,siteB
0.0,0.0,siteB
0.0,0.0,siteB
0.0,0.0,siteB
0.0,0.0,siteB
0.0,0.0,siteB
0.0,0.0,siteB
0.0,0.0,siteB
0.0,0.0,siteB
0.0,0.0,siteB
0.0,0.0,siteB
0.0,0.0,siteB
0.0,0.0,siteB
0.0,0.0,siteB
0.0,0.0,siteB
0.0,0.0,siteB
0.0,0.0,siteB
0.0,0.0,siteB
0.0,0.0,siteB
0.0,0.0,siteB
0.0,0.0,siteB
0.0,0.0,siteB
0.0,0.0,siteB
0.0,0.0,siteB
0.0,0.0,siteB
0.0,0.0,siteB
0.0,0.0,siteB
0.0,0.0,siteB
0.0,0.0,siteB
0.0,0.0,siteB
0.0,0.0,siteB
0.0,0.0,siteB
0.0,0.0,siteB
0.0,0.0,siteB
0.0,0.0,siteB
0.0,0.0,siteB
0.0,0.0,siteB
0.0,0.0,siteB
0.0,0.0,siteB
0.0,0.0,siteB
0.0,0.0,siteB
0.0,0.0,siteB
0.0,0.0,siteB
0.0,0.0,siteB
0.0,0.0,siteB
0.0,0.0,siteB
0.0,0.0,siteB
0.0,0.0,siteB
0.0,0.0,siteB
0.0,0.0,siteB
0.0,0.0,siteB
0.0,0.0,siteB
0.0,0.0,siteB
0.0,0.0,siteB
0.0,0.0,siteB
0.0,0.0,siteB
0.0,0.0,siteB
0.0,0.0,siteB
0.0,0.0,siteB
0.0,0.0,siteB
0.0,0.0,siteB
0.0,0.0,siteB
0.0,0.0,siteB
0.0,0.0,siteB
0.0,0.0,siteB
0.0,0.0,siteB
0.0,0.0,siteB
0.0,0.0,siteB
0.0,0.0,siteB
0.0,0.0,siteB
0.0,0.0,siteB
0.0,0.0,siteB
0.0,0.0,siteB
0.0,0.0,siteB
0.0,0.0,siteB
0.0,0.0,siteB
0.0,0.0,siteB
0.0,0.0,siteB
0.0,0.0,siteB
0.0,0.0,siteB
0.0,0.0,siteB
0.0,0.0,siteB
0.0,0.0,siteB
0.0,0.0,siteB
0.0,0.0,siteB
0.0,0.0,siteB
0.0,0.0,siteB
0.0,0.0,siteB
0.0,0.0,siteB
0.0,0.0,siteB
0.0,0.0,siteB
0.0,0.0,siteB
0.0,0.0,siteB
0.0,0.0,siteB
0.0,0.0,siteB
0.0,0.0,siteB
0.0,0.0,siteB
0.0,0.0,siteB
0.0,0.0,siteB
0.0,0.0,siteB
0.0,0.0,siteB
0.0,0.0,siteB
0.0,0.0,siteB
0.0,0.0,siteB
0.0,0.0,siteB
0.0,0.0,siteB
0.0,0.0,siteB
0.0,0.0,siteB
0.0,0.0,siteB
0.0,0.0,siteB
0.0,0.0,siteB
0.0,0.0,siteB
0.0,0.0,siteB
0.0,0.0,siteB
0.0,0.0,siteB
0.0,0.0,siteB
0.0,0.0,siteB
0.0,0.0,siteB
0.0,0.0,siteB
0.0,0.0,siteB
0.0,0.0,siteB
0.0,0.0,siteB
0.0,0.0,siteB
0.0,0.0,siteB
0.0,0.0,siteB
0.0,0.0,siteB
0.0,0.0,siteB
0.0,0.0,siteB
0.0,0.0,siteB
0.0,0.0,siteB
0.0,0.0,siteB
0.0,0.0,siteB
0.0,0.0,siteB
0.0,0.0,siteB
0.0,0.0,siteB
0.0,0.0,siteB
0.0,0.0,siteB
0.0,0.0,siteB
0.0,0.0,siteB
0.0,0.0,siteB
0.0,0.0,siteB
0.0,0.0,siteB
0.0,0.0,siteB
0.0,0.0,siteB
0.0,0.0,siteB
0.0,0.0,siteB
0.0,0.0,siteB
0.0,0.0,siteB
0.0,0.0,siteB
0.0,0.0,siteB
0.0,0.0,siteB
0.0,0.0,siteB
0.0,0.0,siteB
0.0,0.0,siteB
0.0,0.0,siteB
0.0,0.0,siteB
0.0,0.0,siteB
0.0,0.0,siteB
0.0,0.0,siteB
0.0,0.0,siteB
0.0,0.0,siteB
0.0,0.0,siteB
0.0,0.0,siteB
0.0,0.0,siteB
0.0,0.0,siteB
0.0,0.0,siteB
0.0,0.0,siteB
0.0,0.0,siteB
0.0,0.0,siteB
0.0,0.0,siteB
0.0,0.0,siteB
0.0,0.0,siteB
0.0,0.0,siteB
0.0,0.0,siteB
0.0,0.0,siteB
0.0,0.0,siteB
0.0,0.0,siteB
0.0,0.0,siteB
0.0,0.0,siteB
0.0,0.0,siteB
0.0,0.0,siteB
0.0,0.0,siteB
0.0,0.0,siteB
0.0,0.0,siteB
0.0,0.0,siteB
0.0,0.0,siteB
0.0,0.0,siteB
0.0,0.0,siteB
0.0,0.0,siteB
0.0,0.0,siteB
0.0,0.0,siteB
0.0,0.0,siteB
0.0,0.0,siteB
0.0,0.0,siteB
0.0,0.0,siteB
0.0,0.0,siteB
0.0,0.0,siteB
0.0,0.0,siteB
0.0,0.0,siteB
0.0,0.0,siteB
0.0,0.0,siteB
0.0,0.0,siteB
0.0,0.0,siteB
0.0,0.0,siteB
0.0,0.0,siteB
0.0,0.0,siteB
0.0,0.0,siteB
0.0,0.0,siteB
0.0,0.0,siteB
0.0,0.0,siteB
0.0,0.0,siteB
0.0,0.0,siteB
0.0,0.0,siteB
0.0,0.0,siteB
0.0,0.0,siteB
0.0,0.0,siteB
0.0,0.0,siteB
0.0,0.0,siteB
0.0,0.0,siteB
0.0,0.0,siteB
0.0,0.0,siteB
0.0,0.0,siteB
0.0,0.0,siteB
0.0,0.0,siteB
0.0,0.0,siteB
0.0,0.0,siteB
0.0,0.0,siteB
0.0,0.0,siteB
0.0,0.0,siteB
0.0,0.0,siteB
0.0,0.0,siteB
0.0,0.0,siteB
0.0,0.0,siteB
0.0,0.0,siteB
0.0,0.0,siteB
0.0,0.0,siteB
0.0,0.0,siteB
0.0,0.0,siteB
0.0,0.0,siteB
0.0,0.0,siteB
0.0,0.0,siteB
0.0,0.0,siteB
0.0,0.0,siteB
0.0,0.0,siteB
0.0,0.0,siteB
0.0,0.0,siteB
0.0,0.0,siteB
0.0,0.0,siteB
0.0,0.0,siteB
0.0,0.0,siteB
0.0,0.0,siteB
0.0,0.0,siteB
0.0,0.0,siteB
0.0,0.0,siteB
0.0,0.0,siteB
0.0,0.0,siteB
0.0,0.0,siteB
0.0,0.0,siteB
0.0,0.0,siteB
0.0,0.0,siteB
0.0,0.0,siteB
0.0,0.0,siteB
0.0,0.0,siteB
0.0,0.0,siteB
0.0,0.0,siteB
0.0,0.0,siteB
0.0,0.0,siteB
0.0,0.0,siteB
0.0,0.0,siteB
0.0,0.0,siteB
0.0,0.0,siteB
0.0,0.0,siteB
0.0,0.0,siteB
0.0,0.0,siteB
0.0,0.0,siteB
0.0,0.0,siteB
0.0,0.0,siteB
0.0,0.0,siteB
0.0,0.0,siteB
0.0,0.0,siteB
0.0,0.0,siteB
0.0,0.0,siteB
0.0,0.0,siteB
0.0,0.0,siteB
0.0,0.0,siteB
0.0,0.0,siteB
0.0,0.0,siteB
0.0,0.0,siteB
0.0,0.0,siteB
0.0,0.0,siteB
0.0,0.0,siteB
0.0,0.0,siteB
0.0,0.0,siteB
0.0,0.0,siteB
0.0,0.0,siteB
0.0,0.0,siteB
0.0,0.0,siteB
0.0,0.0,siteB
0.0,0.0,siteB
0.0,0.0,siteB
0.0,0.0,siteB
0.0,0.0,siteB
0.0,0.0,siteB
0.0,0.0,siteB
0.0,0.0,siteB
0.0,0.0,siteB
0.0,0.0,siteB
0.0,0.0,siteB
0.0,0.0,siteB
0.0,0.0,siteB
0.0,0.0,siteB
0.0,0.0,siteB
0.0,0.0,siteB
0.0,0.0,siteB
0.0,0.0,siteB
0.0,0.0,siteB
0.0,0.0,siteB
0.0,0.0,siteB
0.0,0.0,siteB
0.0,0.0,siteB
0.0,0.0,siteB
0.0,0.0,siteB
0.0,0.0,siteB
0.0,0.0,siteB
0.0,0.0,siteB
0.0,0.0,siteB
0.0,0.0,siteB
0.0,0.0,siteB
0.0,0.0,siteB
0.0,0.0,siteB
0.0,0.0,siteB
0.0,0.0,siteB
0.0,0.0,siteB
0.0,0.0,siteB
0.0,0.0,siteB
0.0,0.0,siteB
0.0,0.0,siteB
0.0,0.0,siteB
0.0,0.0,siteB
0.0,0.0,siteB
0.0,0.0,siteB
0.0,0.0,siteB
0.0,0.0,siteB
0.0,0.0,siteB
0.0,0.0,siteB
0.0,0.0,siteB
0.0,0.0,siteB
0.0,0.0,siteB
0.0,0.0,siteB
0.0,0.0,siteB
0.0,0.0,siteB
0.0,0.0,siteB
0.0,0.0,siteB
0.0,0.0,siteB
0.0,0.0,siteB
0.0,0.0,siteB
0.0,0.0,siteB
0.0,0.0,siteB
0.0,0.0,siteB
0.0,0.0,siteB
0.0,0.0,siteB
0.0,0.0,siteB
0.0,0.0,siteB
0.0,0.0,siteB
0.0,0.0,siteB
0.0,0.0,siteB
0.0,0.0,siteB
0.0,0.0,siteB
0.0,0.0,siteB
0.0,0.0,siteB
0.0,0.0,siteB
0.0,0.0,siteB
0.0,0.0,siteB
0.0,0.0,siteB
0.0,0.0,siteB
0.0,0.0,siteB
0.0,0.0,siteB
0.0,0.0,siteB
0.0,0.0,siteB
0.0,0.0,siteB
0.0,0.0,siteB
0.0,0.0,siteB
0.0,0.0,siteB
0.0,0.0,siteB
0.0,0.0,siteB
0.0,0.0,siteB
0.0,0.0,siteB
0.0,0.0,siteB
0.0,0.0,siteB
0.0,0.0,siteB
0.0,0.0,siteB
0.0,0.0,siteB
0.0,0.0,siteB
0.0,0.0,siteB
0.0,0.0,siteB
0.0,0.0,siteB
0.0,0.0,siteB
0.0,0.0,siteB
0.0,0.0,siteB
0.0,0.0,siteB
0.0,0.0,siteB
0.0,0.0,siteB
0.0,0.0,siteB
0.0,0.0,siteB
0.0,0.0,siteB
0.0,0.0,siteB
0.0,0.0,siteB
0.0,0.0,siteB
0.0,0.0,siteB
0.0,0.0,siteB
0.0,0.0,siteB
0.0,0.0,siteB
0.0,0.0,siteB
0.0,0.0,siteB
0.0,0.0,siteB
0.0,0.0,siteB
0.0,0.0,siteB
0.0,0.0,siteB
0.0,0.0,siteB
0.0,0.0,siteB
0.0,0.0,siteB
0.0,0.0,siteB
0.0,0.0,siteB
0.0,0.0,siteB
0.0,0.0,siteB
0.0,0.0,siteB
0.0,0.0,siteB
0.0,0.0,siteB
0.0,0.0,siteB
0.0,0.0,siteB
0.0,0.0,siteB
0.0,0.0,siteB
0.0,0.0,siteB
0.0,0.0,siteB
0.0,0.0,siteB
0.0,0.0,siteB
0.0,0.0,siteB
0.0,0.0,siteB
0.0,0.0,siteB
0.0,0.0,siteB
0.0,0.0,siteB
0.0,0.0,siteB
0.0,0.0,siteB
0.0,0.0,siteB
0.0,0.0,siteB
0.0,0.0,siteB
0.0,0.0,siteB
0.0,0.0,siteB
0.0,0.0,siteB
0.0,0.0,siteB
0.0,0.0,siteB
0.0,0.0,siteB
0.0,0.0,siteB
0.0,0.0,siteB
0.0,0.0,siteB
0.0,0.0,siteB
0.0,0.0,siteB
0.0,0.0,siteB
0.0,0.0,siteB
0.0,0.0,siteB
0.0,0.0,siteB
0.0,0.0,siteB
0.0,0.0,siteB
0.0,0.0,siteB
0.0,0.0,siteB
0.0,0.0,siteB
0.0,0.0,siteB
0.0,0.0,siteB
0.0,0.0,siteB
0.0,0.0,siteB
0.0,0.0,siteB
0.0,0.0,siteB
0.0,0.0,siteB
0.0,0.0,siteB
0.0,0.0,siteB
0.0,0.0,siteB
0.0,0.0,siteB
0.0,0.0,siteB
0.0,0.0,siteB
0.0,0.0,siteB
0.0,0.0,siteB
0.0,0.0,siteB
0.0,0.0,siteB
0.0,0.0,siteB
0.0,0.0,siteB
0.0,0.0,siteB
0.0,0.0,siteB
0.0,0.0,siteB
0.0,0.0,siteB
0.0,0.0,siteB
0.0,0.0,siteB
0.0,0.0,siteB
0.0,0.0,siteB
0.0,0.0,siteB
0.0,0.0,siteB
0.0,0.0,siteB
0.0,0.0,siteB
0.0,0.0,siteB
0.0,0.0,siteB
0.0,0.0,siteB
0.0,0.0,siteB
0.0,0.0,siteB
0.0,0.0,siteB
0.0,0.0,siteB
0.0,0.0,siteB
0.0,0.0,siteB
0.0,0.0,siteB
0.0,0.0,siteB
0.0,0.0,siteB
0.0,0.0,siteB
0.0,0.0,siteB
0.0,0.0,siteB
0.0,0.0,siteB
0.0,0.0,siteB
0.0,0.0,siteB
0.0,0.0,siteB
0.0,0.0,siteB
0.0,0.0,siteB
0.0,0.0,siteB
0.0,0.0,siteB
0.0,0.0,siteB
0.0,0.0,siteB
0.0,0.0,siteB
0.0,0.0,siteB
0.0,0.0,siteB
0.0,0.0,siteB
0.0,0.0,siteB
0.0,0.0,siteB
0.0,0.0,siteB
0.0,0.0,siteB
0.0,0.0,siteB
0.0,0.0,siteB
0.0,0.0,siteB
0.0,0.0,siteB
0.0,0.0,siteB
0.0,0.0,siteB
0.0,0.0,siteB
0.0,0.0,siteB
0.0,0.0,siteB
0.0,0.0,siteB
0.0,0.0,siteB
0.0,0.0,siteB
0.0,0.0,siteB
0.0,0.0,siteB
0.0,0.0,siteB
0.0,0.0,siteB
0.0,0.0,siteB
0.0,0.0,siteB
0.0,0.0,siteB
0.0,0.0,siteB
0.0,0.0,siteB
0.0,0.0,siteB
0.0,0.0,siteB
0.0,0.0,siteB
0.0,0.0,siteB
0.0,0.0,siteB
0.0,0.0,siteB
0.0,0.0,siteB
0.0,0.0,siteB
0.0,0.0,siteB
0.0,0.0,siteB
0.0,0.0,siteB
0.0,0.0,siteB
0.0,0.0,siteB
0.0,0.0,siteB
0.0,0.0,siteB
0.0,0.0,siteB
0.0,0.0,siteB
0.0,0.0,siteB
0.0,0.0,siteB
0.0,0.0,siteB
0.0,0.0,siteB
0.0,0.0,siteB
0.0,0.0,siteB
0.0,0.0,siteB
0.0,0.0,siteB
0.0,0.0,siteB
0.0,0.0,siteB
0.0,0.0,siteB
0.0,0.0,siteB
0.0,0.0,siteB
0.0,0.0,siteB
0.0,0.0,siteB
0.0,0.0,siteB
0.0,0.0,siteB
0.0,0.0,siteB
0.0,0.0,siteB
0.0,0.0,siteB
0.0,0.0,siteB
0.0,0.0,siteB
0.0,0.0,siteB
0.0,0.0,siteB
0.0,0.0,siteB
0.0,0.0,siteB
0.0,0.0,siteB
0.0,0.0,siteB
0.0,0.0,siteB
0.0,0.0,siteB
0.0,0.0,siteB
0.0,0.0,siteB
0.0,0.0,siteB
0.0,0.0,siteB
0.0,0.0,siteB
0.0,0.0,siteB
0.0,0.0,siteB
0.0,0.0,siteB
0.0,0.0,siteB
0.0,0.0,siteB
0.0,0.0,siteB
0.0,0.0,siteB
0.0,0.0,siteB
0.0,0.0,siteB
0.0,0.0,siteB
0.0,0.0,siteB
0.0,0.0,siteB
0.0,0.0,siteB
0.0,0.0,siteB
0.0,0.0,siteB
0.0,0.0,siteB
0.0,0.0,siteB
0.0,0.0,siteB
0.0,0.0,siteB
0.0,0.0,siteB
0.0,0.0,siteB
0.0,0.0,siteB
0.0,0.0,siteB
0.0,0.0,siteB
0.0,0.0,siteB
0.0,0.0,siteB
0.0,0.0,siteB
0.0,0.0,siteB
0.0,0.0,siteB
0.0,0.0,siteB
0.0,0.0,siteB
0.0,0.0,siteB
0.0,0.0,siteB
0.0,0.0,siteB
0.0,0.0,siteB
0.0,0.0,siteB
0.0,0.0,siteB
0.0,0.0,siteB
0.0,0.0,siteB
0.0,0.0,siteB
0.0,0.0,siteB
0.0,0.0,siteB
0.0,0.0,siteB
0.0,0.0,siteB
0.0,0.0,siteB
0.0,0.0,siteB
0.0,0.0,siteB
0.0,0.0,siteB
0.0,0.0,siteB
0.0,0.0,siteB
0.0,0.0,siteB
0.0,0.0,siteB
0.0,0.0,siteB
0.0,0.0,siteB
0.0,0.0,siteB
0.0,0.0,siteB
0.0,0.0,siteB
0.0,0.0,siteB
0.0,0.0,siteB
0.0,0.0,siteB
0.0,0.0,siteB
0.0,0.0,siteB
0.0,0.0,siteB
0.0,0.0,siteB
0.0,0.0,siteB
0.0,0.0,siteB
0.0,0.0,siteB
0.0,0.0,siteB
0.0,0.0,siteB
0.0,0.0,siteB
0.0,0.0,siteB
0.0,0.0,siteB
0.0,0.0,siteB
0.0,0.0,siteB
0.0,0.0,siteB
0.0,0.0,siteB
0.0,0.0,siteB
0.0,0.0,siteB
0.0,0.0,siteB
0.0,0.0,siteB
0.0,0.0,siteB
0.0,0.0,siteB
0.0,0.0,siteB
0.0,0.0,siteB
0.0,0.0,siteB
0.0,0.0,siteB
0.0,0.0,siteB
0.0,0.0,siteB
0.0,0.0,siteB
0.0,0.0,siteB
0.0,0.0,siteB
0.0,0.0,siteB
0.0,0.0,siteB
0.0,0.0,siteB
0.0,0.0,siteB
0.0,0.0,siteB
0.0,0.0,siteB
0.0,0.0,siteB
0.0,0.0,siteB
0.0,0.0,siteB
0.0,0.0,siteB
0.0,0.0,siteB
0.0,0.0,siteB
0.0,0.0,siteB
0.0,0.0,siteB
0.0,0.0,siteB
0.0,0.0,siteB
0.0,0.0,siteB
0.0,0.0,siteB
0.0,0.0,siteB
0.0,0.0,siteB
0.0,0.0,siteB
0.0,0.0,siteB
0.0,0.0,siteB
0.0,0.0,siteB
0.0,0.0,siteB
0.0,0.0,siteB
0.0,0.0,siteB
0.0,0.0,siteB
0.0,0.0,siteB
0.0,0.0,siteB
0.0,0.0,siteB
0.0,0.0,siteB
0.0,0.0,siteB
0.0,0.0,siteB
0.0,0.0,siteB
0.0,0.0,siteB
0.0,0.0,siteB
0.0,0.0,siteB
0.0,0.0,siteB
0.0,0.0,siteB
0.0,0.0,siteB
0.0,0.0,siteB
0.0,0.0,siteB
0.0,0.0,siteB
0.0,0.0,siteB
0.0,0.0,siteB
0.0,0.0,siteB
0.0,0.0,siteB
0.0,0.0,siteB
0.0,0.0,siteB
0.0,0.0,siteB
0.0,0.0,siteB
0.0,0.0,siteB
0.0,0.0,siteB
0.0,0.0,siteB
0.0,0.0,siteB
0.0,0.0,siteB
0.0,0.0,siteB
0.0,0.0,siteB
0.0,0.0,siteB
0.0,0.0,siteB
0.0,0.0,siteB
0.0,0.0,siteB
0.0,0.0,siteB
0.0,0.0,siteB
0.0,0.0,siteB
0.0,0.0,siteB
0.0,0.0,siteB
0.0,0.0,siteB
0.0,0.0,siteB
0.0,0.0,siteB
0.0,0.0,siteB
0.0,0.0,siteB
0.0,0.0,siteB
0.0,0.0,siteB
0.0,0.0,siteB
0.0,0.0,siteB
0.0,0.0,siteB
0.0,0.0,siteB
0.0,0.0,siteB
0.0,0.0,siteB
0.0,0.0,siteB
0.0,0.0,siteB
0.0,0.0,siteB
0.0,0.0,siteB
0.0,0.0,siteB
0.0,0.0,siteB
0.0,0.0,siteB
0.0,0.0,siteB
0.0,0.0,siteB
0.0,0.0,siteB
0.0,0.0,siteB
0.0,0.0,siteB
0.0,0.0,siteB
0.0,0.0,siteB
0.0,0.0,siteB
0.0,0.0,siteB
0.0,0.0,siteB
0.0,0.0,siteB
0.0,0.0,siteB
0.0,0.0,siteB
0.0,0.0,siteB
0.0,0.0,siteB
0.0,0.0,siteB
0.0,0.0,siteB
0.0,0.0,siteB
0.0,0.0,siteB
0.0,0.0,siteB
0.0,0.0,siteB
0.0,0.0,siteB
0.0,0.0,siteB
0.0,0.0,siteB
0.0,0.0,siteB
0.0,0.0,siteB
0.0,0.0,siteB
0.0,0.0,siteB
0.0,0.0,siteB
0.0,0.0,siteB
0.0,0.0,siteB
0.0,0.0,siteB
0.0,0.0,siteB
0.0,0.0,siteB
0.0,0.0,siteB
0.0,0.0,siteB
0.0,0.0,siteB
0.0,0.0,siteB
0.0,0.0,siteB
0.0,0.0,siteB
0.0,0.0,siteB
0.0,0.0,siteB
0.0,0.0,siteB
0.0,0.0,siteB
0.0,0.0,siteB
0.0,0.0,siteB
0.0,0.0,siteB
0.0,0.0,siteB
0.0,0.0,siteB
0.0,0.0,siteB
0.0,0.0,siteB
0.0,0.0,siteB
0.0,0.0,siteB
0.0,0.0,siteB
0.0,0.0,siteB
0.0,0.0,siteB
0.0,0.0,siteB
0.0,0.0,siteB
0.0,0.0,siteB
0.0,0.0,siteB
0.0,0.0,siteB
0.0,0.0,siteB
0.0,0.0,siteB
0.0,0.0,siteB
0.0,0.0,siteB
0.0,0.0,siteB
0.0,0.0,siteB
0.0,0.0,siteB
0.0,0.0,siteB
0.0,0.0,siteB
0.0,0.0,siteB
0.0,0.0,siteB
0.0,0.0,siteB
0.0,0.0,siteB
0.0,0.0,siteB
0.0,0.0,siteB
0.0,0.0,siteB
0.0,0.0,siteB
0.0,0.0,siteB
0.0,0.0,siteB
0.0,0.0,siteB
0.0,0.0,siteB
0.0,0.0,siteB
0.0,0.0,siteB
0.0,0.0,siteB
0.0,0.0,siteB
0.0,0.0,siteB
0.0,0.0,siteB
0.0,0.0,siteB
0.0,0.0,siteB
0.0,0.0,siteB
0.0,0.0,siteB
0.0,0.0,siteB
0.0,0.0,siteB
0.0,0.0,siteB
0.0,0.0,siteB
0.0,0.0,siteB
0.0,0.0,siteB
0.0,0.0,siteB
0.0,0.0,siteB
0.0,0.0,siteB
0.0,0.0,siteB
0.0,0.0,siteB
0.0,0.0,siteB
0.0,0.0,siteB
0.0,0.0,siteB
0.0,0.0,siteB
0.0,0.0,siteB
0.0,0.0,siteB
0.0,0.0,siteB
0.0,0.0,siteB
0.0,0.0,siteB
0.0,0.0,siteB
0.0,0.0,siteB
0.0,0.0,siteB
0.0,0.0,siteB
0.0,0.0,siteB
0.0,0.0,siteB
0.0,0.0,siteB
0.0,0.0,siteB
0.0,0.0,siteB
0.0,0.0,siteB
0.0,0.0,siteB
0.0,0.0,siteB
0.0,0.0,siteB
0.0,0.0,siteB
0.0,0.0,siteB
0.0,0.0,siteB
0.0,0.0,siteB
0.0,0.0,siteB
0.0,0.0,siteB
0.0,0.0,siteB
0.0,0.0,siteB
0.0,0.0,siteB
0.0,0.0,siteB
0.0,0.0,siteB
0.0,0.0,siteB
0.0,0.0,siteB
0.0,0.0,siteB
0.0,0.0,siteB
0.0,0.0,siteB
0.0,0.0,siteB
0.0,0.0,siteB
0.0,0.0,siteB
0.0,0.0,siteB
0.0,0.0,siteB
0.0,0.0,siteB
0.0,0.0,siteB
0.0,0.0,siteB
0.0,0.0,siteB
0.0,0.0,siteB
0.0,0.0,siteB
0.0,0.0,siteB
0.0,0.0,siteB
0.0,0.0,siteB
0.0,0.0,siteB
0.0,0.0,siteB
0.0,0.0,siteB
0.0,0.0,siteB
0.0,0.0,siteB
0.0,0.0,siteB
0.0,0.0,siteB
0.0,0.0,siteB
0.0,0.0,siteB
0.0,0.0,siteB
0.0,0.0,siteB
0.0,0.0,siteB
0.0,0.0,siteB
0.0,0.0,siteB
0.0,0.0,siteB
0.0,0.0,siteB
0.0,0.0,siteB
0.0,0.0,siteB
0.0,0.0,siteB
0.0,0.0,siteB
0.0,0.0,siteB
0.0,0.0,siteB
0.0,0.0,siteB
0.0,0.0,siteB
0.0,0.0,siteB
0.0,0.0,siteB
0.0,0.0,siteB
0.0,0.0,siteB
0.0,0.0,siteB
0.0,0.0,siteB
0.0,0.0,siteB
0.0,0.0,siteB
0.0,0.0,siteB
0.0,0.0,siteB
0.0,0.0,siteB
0.0,0.0,siteB
0.0,0.0,siteB
0.0,0.0,siteB
0.0,0.0,siteB
0.0,0.0,siteB
0.0,0.0,siteB
0.0,0.0,siteB
0.0,0.0,siteB
0.0,0.0,siteB
0.0,0.0,siteB
0.0,0.0,siteB
0.0,0.0,siteB
0.0,0.0,siteB
0.0,0.0,siteB
0.0,0.0,siteB
0.0,0.0,siteB
0.0,0.0,siteB
0.0,0.0,siteB
0.0,0.0,siteB
0.0,0.0,siteB
0.0,0.0,siteB
0.0,0.0,siteB
0.0,0.0,siteB
0.0,0.0,siteB
0.0,0.0,siteB
0.0,0.0,siteB
0.0,0.0,siteB
0.0,0.0,siteB
0.0,0.0,siteB
0.0,0.0,siteB
0.0,0.0,siteB
0.0,0.0,siteB
0.0,0.0,siteB
0.0,0.0,siteB
0.0,0.0,siteB
0.0,0.0,siteB
0.0,0.0,siteB
0.0,0.0,siteB
0.0,0.0,siteB
0.0,0.0,siteB
0.0,0.0,siteB
0.0,0.0,siteB
0.0,0.0,siteB
0.0,0.0,siteB
0.0,0.0,siteB
0.0,0.0,siteB
0.0,0.0,siteB
0.0,0.0,siteB
0.0,0.0,siteB
0.0,0.0,siteB
0.0,0.0,siteB
0.0,0.0,siteB
0.0,0.0,siteB
0.0,0.0,siteB
0.0,0.0,siteB
0.0,0.0,siteB
0.0,0.0,siteB
0.0,0.0,siteB
0.0,0.0,siteB
0.0,0.0,siteB
0.0,0.0,siteB
0.0,0.0,siteB
0.0,0.0,siteB
0.0,0.0,siteB
0.0,0.0,siteB
0.0,0.0,siteB
0.0,0.0,siteB
0.0,0.0,siteB
0.0,0.0,siteB
0.0,0.0,siteB
0.0,0.0,siteB
0.0,0.0,siteB
0.0,0.0,siteB
0.0,0.0,siteB
0.0,0.0,siteB
0.0,0.0,siteB
0.0,0.0,siteB
0.0,0.0,siteB
0.0,0.0,siteB
0.0,0.0,siteB
0.0,0.0,siteB
0.0,0.0,siteB
0.0,0.0,siteB
0.0,0.0,siteB
0.0,0.0,siteB
0.0,0.0,siteB
0.0,0.0,siteB
0.0,0.0,siteB
0.0,0.0,siteB
0.0,0.0,siteB
0.0,0.0,siteB
0.0,0.0,siteB
0.0,0.0,siteB
0.0,0.0,siteB
0.0,0.0,siteB
0.0,0.0,siteB
0.0,0.0,siteB
0.0,0.0,siteB
0.0,0.0,siteB
0.0,0.0,siteB
0.0,0.0,siteB
0.0,0.0,siteB
0.0,0.0,siteB
0.0,0.0,siteB
0.0,0.0,siteB
0.0,0.0,siteB
0.0,0.0,siteB
0.0,0.0,siteB
0.0,0.0,siteB
0.0,0.0,siteB
0.0,0.0,siteB
0.0,0.0,siteB
0.0,0.0,siteB
0.0,0.0,siteB
0.0,0.0,siteB
0.0,0.0,siteB
0.0,0.0,siteB
0.0,0.0,siteB
0.0,0.0,siteB
0.0,0.0,siteB
0.0,0.0,siteB
0.0,0.0,siteB
0.0,0.0,siteB
0.0,0.0,siteB
0.0,0.0,siteB
0.0,0.0,siteB
0.0,0.0,siteB
0.0,0.0,siteB
0.0,0.0,siteB
0.0,0.0,siteB
0.0,0.0,siteB
0.0,0.0,siteB
0.0,0.0,siteB
0.0,0.0,siteB
0.0,0.0,siteB
0.0,0.0,siteB
0.0,0.0,siteB
0.0,0.0,siteB
0.0,0.0,siteB
0.0,0.0,siteB
0.0,0.0,siteB
0.0,0.0,siteB
0.0,0.0,siteB
0.0,0.0,siteB
0.0,0.0,siteB
0.0,0.0,siteB
0.0,0.0,siteB
0.0,0.0,siteB
0.0,0.0,siteB
0.0,0.0,siteB
0.0,0.0,siteB
0.0,0.0,siteB
0.0,0.0,siteB
0.0,0.0,siteB
0.0,0.0,siteB
0.0,0.0,siteB
0.0,0.0,siteB
0.0,0.0,siteB
0.0,0.0,siteB
0.0,0.0,siteB
0.0,0.0,siteB
0.0,0.0,siteB
0.0,0.0,siteB
0.0,0.0,siteB
0.0,0.0,siteB
0.0,0.0,siteB
0.0,0.0,siteB
0.0,0.0,siteB
0.0,0.0,siteB
0.0,0.0,siteB
0.0,0.0,siteB
0.0,0.0,siteB
0.0,0.0,siteB
0.0,0.0,siteB
0.0,0.0,siteB
0.0,0.0,siteB
0.0,0.0,siteB
0.0,0.0,siteB
0.0,0.0,siteB
0.0,0.0,siteB
0.0,0.0,siteB
0.0,0.0,siteB
0.0,0.0,siteB
0.0,0.0,siteB
0.0,0.0,siteB
0.0,0.0,siteB
0.0,0.0,siteB
0.0,0.0,siteB
0.0,0.0,siteB
0.0,0.0,siteB
0.0,0.0,siteB
0.0,0.0,siteB
0.0,0.0,siteB
0.0,0.0,siteB
0.0,0.0,siteB
0.0,0.0,siteB
0.0,0.0,siteB
0.0,0.0,siteB
0.0,0.0,siteB
0.0,0.0,siteB
0.0,0.0,siteB
0.0,0.0,siteB
0.0,0.0,siteB
0.0,0.0,siteB
0.0,0.0,siteB
0.0,0.0,siteB
0.0,0.0,siteB
0.0,0.0,siteB
0.0,0.0,siteB
0.0,0.0,siteB
0.0,0.0,siteB
0.0,0.0,siteB
0.0,0.0,siteB
0.0,0.0,siteB
0.0,0.0,siteB
0.0,0.0,siteB
0.0,0.0,siteB
0.0,0.0,siteB
0.0,0.0,siteB
0.0,0.0,siteB
0.0,0.0,siteB
0.0,0.0,siteB
0.0,0.0,siteB
0.0,0.0,siteB
0.0,0.0,siteB
0.0,0.0,siteB
0.0,0.0,siteB
0.0,0.0,siteB
0.0,0.0,siteB
0.0,0.0,siteB
0.0,0.0,siteB
0.0,0.0,siteB
0.0,0.0,siteB
0.0,0.0,siteB
0.0,0.0,siteB
0.0,0.0,siteB
0.0,0.0,siteB
0.0,0.0,siteB
0.0,0.0,siteB
0.0,0.0,siteB
0.0,0.0,siteB
0.0,0.0,siteB
0.0,0.0,siteB
0.0,0.0,siteB
0.0,0.0,siteB
0.0,0.0,siteB
0.0,0.0,siteB
0.0,0.0,siteB
0.0,0.0,siteB
0.0,0.0,siteB
0.0,0.0,siteB
0.0,0.0,siteB
0.0,0.0,siteB
0.0,0.0,siteB
0.0,0.0,siteB
0.0,0.0,siteB
0.0,0.0,siteB
0.0,0.0,siteB
0.0,0.0,siteB
0.0,0.0,siteB
0.0,0.0,siteB
0.0,0.0,siteB
0.0,0.0,siteB
0.0,0.0,siteB
0.0,0.0,siteB
0.0,0.0,siteB
0.0,0.0,siteB
0.0,0.0,siteB
0.0,0.0,siteB
0.0,0.0,siteB
0.0,0.0,siteB
0.0,0.0,siteB
0.0,0.0,siteB
0.0,0.0,siteB
0.0,0.0,siteB
0.0,0.0,siteB
0.0,0.0,siteB
0.0,0.0,siteB
0.0,0.0,siteB
0.0,0.0,siteB
0.0,0.0,siteB
0.0,0.0,siteB
0.0,0.0,siteB
0.0,0.0,siteB
0.0,0.0,siteB
0.0,0.0,siteB
0.0,0.0,siteB
0.0,0.0,siteB
0.0,0.0,siteB
0.0,0.0,siteB
0.0,0.0,siteB
0.0,0.0,siteB
0.0,0.0,siteB
0.0,0.0,siteB
0.0,0.0,siteB
0.0,0.0,siteB
0.0,0.0,siteB
0.0,0.0,siteB
0.0,0.0,siteB
0.0,0.0,siteB
0.0,0.0,siteB
0.0,0.0,siteB
0.0,0.0,siteB
0.0,0.0,siteB
0.0,0.0,siteB
0.0,0.0,siteB
0.0,0.0,siteB
0.0,0.0,siteB
0.0,0.0,siteB
0.0,0.0,siteB
0.0,0.0,siteB
0.0,0.0,siteB
0.0,0.0,siteB
0.0,0.0,siteB
0.0,0.0,siteB
0.0,0.0,siteB
0.0,0.0,siteB
0.0,0.0,siteB
0.0,0.0,siteB
0.0,0.0,siteB
0.0,0.0,siteB
0.0,0.0,siteB
0.0,0.0,siteB
0.0,0.0,siteB
0.0,0.0,siteB
0.0,0.0,siteB
0.0,0.0,siteB
0.0,0.0,siteB
0.0,0.0,siteB
0.0,0.0,siteB
0.0,0.0,siteB
0.0,0.0,siteB
0.0,0.0,siteB
0.0,0.0,siteB
0.0,0.0,siteB
0.0,0.0,siteB
0.0,0.0,siteB
0.0,0.0,siteB
0.0,0.0,siteB
0.0,0.0,siteB
0.0,0.0,siteB
0.0,0.0,siteB
0.0,0.0,siteB
0.0,0.0,siteB
0.0,0.0,siteB
0.0,0.0,siteB
0.0,0.0,siteB
0.0,0.0,siteB
0.0,0.0,siteB
0.0,0.0,siteB
0.0,0.0,siteB
0.0,0.0,siteB
0.0,0.0,siteB
0.0,0.0,siteB
0.0,0.0,siteB
0.0,0.0,siteB
0.0,0.0,siteB
0.0,0.0,siteB
0.0,0.0,siteB
0.0,0.0,siteB
0.0,0.0,siteB
0.0,0.0,siteB
0.0,0.0,siteB
0.0,0.0,siteB
0.0,0.0,siteB
0.0,0.0,siteB
0.0,0.0,siteB
0.0,0.0,siteB
0.0,0.0,siteB
0.0,0.0,siteB
0.0,0.0,siteB
0.0,0.0,siteB
0.0,0.0,siteB
0.0,0.0,siteB
0.0,0.0,siteB
0.0,0.0,siteB
0.0,0.0,siteB
0.0,0.0,siteB
0.0,0.0,siteB
0.0,0.0,siteB
0.0,0.0,siteB
0.0,0.0,siteB
0.0,0.0,siteB
0.0,0.0,siteB
0.0,0.0,siteB
0.0,0.0,siteB
0.0,0.0,siteB
0.0,0.0,siteB
0.0,0.0,siteB
0.0,0.0,siteB
0.0,0.0,siteB
0.0,0.0,siteB
0.0,0.0,siteB
0.0,0.0,siteB
0.0,0.0,siteB
0.0,0.0,siteB
0.0,0.0,siteB
0.0,0.0,siteB
0.0,0.0,siteB
0.0,0.0,siteB
0.0,0.0,siteB
0.0,0.0,siteB
0.0,0.0,siteB
0.0,0.0,siteB
0.0,0.0,siteB
0.0,0.0,siteB
0.0,0.0,siteB
0.0,0.0,siteB
0.0,0.0,siteB
0.0,0.0,siteB
0.0,0.0,siteB
0.0,0.0,siteB
0.0,0.0,siteB
0.0,0.0,siteB
0.0,0.0,siteB
0.0,0.0,siteB
0.0,0.0,siteB
0.0,0.0,siteB
0.0,0.0,siteB
0.0,0.0,siteB
0.0,0.0,siteB
0.0,0.0,siteB
0.0,0.0,siteB
0.0,0.0,siteB
0.0,0.0,siteB
0.0,0.0,siteB
0.0,0.0,siteB
0.0,0.0,siteB
0.0,0.0,siteB
0.0,0.0,siteB
0.0,0.0,siteB
0.0,0.0,siteB
0.0,0.0,siteB
0.0,0.0,siteB
0.0,0.0,siteB
0.0,0.0,siteB
0.0,0.0,siteB
0.0,0.0,siteB
0.0,0.0,siteB
0.0,0.0,siteB
0.0,0.0,siteB
0.0,0.0,siteB
0.0,0.0,siteB
0.0,0.0,siteB
0.0,0.0,siteB
0.0,0.0,siteB
0.0,0.0,siteB
0.0,0.0,siteB
0.0,0.0,siteB
0.0,0.0,siteB
0.0,0.0,siteB
0.0,0.0,siteB
0.0,0.0,siteB
0.0,0.0,siteB
0.0,0.0,siteB
0.0,0.0,siteB
0.0,0.0,siteB
0.0,0.0,siteB
0.0,0.0,siteB
0.0,0.0,siteB
0.0,0.0,siteB
0.0,0.0,siteB
0.0,0.0,siteB
0.0,0.0,siteB
0.0,0.0,siteB
0.0,0.0,siteB
0.0,0.0,siteB
0.0,0.0,siteB
0.0,0.0,siteB
0.0,0.0,siteB
0.0,0.0,siteB
0.0,0.0,siteB
0.0,0.0,siteB
0.0,0.0,siteB
0.0,0.0,siteB
0.0,0.0,siteB
0.0,0.0,siteB
0.0,0.0,siteB
0.0,0.0,siteB
0.0,0.0,siteB
0.0,0.0,siteB
0.0,0.0,siteB
0.0,0.0,siteB
0.0,0.0,siteB
0.0,0.0,siteB
0.0,0.0,siteB
0.0,0.0,siteB
0.0,0.0,siteB
0.0,0.0,siteB
0.0,0.0,siteB
0.0,0.0,siteB
0.0,0.0,siteB
0.0,0.0,siteB
0.0,0.0,siteB
0.0,0.0,siteB
0.0,0.0,siteB
0.0,0.0,siteB
0.0,0.0,siteB
0.0,0.0,siteB
0.0,0.0,siteB
0.0,0.0,siteB
0.0,0.0,siteB
0.0,0.0,siteB
0.0,0.0,siteB
0.0,0.0,siteB
0.0,0.0,siteB
0.0,0.0,siteB
0.0,0.0,siteB
0.0,0.0,siteB
0.0,0.0,siteB
0.0,0.0,siteB
0.0,0.0,siteB
0.0,0.0,siteB
0.0,0.0,siteB
0.0,0.0,siteB
0.0,0.0,siteB
0.0,0.0,siteB
0.0,0.0,siteB
0.0,0.0,siteB
0.0,0.0,siteB
0.0,0.0,siteB
0.0,0.0,siteB
0.0,0.0,siteB
0.0,0.0,siteB
0.0,0.0,siteB
0.0,0.0,siteB
0.0,0.0,siteB
0.0,0.0,siteB
0.0,0.0,siteB
0.0,0.0,siteB
0.0,0.0,siteB
0.0,0.0,siteB
0.0,0.0,siteB
0.0,0.0,siteB
0.0,0.0,siteB
0.0,0.0,siteB
0.0,0.0,siteB
0.0,0.0,siteB
0.0,0.0,siteB
0.0,0.0,siteB
0.0,0.0,siteB
0.0,0.0,siteB
0.0,0.0,siteB
0.0,0.0,siteB
0.0,0.0,siteB
0.0,0.0,siteB
0.0,0.0,siteB
0.0,0.0,siteB
0.0,0.0,siteB
0.0,0.0,siteB
0.0,0.0,siteB
0.0,0.0,siteB
0.0,0.0,siteB
0.0,0.0,siteB
0.0,0.0,siteB
0.0,0.0,siteB
0.0,0.0,siteB
0.0,0.0,siteB
0.0,0.0,siteB
0.0,0.0,siteB
0.0,0.0,siteB
0.0,0.0,siteB
0.0,0.0,siteB
0.0,0.0,siteB
0.0,0.0,siteB
0.0,0.0,siteB
0.0,0.0,siteB
0.0,0.0,siteB
0.0,0.0,siteB
0.0,0.0,siteB
0.0,0.0,siteB
0.0,0.0,siteB
0.0,0.0,siteB
0.0,0.0,siteB
0.0,0.0,siteB
0.0,0.0,siteB
0.0,0.0,siteB
0.0,0.0,siteB
0.0,0.0,siteB
0.0,0.0,siteB
0.0,0.0,siteB
0.0,0.0,siteB
0.0,0.0,siteB
0.0,0.0,siteB
0.0,0.0,siteB
0.0,0.0,siteB
0.0,0.0,siteB
0.0,0.0,siteB
0.0,0.0,siteB
0.0,0.0,siteB
0.0,0.0,siteB
0.0,0.0,siteB
0.0,0.0,siteB
0.0,0.0,siteB
0.0,0.0,siteB
0.0,0.0,siteB
0.0,0.0,siteB
0.0,0.0,siteB
0.0,0.0,siteB
0.0,0.0,siteB
0.0,0.0,siteB
0.0,0.0,siteB
0.0,0.0,siteB
0.0,0.0,siteB
0.0,0.0,siteB
0.0,0.0,siteB
0.0,0.0,siteB
0.0,0.0,siteB
0.0,0.0,siteB
0.0,0.0,siteB
0.0,0.0,siteB
0.0,0.0,siteB
0.0,0.0,siteB
0.0,0.0,siteB
0.0,0.0,siteB
0.0,0.0,siteB
0.0,0.0,siteB
0.0,0.0,siteB
0.0,0.0,siteB
0.0,0.0,siteB
0.0,0.0,siteB
0.0,0.0,siteB
0.0,0.0,siteB
0.0,0.0,siteB
0.0,0.0,siteB
0.0,0.0,siteB
0.0,0.0,siteB
0.0,0.0,siteB
0.0,0.0,siteB
0.0,0.0,siteB
0.0,0.0,siteB
0.0,0.0,siteB
0.0,0.0,siteB
0.0,0.0,siteB
0.0,0.0,siteB
0.0,0.0,siteB
0.0,0.0,siteB
0.0,0.0,siteB
0.0,0.0,siteB
0.0,0.0,siteB
0.0,0.0,siteB
0.0,0.0,siteB
0.0,0.0,siteB
0.0,0.0,siteB
0.0,0.0,siteB
0.0,0.0,siteB
0.0,0.0,siteB
0.0,0.0,siteB
0.0,0.0,siteB
0.0,0.0,siteB
0.0,0.0,siteB
0.0,0.0,siteB
0.0,0.0,siteB
0.0,0.0,siteB
0.0,0.0,siteB
0.0,0.0,siteB
0.0,0.0,siteB
0.0,0.0,siteB
0.0,0.0,siteB
0.0,0.0,siteB
0.0,0.0,siteB
0.0,0.0,siteB
0.0,0.0,siteB
0.0,0.0,siteB
0.0,0.0,siteB
0.0,0.0,siteB
0.0,0.0,siteB
0.0,0.0,siteB
0.0,0.0,siteB
0.0,0.0,siteB
0.0,0.0,siteB
0.0,0.0,siteB
0.0,0.0,siteB
0.0,0.0,siteB
0.0,0.0,siteB
0.0,0.0,siteB
0.0,0.0,siteB
0.0,0.0,siteB
0.0,0.0,siteB
0.0,0.0,siteB
0.0,0.0,siteB
0.0,0.0,siteB
0.0,0.0,siteB
0.0,0.0,siteB
0.0,0.0,siteB
0.0,0.0,siteB
0.0,0.0,siteB
0.0,0.0,siteB
0.0,0.0,siteB
0.0,0.0,siteB
0.0,0.0,siteB
0.0,0.0,siteB
0.0,0.0,siteB
0.0,0.0,siteB
0.0,0.0,siteB
0.0,0.0,siteB
0.0,0.0,siteB
0.0,0.0,siteB
0.0,0.0,siteB
0.0,0.0,siteB
0.0,0.0,siteB
0.0,0.0,siteB
0.0,0.0,siteB
0.0,0.0,siteB
0.0,0.0,siteB
0.0,0.0,siteB
0.0,0.0,siteB
0.0,0.0,siteB
0.0,0.0,siteB
0.0,0.0,siteB
0.0,0.0,siteB
0.0,0.0,siteB
0.0,0.0,siteB
0.0,0.0,siteB
0.0,0.0,siteB
0.0,0.0,siteB
0.0,0.0,siteB
0.0,0.0,siteB
0.0,0.0,siteB
0.0,0.0,siteB
0.0,0.0,siteB
0.0,0.0,siteB
0.0,0.0,siteB
0.0,0.0,siteB
0.0,0.0,siteB
0.0,0.0,siteB
0.0,0.0,siteB
0.0,0.0,siteB
0.0,0.0,siteB
0.0,0.0,siteB
0.0,0.0,siteB
0.0,0.0,siteB
0.0,0.0,siteB
0.0,0.0,siteB
0.0,0.0,siteB
0.0,0.0,siteB
0.0,0.0,siteB
0.0,0.0,siteB
0.0,0.0,siteB
0.0,0.0,siteB
0.0,0.0,siteB
0.0,0.0,siteB
0.0,0.0,siteB
0.0,0.0,siteB
0.0,0.0,siteB
0.0,0.0,siteB
0.0,0.0,siteB
0.0,0.0,siteB
0.0,0.0,siteB
0.0,0.0,siteB
0.0,0.0,siteB
0.0,0.0,siteB
0.0,0.0,siteB
0.0,0.0,siteB
0.0,0.0,siteB
0.0,0.0,siteB
0.0,0.0,siteB
0.0,0.0,siteB
0.0,0.0,siteB
0.0,0.0,siteB
0.0,0.0,siteB
0.0,0.0,siteB
0.0,0.0,siteB
0.0,0.0,siteB
0.0,0.0,siteB
0.0,0.0,siteB
0.0,0.0,siteB
0.0,0.0,siteB
0.0,0.0,siteB
0.0,0.0,siteB
0.0,0.0,siteB
0.0,0.0,siteB
0.0,0.0,siteB
0.0,0.0,siteB
0.0,0.0,siteB
0.0,0.0,siteB
0.0,0.0,siteB
0.0,0.0,siteB
0.0,0.0,siteB
0.0,0.0,siteB
0.0,0.0,siteB
0.0,0.0,siteB
0.0,0.0,siteB
0.0,0.0,siteB
0.0,0.0,siteB
0.0,0.0,siteB
0.0,0.0,siteB
0.0,0.0,siteB
0.0,0.0,siteB
0.0,0.0,siteB
0.0,0.0,siteB
0.0,0.0,siteB
0.0,0.0,siteB
0.0,0.0,siteB
0.0,0.0,siteB
0.0,0.0,siteB
0.0,0.0,siteB
0.0,0.0,siteB
0.0,0.0,siteB
0.0,0.0,siteB
0.0,0.0,siteB
0.0,0.0,siteB
0.0,0.0,siteB
0.0,0.0,siteB
0.0,0.0,siteB
0.0,0.0,siteB
0.0,0.0,siteB
0.0,0.0,siteB
0.0,0.0,siteB
0.0,0.0,siteB
0.0,0.0,siteB
0.0,0.0,siteB
0.0,0.0,siteB
0.0,0.0,siteB
0.0,0.0,siteB
0.0,0.0,siteB
0.0,0.0,siteB
0.0,0.0,siteB
0.0,0.0,siteB
0.0,0.0,siteB
0.0,0.0,siteB
0.0,0.0,siteB
0.0,0.0,siteB
0.0,0.0,siteB
0.0,0.0,siteB
0.0,0.0,siteB
0.0,0.0,siteB
0.0,0.0,siteB
0.0,0.0,siteB
0.0,0.0,siteB
0.0,0.0,siteB
0.0,0.0,siteB
0.0,0.0,siteB
0.0,0.0,siteB
0.0,0.0,siteB
0.0,0.0,siteB
0.0,0.0,siteB
0.0,0.0,siteB
0.0,0.0,siteB
0.0,0.0,siteB
0.0,0.0,siteB
0.0,0.0,siteB
0.0,0.0,siteB
0.0,0.0,siteB
0.0,0.0,siteB
0.0,0.0,siteB
0.0,0.0,siteB
0.0,0.0,siteB
0.0,0.0,siteB
0.0,0.0,siteB
0.0,0.0,siteB
0.0,0.0,siteB
0.0,0.0,siteB
0.0,0.0,siteB
0.0,0.0,siteB
0.0,0.0,siteB
0.0,0.0,siteB
0.0,0.0,siteB
0.0,0.0,siteB
0.0,0.0,siteB
0.0,0.0,siteB
0.0,0.0,siteB
0.0,0.0,siteB
0.0,0.0,siteB
0.0,0.0,siteB
0.0,0.0,siteB
0.0,0.0,siteB
0.0,0.0,siteB
0.0,0.0,siteB
0.0,0.0,siteB
0.0,0.0,siteB
0.0,0.0,siteB
0.0,0.0,siteB
0.0,0.0,siteB
0.0,0.0,siteB
0.0,0.0,siteB
0.0,0.0,siteB
0.0,0.0,siteB
0.0,0.0,siteB
0.0,0.0,siteB
0.0,0.0,siteB
0.0,0.0,siteB
0.0,0.0,siteB
0.0,0.0,siteB
0.0,0.0,siteB
0.0,0.0,siteB
0.0,0.0,siteB
0.0,0.0,siteB
0.0,0.0,siteB
0.0,0.0,siteB
0.0,0.0,siteB
0.0,0.0,siteB
0.0,0.0,siteB
0.0,0.0,siteB
0.0,0.0,siteB
0.0,0.0,siteB
0.0,0.0,siteB
0.0,0.0,siteB
0.0,0.0,siteB
0.0,0.0,siteB
0.0,0.0,siteB
0.0,0.0,siteB
0.0,0.0,siteB
0.0,0.0,siteB
0.0,0.0,siteB
0.0,0.0,siteB
0.0,0.0,siteB
0.0,0.0,siteB
0.0,0.0,siteB
0.0,0.0,siteB
0.0,0.0,siteB
0.0,0.0,siteB
0.0,0.0,siteB
0.0,0.0,siteB
0.0,0.0,siteB
0.0,0.0,siteB
0.0,0.0,siteB
0.0,0.0,siteB
0.0,0.0,siteB
0.0,0.0,siteB
0.0,0.0,siteB
0.0,0.0,siteB
0.0,0.0,siteB
0.0,0.0,siteB
0.0,0.0,siteB
0.0,0.0,siteB
0.0,0.0,siteB
0.0,0.0,siteB
0.0,0.0,siteB
0.0,0.0,siteB
0.0,0.0,siteB
0.0,0.0,siteB
0.0,0.0,siteB
0.0,0.0,siteB
0.0,0.0,siteB
0.0,0.0,siteB
0.0,0.0,siteB
0.0,0.0,siteB
0.0,0.0,siteB
0.0,0.0,siteB
0.0,0.0,siteB
0.0,0.0,siteB
0.0,0.0,siteB
0.0,0.0,siteB
0.0,0.0,siteB
0.0,0.0,siteB
0.0,0.0,siteB
0.0,0.0,siteB
0.0,0.0,siteB
0.0,0.0,siteB
0.0,0.0,siteB
0.0,0.0,siteB
0.0,0.0,siteB
0.0,0.0,siteB
0.0,0.0,siteB
0.0,0.0,siteB
0.0,0.0,siteB
0.0,0.0,siteB
0.0,0.0,siteB
0.0,0.0,siteB
0.0,0.0,siteB
0.0,0.0,siteB
0.0,0.0,siteB
0.0,0.0,siteB
0.0,0.0,siteB
0.0,0.0,siteB
0.0,0.0,siteB
0.0,0.0,siteB
0.0,0.0,siteB
0.0,0.0,siteB
0.0,0.0,siteB
0.0,0.0,siteB
0.0,0.0,siteB
0.0,0.0,siteB
0.0,0.0,siteB
0.0,0.0,siteB
0.0,0.0,siteB
0.0,0.0,siteB
0.0,0.0,siteB
0.0,0.0,siteB
0.0,0.0,siteB
0.0,0.0,siteB
0.0,0.0,siteB
0.0,0.0,siteB
0.0,0.0,siteB
0.0,0.0,siteB
0.0,0.0,siteB
0.0,0.0,siteB
0.0,0.0,siteB
0.0,0.0,siteB
0.0,0.0,siteB
0.0,0.0,siteB
0.0,0.0,siteB
0.0,0.0,siteB
0.0,0.0,siteB
0.0,0.0,siteB
0.0,0.0,siteB
0.0,0.0,siteB
0.0,0.0,siteB
0.0,0.0,siteB
0.0,0.0,siteB
0.0,0.0,siteB
0.0,0.0,siteB
0.0,0.0,siteB
0.0,0.0,siteB
0.0,0.0,siteB
0.0,0.0,siteB
0.0,0.0,siteB
0.0,0.0,siteB
0.0,0.0,siteB
0.0,0.0,siteB
0.0,0.0,siteB
0.0,0.0,siteB
0.0,0.0,siteB
0.0,0.0,siteB
0.0,0.0,siteB
0.0,0.0,siteB
0.0,0.0,siteB
0.0,0.0,siteB
0.0,0.0,siteB
0.0,0.0,siteB
0.0,0.0,siteB
0.0,0.0,siteB
0.0,0.0,siteB
0.0,0.0,siteB
0.0,0.0,siteB
0.0,0.0,siteB
0.0,0.0,siteB
0.0,0.0,siteB
0.0,0.0,siteB
0.0,0.0,siteB
0.0,0.0,siteB
0.0,0.0,siteB
0.0,0.0,siteB
0.0,0.0,siteB
0.0,0.0,siteB
0.0,0.0,siteB
0.0,0.0,siteB
0.0,0.0,siteB
0.0,0.0,siteB
0.0,0.0,siteB
0.0,0.0,siteB
0.0,0.0,siteB
0.0,0.0,siteB
0.0,0.0,siteB
0.0,0.0,siteB
0.0,0.0,siteB
0.0,0.0,siteB
0.0,0.0,siteB
0.0,0.0,siteB
0.0,0.0,siteB
0.0,0.0,siteB
0.0,0.0,siteB
0.0,0.0,siteB
0.0,0.0,siteB
0.0,0.0,siteB
0.0,0.0,siteB
0.0,0.0,siteB
0.0,0.0,siteB
0.0,0.0,siteB
0.0,0.0,siteB
0.0,0.0,siteB
0.0,0.0,siteB
0.0,0.0,siteB
0.0,0.0,siteB
0.0,0.0,siteB
0.0,0.0,siteB
0.0,0.0,siteB
0.0,0.0,siteB
0.0,0.0,siteB
0.0,0.0,siteB
0.0,0.0,siteB
0.0,0.0,siteB
0.0,0.0,siteB
0.0,0.0,siteB
0.0,0.0,siteB
0.0,0.0,siteB
0.0,0.0,siteB
0.0,0.0,siteB
0.0,0.0,siteB
0.0,0.0,siteB
0.0,0.0,siteB
0.0,0.0,siteB
0.0,0.0,siteB
0.0,0.0,siteB
0.0,0.0,siteB
0.0,0.0,siteB
0.0,0.0,siteB
0.0,0.0,siteB
0.0,0.0,siteB
0.0,0.0,siteB
0.0,0.0,siteB
0.0,0.0,siteB
0.0,0.0,siteB
0.0,0.0,siteB
0.0,0.0,siteB
0.0,0.0,siteB
0.0,0.0,siteB
0.0,0.0,siteB
0.0,0.0,siteB
0.0,0.0,siteB
0.0,0.0,siteB
0.0,0.0,siteB
0.0,0.0,siteB
0.0,0.0,siteB
0.0,0.0,siteB
0.0,0.0,siteB
0.0,0.0,siteB
0.0,0.0,siteB
0.0,0.0,siteB
0.0,0.0,siteB
0.0,0.0,siteB
0.0,0.0,siteB
0.0,0.0,siteB
0.0,0.0,siteB
0.0,0.0,siteB
0.0,0.0,siteB
0.0,0.0,siteB
0.0,0.0,siteB
0.0,0.0,siteB
0.0,0.0,siteB
0.0,0.0,siteB
0.0,0.0,siteB
0.0,0.0,siteB
0.0,0.0,siteB
0.0,0.0,siteB
0.0,0.0,siteB
0.0,0.0,siteB
0.0,0.0,siteB
0.0,0.0,siteB
0.0,0.0,siteB
0.0,0.0,siteB
0.0,0.0,siteB
0.0,0.0,siteB
0.0,0.0,siteB
0.0,0.0,siteB
0.0,0.0,siteB
0.0,0.0,siteB
0.0,0.0,siteB
0.0,0.0,siteB
0.0,0.0,siteB
0.0,0.0,siteB
0.0,0.0,siteB
0.0,0.0,siteB
0.0,0.0,siteB
0.0,0.0,siteB
0.0,0.0,siteB
0.0,0.0,siteB
0.0,0.0,siteB
0.0,0.0,siteB
0.0,0.0,siteB
0.0,0.0,siteB
0.0,0.0,siteB
0.0,0.0,siteB
0.0,0.0,siteB
0.0,0.0,siteB
0.0,0.0,siteB
0.0,0.0,siteB
0.0,0.0,siteB
0.0,0.0,siteB
0.0,0.0,siteB
0.0,0.0,siteB
0.0,0.0,siteB
0.0,0.0,siteB
0.0,0.0,siteB
0.0,0.0,siteB
0.0,0.0,siteB
0.0,0.0,siteB
0.0,0.0,siteB
0.0,0.0,siteB
0.0,0.0,siteB
0.0,0.0,siteB
0.0,0.0,siteB
0.0,0.0,siteB
0.0,0.0,siteB
0.0,0.0,siteB
0.0,0.0,siteB
0.0,0.0,siteB
0.0,0.0,siteB
0.0,0.0,siteB
0.0,0.0,siteB
0.0,0.0,siteB
0.0,0.0,siteB
0.0,0.0,siteB
0.0,0.0,siteB
0.0,0.0,siteB
0.0,0.0,siteB
0.0,0.0,siteB
0.0,0.0,siteB
0.0,0.0,siteB
0.0,0.0,siteB
0.0,0.0,siteB
0.0,0.0,siteB
0.0,0.0,siteB
0.0,0.0,siteB
0.0,0.0,siteB
0.0,0.0,siteB
0.0,0.0,siteB
0.0,0.0,siteB
0.0,0.0,siteB
0.0,0.0,siteB
0.0,0.0,siteB
0.0,0.0,siteB
0.0,0.0,siteB
0.0,0.0,siteB
0.0,0.0,siteB
0.0,0.0,siteB
0.0,0.0,siteB
0.0,0.0,siteB
0.0,0.0,siteB
0.0,0.0,siteB
0.0,0.0,siteB
0.0,0.0,siteB
0.0,0.0,siteB
0.0,0.0,siteB
0.0,0.0,siteB
0.0,0.0,siteB
0.0,0.0,siteB
0.0,0.0,siteB
0.0,0.0,siteB
0.0,0.0,siteB
0.0,0.0,siteB
0.0,0.0,siteB
0.0,0.0,siteB
0.0,0.0,siteB
0.0,0.0,siteB
0.0,0.0,siteB
0.0,0.0,siteB
0.0,0.0,siteB
0.0,0.0,siteB
0.0,0.0,siteB
0.0,0.0,siteB
0.0,0.0,siteB
0.0,0.0,siteB
0.0,0.0,siteB
0.0,0.0,siteB
0.0,0.0,siteB
0.0,0.0,siteB
0.0,0.0,siteB
0.0,0.0,siteB
0.0,0.0,siteB
0.0,0.0,siteB
0.0,0.0,siteB
0.0,0.0,siteB
0.0,0.0,siteB
0.0,0.0,siteB
0.0,0.0,siteB
0.0,0.0,siteB
0.0,0.0,siteB
0.0,0.0,siteB
0.0,0.0,siteB
0.0,0.0,siteB
0.0,0.0,siteB
0.0,0.0,siteB
0.0,0.0,siteB
0.0,0.0,siteB
0.0,0.0,siteB
0.0,0.0,siteB
0.0,0.0,siteB
0.0,0.0,siteB
0.0,0.0,siteB
0.0,0.0,siteB
0.0,0.0,siteB
0.0,0.0,siteB
0.0,0.0,siteB
0.0,0.0,siteB
0.0,0.0,siteB
0.0,0.0,siteB
0.0,0.0,siteB
0.0,0.0,siteB
0.0,0.0,siteB
0.0,0.0,siteB
0.0,0.0,siteB
0.0,0.0,siteB
0.0,0.0,siteB
0.0,0.0,siteB
0.0,0.0,siteB
0.0,0.0,siteB
0.0,0.0,siteB
0.0,0.0,siteB
0.0,0.0,siteB
0.0,0.0,siteB
0.0,0.0,siteB
0.0,0.0,siteB
0.0,0.0,siteB
0.0,0.0,siteB
0.0,0.0,siteB
0.0,0.0,siteB
0.0,0.0,siteB
0.0,0.0,siteB
0.0,0.0,siteB
0.0,0.0,siteB
0.0,0.0,siteB
0.0,0.0,siteB
0.0,0.0,siteB
0.0,0.0,siteB
0.0,0.0,siteB
0.0,0.0,siteB
0.0,0.0,siteB
0.0,0.0,siteB
0.0,0.0,siteB
0.0,0.0,siteB
0.0,0.0,siteB
0.0,0.0,siteB
0.0,0.0,siteB
0.0,0.0,siteB
0.0,0.0,siteB
0.0,0.0,siteB
0.0,0.0,siteB
0.0,0.0,siteB
0.0,0.0,siteB
0.0,0.0,siteB
0.0,0.0,siteB
0.0,0.0,siteB
0.0,0.0,siteB
0.0,0.0,siteB
0.0,0.0,siteB
0.0,0.0,siteB
0.0,0.0,siteB
0.0,0.0,siteB
0.0,0.0,siteB
0.0,0.0,siteB
0.0,0.0,siteB
0.0,0.0,siteB
0.0,0.0,siteB
0.0,0.0,siteB
0.0,0.0,siteB
0.0,0.0,siteB
0.0,0.0,siteB
0.0,0.0,siteB
0.0,0.0,siteB
0.0,0.0,siteB
0.0,0.0,siteB
0.0,0.0,siteB
0.0,0.0,siteB
0.0,0.0,siteB
0.0,0.0,siteB
0.0,0.0,siteB
0.0,0.0,siteB
0.0,0.0,siteB
0.0,0.0,siteB
0.0,0.0,siteB
0.0,0.0,siteB
0.0,0.0,siteB
0.0,0.0,siteB
0.0,0.0,siteB
0.0,0.0,siteB
0.0,0.0,siteB
0.0,0.0,siteB
0.0,0.0,siteB
0.0,0.0,siteB
0.0,0.0,siteB
0.0,0.0,siteB
0.0,0.0,siteB
0.0,0.0,siteB
0.0,0.0,siteB
0.0,0.0,siteB
0.0,0.0,siteB
0.0,0.0,siteB
0.0,0.0,siteB
0.0,0.0,siteB
0.0,0.0,siteB
0.0,0.0,siteB
0.0,0.0,siteB
0.0,0.0,siteB
0.0,0.0,siteB
0.0,0.0,siteB
0.0,0.0,siteB
0.0,0.0,siteB
0.0,0.0,siteB
0.0,0.0,siteB
0.0,0.0,siteB
0.0,0.0,siteB
0.0,0.0,siteB
0.0,0.0,siteB
0.0,0.0,siteB
0.0,0.0,siteB
0.0,0.0,siteB
0.0,0.0,siteB
0.0,0.0,siteB
0.0,0.0,siteB
0.0,0.0,siteB
0.0,0.0,siteB
0.0,0.0,siteB
0.0,0.0,siteB
0.0,0.0,siteB
0.0,0.0,siteB
0.0,0.0,siteB
0.0,0.0,siteB
0.0,0.0,siteB
0.0,0.0,siteB
0.0,0.0,siteB
0.0,0.0,siteB
0.0,0.0,siteB
0.0,0.0,siteB
0.0,0.0,siteB
0.0,0.0,siteB
0.0,0.0,siteB
0.0,0.0,siteB
0.0,0.0,siteB
0.0,0.0,siteB
0.0,0.0,siteB
0.0,0.0,siteB
0.0,0.0,siteB
0.0,0.0,siteB
0.0,0.0,siteB
0.0,0.0,siteB
0.0,0.0,siteB
0.0,0.0,siteB
0.0,0.0,siteB
0.0,0.0,siteB
0.0,0.0,siteB
0.0,0.0,siteB
0.0,0.0,siteB
0.0,0.0,siteB
0.0,0.0,siteB
0.0,0.0,siteB
0.0,0.0,siteB
0.0,0.0,siteB
0.0,0.0,siteB
0.0,0.0,siteB
0.0,0.0,siteB
0.0,0.0,siteB
0.0,0.0,siteB
0.0,0.0,siteB
0.0,0.0,siteB
0.0,0.0,siteB
0.0,0.0,siteB
0.0,0.0,siteB
0.0,0.0,siteB
0.0,0.0,siteB
0.0,0.0,siteB
0.0,0.0,siteB
0.0,0.0,siteB
0.0,0.0,siteB
0.0,0.0,siteB
0.0,0.0,siteB
0.0,0.0,siteB
0.0,0.0,siteB
0.0,0.0,siteB
0.0,0.0,siteB
0.0,0.0,siteB
0.0,0.0,siteB
0.0,0.0,siteB
0.0,0.0,siteB
0.0,0.0,siteB
0.0,0.0,siteB
0.0,0.0,siteB
0.0,0.0,siteB
0.0,0.0,siteB
0.0,0.0,siteB
0.0,0.0,siteB
0.0,0.0,siteB
0.0,0.0,siteB
0.0,0.0,siteB
0.0,0.0,siteB
0.0,0.0,siteB
0.0,0.0,siteB
0.0,0.0,siteB
0.0,0.0,siteB
0.0,0.0,siteB
0.0,0.0,siteB
0.0,0.0,siteB
0.0,0.0,siteB
0.0,0.0,siteB
0.0,0.0,siteB
0.0,0.0,siteB
0.0,0.0,siteB
0.0,0.0,siteB
0.0,0.0,siteB
0.0,0.0,siteB
0.0,0.0,siteB
0.0,0.0,siteB
0.0,0.0,siteB
0.0,0.0,siteB
0.0,0.0,siteB
0.0,0.0,siteB
0.0,0.0,siteB
0.0,0.0,siteB
0.0,0.0,siteB
0.0,0.0,siteB
0.0,0.0,siteB
0.0,0.0,siteB
0.0,0.0,siteB
0.0,0.0,siteB
0.0,0.0,siteB
0.0,0.0,siteB
0.0,0.0,siteB
0.0,0.0,siteB
0.0,0.0,siteB
0.0,0.0,siteB
0.0,0.0,siteB
0.0,0.0,siteB
0.0,0.0,siteB
0.0,0.0,siteB
0.0,0.0,siteB
0.0,0.0,siteB
0.0,0.0,siteB
0.0,0.0,siteB
0.0,0.0,siteB
0.0,0.0,siteB
0.0,0.0,siteB
0.0,0.0,siteB
0.0,0.0,siteB
0.0,0.0,siteB
0.0,0.0,siteB
0.0,0.0,siteB
0.0,0.0,siteB
0.0,0.0,siteB
0.0,0.0,siteB
0.0,0.0,siteB
0.0,0.0,siteB
0.0,0.0,siteB
0.0,0.0,siteB
0.0,0.0,siteB
0.0,0.0,siteB
0.0,0.0,siteB
0.0,0.0,siteB
0.0,0.0,siteB
0.0,0.0,siteB
0.0,0.0,siteB
0.0,0.0,siteB
0.0,0.0,siteB
0.0,0.0,siteB
0.0,0.0,siteB
0.0,0.0,siteB
0.0,0.0,siteB
0.0,0.0,siteB
0.0,0.0,siteB
0.0,0.0,siteB
0.0,0.0,siteB
0.0,0.0,siteB
0.0,0.0,siteB
0.0,0.0,siteB
0.0,0.0,siteB
0.0,0.0,siteB
0.0,0.0,siteB
0.0,0.0,siteB
0.0,0.0,siteB
0.0,0.0,siteB
0.0,0.0,siteB
0.0,0.0,siteB
0.0,0.0,siteB
0.0,0.0,siteB
0.0,0.0,siteB
0.0,0.0,siteB
0.0,0.0,siteB
0.0,0.0,siteB
0.0,0.0,siteB
0.0,0.0,siteB
0.0,0.0,siteB
0.0,0.0,siteB
0.0,0.0,siteB
0.0,0.0,siteB
0.0,0.0,siteB
0.0,0.0,siteB
0.0,0.0,siteB
0.0,0.0,siteB
0.0,0.0,siteB
0.0,0.0,siteB
0.0,0.0,siteB
0.0,0.0,siteB
0.0,0.0,siteB
0.0,0.0,siteB
0.0,0.0,siteB
0.0,0.0,siteB
0.0,0.0,siteB
0.0,0.0,siteB
0.0,0.0,siteB
0.0,0.0,siteB
0.0,0.0,siteB
0.0,0.0,siteB
0.0,0.0,siteB
0.0,0.0,siteB
0.0,0.0,siteB
0.0,0.0,siteB
0.0,0.0,siteB
0.0,0.0,siteB
0.0,0.0,siteB
0.0,0.0,siteB
0.0,0.0,siteB
0.0,0.0,siteB
0.0,0.0,siteB
0.0,0.0,siteB
0.0,0.0,siteB
0.0,0.0,siteB
0.0,0.0,siteB
0.0,0.0,siteB
0.0,0.0,siteB
0.0,0.0,siteB
0.0,0.0,siteB
0.0,0.0,siteB
0.0,0.0,siteB
0.0,0.0,siteB
0.0,0.0,siteB
0.0,0.0,siteB
0.0,0.0,siteB
0.0,0.0,siteB
0.0,0.0,siteB
0.0,0.0,siteB
0.0,0.0,siteB
0.0,0.0,siteB
0.0,0.0,siteB
0.0,0.0,siteB
0.0,0.0,siteB
0.0,0.0,siteB
0.0,0.0,siteB
0.0,0.0,siteB
0.0,0.0,siteB
0.0,0.0,siteB
0.0,0.0,siteB
0.0,0.0,siteB
0.0,0.0,siteB
0.0,0.0,siteB
0.0,0.0,siteB
0.0,0.0,siteB
0.0,0.0,siteB
0.0,0.0,siteB
0.0,0.0,siteB
0.0,0.0,siteB
0.0,0.0,siteB
0.0,0.0,siteB
0.0,0.0,siteB
0.0,0.0,siteB
0.0,0.0,siteB
0.0,0.0,siteB
0.0,0.0,siteB
0.0,0.0,siteB
0.0,0.0,siteB
0.0,0.0,siteB
0.0,0.0,siteB
0.0,0.0,siteB
0.0,0.0,siteB
0.0,0.0,siteB
0.0,0.0,siteB
0.0,0.0,siteB
0.0,0.0,siteB
0.0,0.0,siteB
0.0,0.0,siteB
0.0,0.0,siteB
0.0,0.0,siteB
0.0,0.0,siteB
0.0,0.0,siteB
0.0,0.0,siteB
0.0,0.0,siteB
0.0,0.0,siteB
0.0,0.0,siteB
0.0,0.0,siteB
0.0,0.0,siteB
0.0,0.0,siteB
0.0,0.0,siteB
0.0,0.0,siteB
0.0,0.0,siteB
0.0,0.0,siteB
0.0,0.0,siteB
0.0,0.0,siteB
0.0,0.0,siteB
0.0,0.0,siteB
0.0,0.0,siteB
0.0,0.0,siteB
0.0,0.0,siteB
0.0,0.0,siteB
0.0,0.0,siteB
0.0,0.0,siteB
0.0,0.0,siteB
0.0,0.0,siteB
0.0,0.0,siteB
0.0,0.0,siteB
0.0,0.0,siteB
0.0,0.0,siteB
0.0,0.0,siteB
0.0,0.0,siteB
0.0,0.0,siteB
0.0,0.0,siteB
0.0,0.0,siteB
0.0,0.0,siteB
0.0,0.0,siteB
0.0,0.0,siteB
0.0,0.0,siteB
0.0,0.0,siteB
0.0,0.0,siteB
0.0,0.0,siteB
0.0,0.0,siteB
0.0,0.0,siteB
0.0,0.0,siteB
0.0,0.0,siteB
0.0,0.0,siteB
0.0,0.0,siteB
0.0,0.0,siteB
0.0,0.0,siteB
0.0,0.0,siteB
0.0,0.0,siteB
0.0,0.0,siteB
0.0,0.0,siteB
0.0,0.0,siteB
0.0,0.0,siteB
0.0,0.0,siteB
0.0,0.0,siteB
0.0,0.0,siteB
0.0,0.0,siteB
0.0,0.0,siteB
0.0,0.0,siteB
0.0,0.0,siteB
0.0,0.0,siteB
0.0,0.0,siteB
0.0,0.0,siteB
0.0,0.0,siteB
0.0,0.0,siteB
0.0,0.0,siteB
0.0,0.0,siteB
0.0,0.0,siteB
0.0,0.0,siteB
0.0,0.0,siteB
0.0,0.0,siteB
0.0,0.0,siteB
0.0,0.0,siteB
0.0,0.0,siteB
0.0,0.0,siteB
0.0,0.0,siteB
0.0,0.0,siteB
0.0,0.0,siteB
0.0,0.0,siteB
0.0,0.0,siteB
0.0,0.0,siteB
0.0,0.0,siteB
0.0,0.0,siteB
0.0,0.0,siteB
0.0,0.0,siteB
0.0,0.0,siteB
0.0,0.0,siteB
0.0,0.0,siteB
0.0,0.0,siteB
0.0,0.0,siteB
0.0,0.0,siteB
0.0,0.0,siteB
0.0,0.0,siteB
0.0,0.0,siteB
0.0,0.0,siteB
0.0,0.0,siteB
0.0,0.0,siteB
0.0,0.0,siteB
0.0,0.0,siteB
0.0,0.0,siteB
0.0,0.0,siteB
0.0,0.0,siteB
0.0,0.0,siteB
0.0,0.0,siteB
0.0,0.0,siteB
0.0,0.0,siteB
0.0,0.0,siteB
0.0,0.0,siteB
0.0,0.0,siteB
0.0,0.0,siteB
0.0,0.0,siteB
0.0,0.0,siteB
0.0,0.0,siteB
0.0,0.0,siteB
0.0,0.0,siteB
0.0,0.0,siteB
0.0,0.0,siteB
0.0,0.0,siteB
0.0,0.0,siteB
0.0,0.0,siteB
0.0,0.0,siteB
0.0,0.0,siteB
0.0,0.0,siteB
0.0,0.0,siteB
0.0,0.0,siteB
0.0,0.0,siteB
0.0,0.0,siteB
0.0,0.0,siteB
0.0,0.0,siteB
0.0,0.0,siteB
0.0,0.0,siteB
0.0,0.0,siteB
0.0,0.0,siteB
0.0,0.0,siteB
0.0,0.0,siteB
0.0,0.0,siteB
0.0,0.0,siteB
0.0,0.0,siteB
0.0,0.0,siteB
0.0,0.0,siteB
0.0,0.0,siteB
0.0,0.0,siteB
0.0,0.0,siteB
0.0,0.0,siteB
0.0,0.0,siteB
0.0,0.0,siteB
0.0,0.0,siteB
0.0,0.0,siteB
0.0,0.0,siteB
0.0,0.0,siteB
0.0,0.0,siteB
0.0,0.0,siteB
0.0,0.0,siteB
0.0,0.0,siteB
0.0,0.0,siteB
0.0,0.0,siteB
0.0,0.0,siteB
0.0,0.0,siteB
0.0,0.0,siteB
0.0,0.0,siteB
0.0,0.0,siteB
0.0,0.0,siteB
0.0,0.0,siteB
0.0,0.0,siteB
0.0,0.0,siteB
0.0,0.0,siteB
0.0,0.0,siteB
0.0,0.0,siteB
0.0,0.0,siteB
0.0,0.0,siteB
0.0,0.0,siteB
0.0,0.0,siteB
0.0,0.0,siteB
0.0,0.0,siteB
0.0,0.0,siteB
0.0,0.0,siteB
0.0,0.0,siteB
0.0,0.0,siteB
0.0,0.0,siteB
0.0,0.0,siteB
0.0,0.0,siteB
0.0,0.0,siteB
0.0,0.0,siteB
0.0,0.0,siteB
0.0,0.0,siteB
0.0,0.0,siteB
0.0,0.0,siteB
0.0,0.0,siteB
0.0,0.0,siteB
0.0,0.0,siteB
0.0,0.0,siteB
0.0,0.0,siteB
0.0,0.0,siteB
0.0,0.0,siteB
0.0,0.0,siteB
0.0,0.0,siteB
0.0,0.0,siteB
0.0,0.0,siteB
0.0,0.0,siteB
0.0,0.0,siteB
0.0,0.0,siteB
0.0,0.0,siteB
0.0,0.0,siteB
0.0,0.0,siteB
0.0,0.0,siteB
0.0,0.0,siteB
0.0,0.0,siteB
0.0,0.0,siteB
0.0,0.0,siteB
0.0,0.0,siteB
0.0,0.0,siteB
0.0,0.0,siteB
0.0,0.0,siteB
0.0,0.0,siteB
0.0,0.0,siteB
0.0,0.0,siteB
0.0,0.0,siteB
0.0,0.0,siteB
0.0,0.0,siteB
0.0,0.0,siteB
0.0,0.0,siteB
0.0,0.0,siteB
0.0,0.0,siteB
0.0,0.0,siteB
0.0,0.0,siteB
0.0,0.0,siteB
0.0,0.0,siteB
0.0,0.0,siteB
0.0,0.0,siteB
0.0,0.0,siteB
0.0,0.0,siteB
0.0,0.0,siteB
0.0,0.0,siteB
0.0,0.0,siteB
0.0,0.0,siteB
0.0,0.0,siteB
0.0,0.0,siteB
0.0,0.0,siteB
0.0,0.0,siteB
0.0,0.0,siteB
0.0,0.0,siteB
0.0,0.0,siteB
0.0,0.0,siteB
0.0,0.0,siteB
0.0,0.0,siteB
0.0,0.0,siteB
0.0,0.0,siteB
0.0,0.0,siteB
0.0,0.0,siteB
0.0,0.0,siteB
0.0,0.0,siteB
0.0,0.0,siteB
0.0,0.0,siteB
0.0,0.0,siteB
0.0,0.0,siteB
0.0,0.0,siteB
0.0,0.0,siteB
0.0,0.0,siteB
0.0,0.0,siteB
0.0,0.0,siteB
0.0,0.0,siteB
0.0,0.0,siteB
0.0,0.0,siteB
0.0,0.0,siteB
0.0,0.0,siteB
0.0,0.0,siteB
0.0,0.0,siteB
0.0,0.0,siteB
0.0,0.0,siteB
0.0,0.0,siteB
0.0,0.0,siteB
0.0,0.0,siteB
0.0,0.0,siteB
0.0,0.0,siteB
0.0,0.0,siteB
0.0,0.0,siteB
0.0,0.0,siteB
0.0,0.0,siteB
0.0,0.0,siteB
0.0,0.0,siteB
0.0,0.0,siteB
0.0,0.0,siteB
0.0,0.0,siteB
0.0,0.0,siteB
0.0,0.0,siteB
0.0,0.0,siteB
0.0,0.0,siteB
0.0,0.0,siteB
0.0,0.0,siteB
0.0,0.0,siteB
0.0,0.0,siteB
0.0,0.0,siteB
0.0,0.0,siteB
0.0,0.0,siteB
0.0,0.0,siteB
0.0,0.0,siteB
0.0,0.0,siteB
0.0,0.0,siteB
0.0,0.0,siteB
0.0,0.0,siteB
0.0,0.0,siteB
0.0,0.0,siteB
0.0,0.0,siteB
0.0,0.0,siteB
0.0,0.0,siteB
0.0,0.0,siteB
0.0,0.0,siteB
0.0,0.0,siteB
0.0,0.0,siteB
0.0,0.0,siteB
0.0,0.0,siteB
0.0,0.0,siteB
0.0,0.0,siteB
0.0,0.0,siteB
0.0,0.0,siteB
0.0,0.0,siteB
0.0,0.0,siteB
0.0,0.0,siteB
0.0,0.0,siteB
0.0,0.0,siteB
0.0,0.0,siteB
0.0,0.0,siteB
0.0,0.0,siteB
0.0,0.0,siteB
0.0,0.0,siteB
0.0,0.0,siteB
0.0,0.0,siteB
0.0,0.0,siteB
0.0,0.0,siteB
0.0,0.0,siteB
0.0,0.0,siteB
0.0,0.0,siteB
0.0,0.0,siteB
0.0,0.0,siteB
0.0,0.0,siteB
0.0,0.0,siteB
0.0,0.0,siteB
0.0,0.0,siteB
0.0,0.0,siteB
0.0,0.0,siteB
0.0,0.0,siteB
0.0,0.0,siteB
0.0,0.0,siteB
0.0,0.0,siteB
0.0,0.0,siteB
0.0,0.0,siteB
0.0,0.0,siteB
0.0,0.0,siteB
0.0,0.0,siteB
0.0,0.0,siteB
0.0,0.0,siteB
0.0,0.0,siteB
0.0,0.0,siteB
0.0,0.0,siteB
0.0,0.0,siteB
0.0,0.0,siteB
0.0,0.0,siteB
0.0,0.0,siteB
0.0,0.0,siteB
0.0,0.0,siteB
0.0,0.0,siteB
0.0,0.0,siteB
0.0,0.0,siteB
0.0,0.0,siteB
0.0,0.0,siteB
0.0,0.0,siteB
0.0,0.0,siteB
0.0,0.0,siteB
0.0,0.0,siteB
0.0,0.0,siteB
0.0,0.0,siteB
0.0,0.0,siteB
0.0,0.0,siteB
0.0,0.0,siteB
0.0,0.0,siteB
0.0,0.0,siteB
0.0,0.0,siteB
0.0,0.0,siteB
0.0,0.0,siteB
0.0,0.0,siteB
0.0,0.0,siteB
0.0,0.0,siteB
0.0,0.0,siteB
0.0,0.0,siteB
0.0,0.0,siteB
0.0,0.0,siteB
0.0,0.0,siteB
0.0,0.0,siteB
0.0,0.0,siteB
0.0,0.0,siteB
0.0,0.0,siteB
0.0,0.0,siteB
0.0,0.0,siteB
0.0,0.0,siteB
0.0,0.0,siteB
0.0,0.0,siteB
0.0,0.0,siteB
0.0,0.0,siteB
0.0,0.0,siteB
0.0,0.0,siteB
0.0,0.0,siteB
0.0,0.0,siteB
0.0,0.0,siteB
0.0,0.0,siteB
0.0,0.0,siteB
0.0,0.0,siteB
0.0,0.0,siteB
0.0,0.0,siteB
0.0,0.0,siteB
0.0,0.0,siteB
0.0,0.0,siteB
0.0,0.0,siteB
0.0,0.0,siteB
0.0,0.0,siteB
0.0,0.0,siteB
0.0,0.0,siteB
0.0,0.0,siteB
0.0,0.0,siteB
0.0,0.0,siteB
0.0,0.0,siteB
0.0,0.0,siteB
0.0,0.0,siteB
0.0,0.0,siteB
0.0,0.0,siteB
0.0,0.0,siteB
0.0,0.0,siteB
0.0,0.0,siteB
0.0,0.0,siteB
0.0,0.0,siteB
0.0,0.0,siteB
0.0,0.0,siteB
0.0,0.0,siteB
0.0,0.0,siteB
0.0,0.0,siteB
0.0,0.0,siteB
0.0,0.0,siteB
0.0,0.0,siteB
0.0,0.0,siteB
0.0,0.0,siteB
0.0,0.0,siteB
0.0,0.0,siteB
0.0,0.0,siteB
0.0,0.0,siteB
0.0,0.0,siteB
0.0,0.0,siteB
0.0,0.0,siteB
0.0,0.0,siteB
0.0,0.0,siteB
0.0,0.0,siteB
0.0,0.0,siteB
0.0,0.0,siteB
0.0,0.0,siteB
0.0,0.0,siteB
0.0,0.0,siteB
0.0,0.0,siteB
0.0,0.0,siteB
0.0,0.0,siteB
0.0,0.0,siteB
0.0,0.0,siteB
0.0,0.0,siteB
0.0,0.0,siteB
0.0,0.0,siteB
0.0,0.0,siteB
0.0,0.0,siteB
0.0,0.0,siteB
0.0,0.0,siteB
0.0,0.0,siteB
0.0,0.0,siteB
0.0,0.0,siteB
0.0,0.0,siteB
0.0,0.0,siteB
0.0,0.0,siteB
0.0,0.0,siteB
0.0,0.0,siteB
0.0,0.0,siteB
0.0,0.0,siteB
0.0,0.0,siteB
0.0,0.0,siteB
0.0,0.0,siteB
0.0,0.0,siteB
0.0,0.0,siteB
0.0,0.0,siteB
0.0,0.0,siteB
0.0,0.0,siteB
0.0,0.0,siteB
0.0,0.0,siteB
0.0,0.0,siteB
0.0,0.0,siteB
0.0,0.0,siteB
0.0,0.0,siteB
0.0,0.0,siteB
0.0,0.0,siteB
0.0,0.0,siteB
0.0,0.0,siteB
0.0,0.0,siteB
0.0,0.0,siteB
0.0,0.0,siteB
0.0,0.0,siteB
0.0,0.0,siteB
0.0,0.0,siteB
0.0,0.0,siteB
0.0,0.0,siteB
0.0,0.0,siteB
0.0,0.0,siteB
0.0,0.0,siteB
0.0,0.0,siteB
0.0,0.0,siteB
0.0,0.0,siteB
0.0,0.0,siteB
0.0,0.0,siteB
0.0,0.0,siteB
0.0,0.0,siteB
0.0,0.0,siteB
0.0,0.0,siteB
0.0,0.0,siteB
0.0,0.0,siteB
0.0,0.0,siteB
0.0,0.0,siteB
0.0,0.0,siteB
0.0,0.0,siteB
0.0,0.0,siteB
0.0,0.0,siteB
0.0,0.0,siteB
0.0,0.0,siteB
0.0,0.0,siteB
0.0,0.0,siteB
0.0,0.0,siteB
0.0,0.0,siteB
0.0,0.0,siteB
0.0,0.0,siteB
0.0,0.0,siteB
0.0,0.0,siteB
0.0,0.0,siteB
0.0,0.0,siteB
0.0,0.0,siteB
0.0,0.0,siteB
0.0,0.0,siteB
0.0,0.0,siteB
0.0,0.0,siteB
0.0,0.0,siteB
0.0,0.0,siteB
0.0,0.0,siteB
0.0,0.0,siteB
0.0,0.0,siteB
0.0,0.0,siteB
0.0,0.0,siteB
0.0,0.0,siteB
0.0,0.0,siteB
0.0,0.0,siteB
0.0,0.0,siteB
0.0,0.0,siteB
0.0,0.0,siteB
0.0,0.0,siteB
0.0,0.0,siteB
0.0,0.0,siteB
0.0,0.0,siteB
0.0,0.0,siteB
0.0,0.0,siteB
0.0,0.0,siteB
0.0,0.0,siteB
0.0,0.0,siteB
0.0,0.0,siteB
0.0,0.0,siteB
0.0,0.0,siteB
0.0,0.0,siteB
0.0,0.0,siteB
0.0,0.0,siteB
0.0,0.0,siteB
0.0,0.0,siteB
0.0,0.0,siteB
0.0,0.0,siteB
0.0,0.0,siteB
0.0,0.0,siteB
0.0,0.0,siteB
0.0,0.0,siteB
0.0,0.0,siteB
0.0,0.0,siteB
0.0,0.0,siteB
0.0,0.0,siteB
0.0,0.0,siteB
0.0,0.0,siteB
0.0,0.0,siteB
0.0,0.0,siteB
0.0,0.0,siteB
0.0,0.0,siteB
0.0,0.0,siteB
0.0,0.0,siteB
0.0,0.0,siteB
0.0,0.0,siteB
0.0,0.0,siteB
0.0,0.0,siteB
0.0,0.0,siteB
0.0,0.0,siteB
0.0,0.0,siteB
0.0,0.0,siteB
0.0,0.0,siteB
0.0,0.0,siteB
0.0,0.0,siteB
0.0,0.0,siteB
0.0,0.0,siteB
0.0,0.0,siteB
0.0,0.0,siteB
0.0,0.0,siteB
0.0,0.0,siteB
0.0,0.0,siteB
0.0,0.0,siteB
0.0,0.0,siteB
0.0,0.0,siteB
0.0,0.0,siteB
0.0,0.0,siteB
0.0,0.0,siteB
0.0,0.0,siteB
0.0,0.0,siteB
0.0,0.0,siteB
0.0,0.0,siteB
0.0,0.0,siteB
0.0,0.0,siteB
0.0,0.0,siteB
0.0,0.0,siteB
0.0,0.0,siteB
0.0,0.0,siteB
0.0,0.0,siteB
0.0,0.0,siteB
0.0,0.0,siteB
0.0,0.0,siteB
0.0,0.0,siteB
0.0,0.0,siteB
0.0,0.0,siteB
0.0,0.0,siteB
0.0,0.0,siteB
0.0,0.0,siteB
0.0,0.0,siteB
0.0,0.0,siteB
0.0,0.0,siteB
0.0,0.0,siteB
0.0,0.0,siteB
0.0,0.0,siteB
0.0,0.0,siteB
0.0,0.0,siteB
0.0,0.0,siteB
0.0,0.0,siteB
0.0,0.0,siteB
0.0,0.0,siteB
0.0,0.0,siteB
0.0,0.0,siteB
0.0,0.0,siteB
0.0,0.0,siteB
0.0,0.0,siteB
0.0,0.0,siteB
0.0,0.0,siteB
0.0,0.0,siteB
0.0,0.0,siteB
0.0,0.0,siteB
0.0,0.0,siteB
0.0,0.0,siteB
0.0,0.0,siteB
0.0,0.0,siteB
0.0,0.0,siteB
0.0,0.0,siteB
0.0,0.0,siteB
0.0,0.0,siteB
0.0,0.0,siteB
0.0,0.0,siteB
0.0,0.0,siteB
0.0,0.0,siteB
0.0,0.0,siteB
0.0,0.0,siteB
0.0,0.0,siteB
0.0,0.0,siteB
0.0,0.0,siteB
0.0,0.0,siteB
0.0,0.0,siteB
0.0,0.0,siteB
0.0,0.0,siteB
0.0,0.0,siteB
0.0,0.0,siteB
0.0,0.0,siteB
0.0,0.0,siteB
0.0,0.0,siteB
0.0,0.0,siteB
0.0,0.0,siteB
0.0,0.0,siteB
0.0,0.0,siteB
0.0,0.0,siteB
0.0,0.0,siteB
0.0,0.0,siteB
0.0,0.0,siteB
0.0,0.0,siteB
0.0,0.0,siteB
0.0,0.0,siteB
0.0,0.0,siteB
0.0,0.0,siteB
0.0,0.0,siteB
0.0,0.0,siteB
0.0,0.0,siteB
0.0,0.0,siteB
0.0,0.0,siteB
0.0,0.0,siteB
0.0,0.0,siteB
0.0,0.0,siteB
0.0,0.0,siteB
0.0,0.0,siteB
0.0,0.0,siteB
0.0,0.0,siteB
0.0,0.0,siteB
0.0,0.0,siteB
0.0,0.0,siteB
0.0,0.0,siteB
0.0,0.0,siteB
0.0,0.0,siteB
0.0,0.0,siteB
0.0,0.0,siteB
0.0,0.0,siteB
0.0,0.0,siteB
0.0,0.0,siteB
0.0,0.0,siteB
0.0,0.0,siteB
0.0,0.0,siteB
0.0,0.0,siteB
0.0,0.0,siteB
0.0,0.0,siteB
0.0,0.0,siteB
0.0,0.0,siteB
0.0,0.0,siteB
0.0,0.0,siteB
0.0,0.0,siteB
0.0,0.0,siteB
0.0,0.0,siteB
0.0,0.0,siteB
0.0,0.0,siteB
0.0,0.0,siteB
0.0,0.0,siteB
0.0,0.0,siteB
0.0,0.0,siteB
0.0,0.0,siteB
0.0,0.0,siteB
0.0,0.0,siteB
0.0,0.0,siteB
0.0,0.0,siteB
0.0,0.0,siteB
0.0,0.0,siteB
0.0,0.0,siteB
0.0,0.0,siteB
0.0,0.0,siteB
0.0,0.0,siteB
0.0,0.0,siteB
0.0,0.0,siteB
0.0,0.0,siteB
0.0,0.0,siteB
0.0,0.0,siteB
0.0,0.0,siteB
0.0,0.0,siteB
0.0,0.0,siteB
0.0,0.0,siteB
0.0,0.0,siteB
0.0,0.0,siteB
0.0,0.0,siteB
0.0,0.0,siteB
0.0,0.0,siteB
0.0,0.0,siteB
0.0,0.0,siteB
0.0,0.0,siteB
0.0,0.0,siteB
0.0,0.0,siteB
0.0,0.0,siteB
0.0,0.0,siteB
0.0,0.0,siteB
0.0,0.0,siteB
0.0,0.0,siteB
0.0,0.0,siteB
0.0,0.0,siteB
0.0,0.0,siteB
0.0,0.0,siteB
0.0,0.0,siteB
0.0,0.0,siteB
0.0,0.0,siteB
0.0,0.0,siteB
0.0,0.0,siteB
0.0,0.0,siteB
0.0,0.0,siteB
0.0,0.0,siteB
0.0,0.0,siteB
0.0,0.0,siteB
0.0,0.0,siteB
0.0,0.0,siteB
0.0,0.0,siteB
0.0,0.0,siteB
0.0,0.0,siteB
0.0,0.0,siteB
0.0,0.0,siteB
0.0,0.0,siteB
0.0,0.0,siteB
0.0,0.0,siteB
0.0,0.0,siteB
0.0,0.0,siteB
0.0,0.0,siteB
0.0,0.0,siteB
0.0,0.0,siteB
0.0,0.0,siteB
0.0,0.0,siteB
0.0,0.0,siteB
0.0,0.0,siteB
0.0,0.0,siteB
0.0,0.0,siteB
0.0,0.0,siteB
0.0,0.0,siteB
0.0,0.0,siteB
0.0,0.0,siteB
0.0,0.0,siteB
0.0,0.0,siteB
0.0,0.0,siteB
0.0,0.0,siteB
0.0,0.0,siteB
0.0,0.0,siteB
0.0,0.0,siteB
0.0,0.0,siteB
0.0,0.0,siteB
0.0,0.0,siteB
0.0,0.0,siteB
0.0,0.0,siteB
0.0,0.0,siteB
0.0,0.0,siteB
0.0,0.0,siteB
0.0,0.0,siteB
0.0,0.0,siteB
0.0,0.0,siteB
0.0,0.0,siteB
0.0,0.0,siteB
0.0,0.0,siteB
0.0,0.0,siteB
0.0,0.0,siteB
0.0,0.0,siteB
0.0,0.0,siteB
0.0,0.0,siteB
0.0,0.0,siteB
0.0,0.0,siteB
0.0,0.0,siteB
0.0,0.0,siteB
0.0,0.0,siteB
0.0,0.0,siteB
0.0,0.0,siteB
0.0,0.0,siteB
0.0,0.0,siteB
0.0,0.0,siteB
0.0,0.0,siteB
0.0,0.0,siteB
0.0,0.0,siteB
0.0,0.0,siteB
0.0,0.0,siteB
0.0,0.0,siteB
0.0,0.0,siteB
0.0,0.0,siteB
0.0,0.0,siteB
0.0,0.0,siteB
0.0,0.0,siteB
0.0,0.0,siteB
0.0,0.0,siteB
0.0,0.0,siteB
0.0,0.0,siteB
0.0,0.0,siteB
0.0,0.0,siteB
0.0,0.0,siteB
0.0,0.0,siteB
0.0,0.0,siteB
0.0,0.0,siteB
0.0,0.0,siteB
0.0,0.0,siteB
0.0,0.0,siteB
0.0,0.0,siteB
0.0,0.0,siteB
0.0,0.0,siteB
0.0,0.0,siteB
0.0,0.0,siteB
0.0,0.0,siteB
0.0,0.0,siteB
0.0,0.0,siteB
0.0,0.0,siteB
0.0,0.0,siteB
0.0,0.0,siteB
0.0,0.0,siteB
0.0,0.0,siteB
0.0,0.0,siteB
0.0,0.0,siteB
0.0,0.0,siteB
0.0,0.0,siteB
0.0,0.0,siteB
0.0,0.0,siteB
0.0,0.0,siteB
0.0,0.0,siteB
0.0,0.0,siteB
0.0,0.0,siteB
0.0,0.0,siteB
0.0,0.0,siteB
0.0,0.0,siteB
0.0,0.0,siteB
0.0,0.0,siteB
0.0,0.0,siteB
0.0,0.0,siteB
0.0,0.0,siteB
0.0,0.0,siteB
0.0,0.0,siteB
0.0,0.0,siteB
0.0,0.0,siteB
0.0,0.0,siteB
0.0,0.0,siteB
0.0,0.0,siteB
0.0,0.0,siteB
0.0,0.0,siteB
0.0,0.0,siteB
0.0,0.0,siteB
0.0,0.0,siteB
0.0,0.0,siteB
0.0,0.0,siteB
0.0,0.0,siteB
0.0,0.0,siteB
0.0,0.0,siteB
0.0,0.0,siteB
0.0,0.0,siteB
0.0,0.0,siteB
0.0,0.0,siteB
0.0,0.0,siteB
0.0,0.0,siteB
0.0,0.0,siteB
0.0,0.0,siteB
0.0,0.0,siteB
0.0,0.0,siteB
0.0,0.0,siteB
0.0,0.0,siteB
0.0,0.0,siteB
0.0,0.0,siteB
0.0,0.0,siteB
0.0,0.0,siteB
0.0,0.0,siteB
0.0,0.0,siteB
0.0,0.0,siteB
0.0,0.0,siteB
0.0,0.0,siteB
0.0,0.0,siteB
0.0,0.0,siteB
0.0,0.0,siteB
0.0,0.0,siteB
0.0,0.0,siteB
0.0,0.0,siteB
0.0,0.0,siteB
0.0,0.0,siteB
0.0,0.0,siteB
0.0,0.0,siteB
0.0,0.0,siteB
0.0,0.0,siteB
0.0,0.0,siteB
0.0,0.0,siteB
0.0,0.0,siteB
0.0,0.0,siteB
0.0,0.0,siteB
0.0,0.0,siteB
0.0,0.0,siteB
0.0,0.0,siteB
0.0,0.0,siteB
0.0,0.0,siteB
0.0,0.0,siteB
0.0,0.0,siteB
0.0,0.0,siteB
0.0,0.0,siteB
0.0,0.0,siteB
0.0,0.0,siteB
0.0,0.0,siteB
0.0,0.0,siteB
0.0,0.0,siteB
0.0,0.0,siteB
0.0,0.0,siteB
0.0,0.0,siteB
0.0,0.0,siteB
0.0,0.0,siteB
0.0,0.0,siteB
0.0,0.0,siteB
0.0,0.0,siteB
0.0,0.0,siteB
0.0,0.0,siteB
0.0,0.0,siteB
0.0,0.0,siteB
0.0,0.0,siteB
0.0,0.0,siteB
0.0,0.0,siteB
0.0,0.0,siteB
0.0,0.0,siteB
0.0,0.0,siteB
0.0,0.0,siteB
0.0,0.0,siteB
0.0,0.0,siteB
0.0,0.0,siteB
0.0,0.0,siteB
0.0,0.0,siteB
0.0,0.0,siteB
0.0,0.0,siteB
0.0,0.0,siteB
0.0,0.0,siteB
0.0,0.0,siteB
0.0,0.0,siteB
0.0,0.0,siteB
0.0,0.0,siteB
0.0,0.0,siteB
0.0,0.0,siteB
0.0,0.0,siteB
0.0,0.0,siteB
0.0,0.0,siteB
0.0,0.0,siteB
0.0,0.0,siteB
0.0,0.0,siteB
0.0,0.0,siteB
0.0,0.0,siteB
0.0,0.0,siteB
0.0,0.0,siteB
0.0,0.0,siteB
0.0,0.0,siteB
0.0,0.0,siteB
0.0,0.0,siteB
0.0,0.0,siteB
0.0,0.0,siteB
0.0,0.0,siteB
0.0,0.0,siteB
0.0,0.0,siteB
0.0,0.0,siteB
0.0,0.0,siteB
0.0,0.0,siteB
0.0,0.0,siteB
0.0,0.0,siteB
0.0,0.0,siteB
0.0,0.0,siteB
0.0,0.0,siteB
0.0,0.0,siteB
0.0,0.0,siteB
0.0,0.0,siteB
0.0,0.0,siteB
0.0,0.0,siteB
0.0,0.0,siteB
0.0,0.0,siteB
0.0,0.0,siteB
0.0,0.0,siteB
0.0,0.0,siteB
0.0,0.0,siteB
0.0,0.0,siteB
0.0,0.0,siteB
0.0,0.0,siteB
0.0,0.0,siteB
0.0,0.0,siteB
0.0,0.0,siteB
0.0,0.0,siteB
0.0,0.0,siteB
0.0,0.0,siteB
0.0,0.0,siteB
0.0,0.0,siteB
0.0,0.0,siteB
0.0,0.0,siteB
0.0,0.0,siteB
0.0,0.0,siteB
0.0,0.0,siteB
0.0,0.0,siteB
0.0,0.0,siteB
0.0,0.0,siteB
0.0,0.0,siteB
0.0,0.0,siteB
0.0,0.0,siteB
0.0,0.0,siteB
0.0,0.0,siteB
0.0,0.0,siteB
0.0,0.0,siteB
0.0,0.0,siteB
0.0,0.0,siteB
0.0,0.0,siteB
0.0,0.0,siteB
0.0,0.0,siteB
0.0,0.0,siteB
0.0,0.0,siteB
0.0,0.0,siteB
0.0,0.0,siteB
0.0,0.0,siteB
0.0,0.0,siteB
0.0,0.0,siteB
0.0,0.0,siteB
0.0,0.0,siteB
0.0,0.0,siteB
0.0,0.0,siteB
0.0,0.0,siteB
0.0,0.0,siteB
0.0,0.0,siteB
0.0,0.0,siteB
0.0,0.0,siteB
0.0,0.0,siteB
0.0,0.0,siteB
0.0,0.0,siteB
0.0,0.0,siteB
0.0,0.0,siteB
0.0,0.0,siteB
0.0,0.0,siteB
0.0,0.0,siteB
0.0,0.0,siteB
0.0,0.0,siteB
0.0,0.0,siteB
0.0,0.0,siteB
0.0,0.0,siteB
0.0,0.0,siteB
0.0,0.0,siteB
0.0,0.0,siteB
0.0,0.0,siteB
0.0,0.0,siteB
0.0,0.0,siteB
0.0,0.0,siteB
0.0,0.0,siteB
0.0,0.0,siteB
0.0,0.0,siteB
0.0,0.0,siteB
0.0,0.0,siteB
0.0,0.0,siteB
0.0,0.0,siteB
0.0,0.0,siteB
0.0,0.0,siteB
0.0,0.0,siteB
0.0,0.0,siteB
0.0,0.0,siteB
0.0,0.0,siteB
0.0,0.0,siteB
0.0,0.0,siteB
0.0,0.0,siteB
0.0,0.0,siteB
0.0,0.0,siteB
0.0,0.0,siteB
0.0,0.0,siteB
0.0,0.0,siteB
0.0,0.0,siteB
0.0,0.0,siteB
0.0,0.0,siteB
0.0,0.0,siteB
0.0,0.0,siteB
0.0,0.0,siteB
0.0,0.0,siteB
0.0,0.0,siteB
0.0,0.0,siteB
0.0,0.0,siteB
0.0,0.0,siteB
0.0,0.0,siteB
0.0,0.0,siteB
0.0,0.0,siteB
0.0,0.0,siteB
0.0,0.0,siteB
0.0,0.0,siteB
0.0,0.0,siteB
0.0,0.0,siteB
0.0,0.0,siteB
0.0,0.0,siteB
0.0,0.0,siteB
0.0,0.0,siteB
0.0,0.0,siteB
0.0,0.0,siteB
0.0,0.0,siteB
0.0,0.0,siteB
0.0,0.0,siteB
0.0,0.0,siteB
0.0,0.0,siteB
0.0,0.0,siteB
0.0,0.0,siteB
0.0,0.0,siteB
0.0,0.0,siteB
0.0,0.0,siteB
0.0,0.0,siteB
0.0,0.0,siteB
0.0,0.0,siteB
0.0,0.0,siteB
0.0,0.0,siteB
0.0,0.0,siteB
0.0,0.0,siteB
0.0,0.0,siteB
0.0,0.0,siteB
0.0,0.0,siteB
0.0,0.0,siteB
0.0,0.0,siteB
0.0,0.0,siteB
0.0,0.0,siteB
0.0,0.0,siteB
0.0,0.0,siteB
0.0,0.0,siteB
0.0,0.0,siteB
0.0,0.0,siteB
0.0,0.0,siteB
0.0,0.0,siteB
0.0,0.0,siteB
0.0,0.0,siteB
0.0,0.0,siteB
0.0,0.0,siteB
0.0,0.0,siteB
0.0,0.0,siteB
0.0,0.0,siteB
0.0,0.0,siteB
0.0,0.0,siteB
0.0,0.0,siteB
0.0,0.0,siteB
0.0,0.0,siteB
0.0,0.0,siteB
0.0,0.0,siteB
0.0,0.0,siteB
0.0,0.0,siteB
0.0,0.0,siteB
0.0,0.0,siteB
0.0,0.0,siteB
0.0,0.0,siteB
0.0,0.0,siteB
0.0,0.0,siteB
0.0,0.0,siteB
0.0,0.0,siteB
0.0,0.0,siteB
0.0,0.0,siteB
0.0,0.0,siteB
0.0,0.0,siteB
0.0,0.0,siteB
0.0,0.0,siteB
0.0,0.0,siteB
0.0,0.0,siteB
0.0,0.0,siteB
0.0,0.0,siteB
0.0,0.0,siteB
0.0,0.0,siteB
0.0,0.0,siteB
0.0,0.0,siteB
0.0,0.0,siteB
0.0,0.0,siteB
0.0,0.0,siteB
0.0,0.0,siteB
0.0,0.0,siteB
0.0,0.0,siteB
0.0,0.0,siteB
0.0,0.0,siteB
0.0,0.0,siteB
0.0,0.0,siteB
0.0,0.0,siteB
0.0,0.0,siteB
0.0,0.0,siteB
0.0,0.0,siteB
0.0,0.0,siteB
0.0,0.0,siteB
0.0,0.0,siteB
0.0,0.0,siteB
0.0,0.0,siteB
0.0,0.0,siteB
0.0,0.0,siteB
0.0,0.0,siteB
0.0,0.0,siteB
0.0,0.0,siteB
0.0,0.0,siteB
0.0,0.0,siteB
0.0,0.0,siteB
0.0,0.0,siteB
0.0,0.0,siteB
0.0,0.0,siteB
0.0,0.0,siteB
0.0,0.0,siteB
0.0,0.0,siteB
0.0,0.0,siteB
0.0,0.0,siteB
0.0,0.0,siteB
0.0,0.0,siteB
0.0,0.0,siteB
0.0,0.0,siteB
0.0,0.0,siteB
0.0,0.0,siteB
0.0,0.0,siteB
0.0,0.0,siteB
0.0,0.0,siteB
0.0,0.0,siteB
0.0,0.0,siteB
0.0,0.0,siteB
0.0,0.0,siteB
0.0,0.0,siteB
0.0,0.0,siteB
0.0,0.0,siteB
0.0,0.0,siteB
0.0,0.0,siteB
0.0,0.0,siteB
0.0,0.0,siteB
0.0,0.0,siteB
0.0,0.0,siteB
0.0,0.0,siteB
0.0,0.0,siteB
0.0,0.0,siteB
0.0,0.0,siteB
0.0,0.0,siteB
0.0,0.0,siteB
0.0,0.0,siteB
0.0,0.0,siteB
0.0,0.0,siteB
0.0,0.0,siteB
0.0,0.0,siteB
0.0,0.0,siteB
0.0,0.0,siteB
0.0,0.0,siteB
0.0,0.0,siteB
0.0,0.0,siteB
0.0,0.0,siteB
0.0,0.0,siteB
0.0,0.0,siteB
0.0,0.0,siteB
0.0,0.0,siteB
0.0,0.0,siteB
0.0,0.0,siteB
0.0,0.0,siteB
0.0,0.0,siteB
0.0,0.0,siteB
0.0,0.0,siteB
0.0,0.0,siteB
0.0,0.0,siteB
0.0,0.0,siteB
0.0,0.0,siteB
0.0,0.0,siteB
0.0,0.0,siteB
0.0,0.0,siteB
0.0,0.0,siteB
0.0,0.0,siteB
0.0,0.0,siteB
0.0,0.0,siteB
0.0,0.0,siteB
0.0,0.0,siteB
0.0,0.0,siteB
0.0,0.0,siteB
0.0,0.0,siteB
0.0,0.0,siteB
0.0,0.0,siteB
0.0,0.0,siteB
0.0,0.0,siteB
0.0,0.0,siteB
0.0,0.0,siteB
0.0,0.0,siteB
0.0,0.0,siteB
0.0,0.0,siteB
0.0,0.0,siteB
0.0,0.0,siteB
0.0,0.0,siteB
0.0,0.0,siteB
0.0,0.0,siteB
0.0,0.0,siteB
0.0,0.0,siteB
0.0,0.0,siteB
0.0,0.0,siteB
0.0,0.0,siteB
0.0,0.0,siteB
0.0,0.0,siteB
0.0,0.0,siteB
0.0,0.0,siteB
0.0,0.0,siteB
0.0,0.0,siteB
0.0,0.0,siteB
0.0,0.0,siteB
0.0,0.0,siteB
0.0,0.0,siteB
0.0,0.0,siteB
0.0,0.0,siteB
0.0,0.0,siteB
0.0,0.0,siteB
0.0,0.0,siteB
0.0,0.0,siteB
0.0,0.0,siteB
0.0,0.0,siteB
0.0,0.0,siteB
0.0,0.0,siteB
0.0,0.0,siteB
0.0,0.0,siteB
0.0,0.0,siteB
0.0,0.0,siteB
0.0,0.0,siteB
0.0,0.0,siteB
0.0,0.0,siteB
0.0,0.0,siteB
0.0,0.0,siteB
0.0,0.0,siteB
0.0,0.0,siteB
0.0,0.0,siteB
0.0,0.0,siteB
0.0,0.0,siteB
0.0,0.0,siteB
0.0,0.0,siteB
0.0,0.0,siteB
0.0,0.0,siteB
0.0,0.0,siteB
0.0,0.0,siteB
0.0,0.0,siteB
0.0,0.0,siteB
0.0,0.0,siteB
0.0,0.0,siteB
0.0,0.0,siteB
0.0,0.0,siteB
0.0,0.0,siteB
0.0,0.0,siteB
0.0,0.0,siteB
0.0,0.0,siteB
0.0,0.0,siteB
0.0,0.0,siteB
0.0,0.0,siteB
0.0,0.0,siteB
0.0,0.0,siteB
0.0,0.0,siteB
0.0,0.0,siteB
0.0,0.0,siteB
0.0,0.0,siteB
0.0,0.0,siteB
0.0,0.0,siteB
0.0,0.0,siteB
0.0,0.0,siteB
0.0,0.0,siteB
0.0,0.0,siteB
0.0,0.0,siteB
0.0,0.0,siteB
0.0,0.0,siteB
0.0,0.0,siteB
0.0,0.0,siteB
0.0,0.0,siteB
0.0,0.0,siteB
0.0,0.0,siteB
0.0,0.0,siteB
0.0,0.0,siteB
0.0,0.0,siteB
0.0,0.0,siteB
0.0,0.0,siteB
0.0,0.0,siteB
0.0,0.0,siteB
0.0,0.0,siteB
0.0,0.0,siteB
0.0,0.0,siteB
0.0,0.0,siteB
0.0,0.0,siteB
0.0,0.0,siteB
0.0,0.0,siteB
0.0,0.0,siteB
0.0,0.0,siteB
0.0,0.0,siteB
0.0,0.0,siteB
0.0,0.0,siteB
0.0,0.0,siteB
0.0,0.0,siteB
0.0,0.0,siteB
0.0,0.0,siteB
0.0,0.0,siteB
0.0,0.0,siteB
0.0,0.0,siteB
0.0,0.0,siteB
0.0,0.0,siteB
0.0,0.0,siteB
0.0,0.0,siteB
0.0,0.0,siteB
0.0,0.0,siteB
0.0,0.0,siteB
0.0,0.0,siteB
0.0,0.0,siteB
0.0,0.0,siteB
0.0,0.0,siteB
0.0,0.0,siteB
0.0,0.0,siteB
0.0,0.0,siteB
0.0,0.0,siteB
0.0,0.0,siteB
0.0,0.0,siteB
0.0,0.0,siteB
0.0,0.0,siteB
0.0,0.0,siteB
0.0,0.0,siteB
0.0,0.0,siteB
0.0,0.0,siteB
0.0,0.0,siteB
0.0,0.0,siteB
0.0,0.0,siteB
0.0,0.0,siteB
0.0,0.0,siteB
0.0,0.0,siteB
0.0,0.0,siteB
0.0,0.0,siteB
0.0,0.0,siteB
0.0,0.0,siteB
0.0,0.0,siteB
0.0,0.0,siteB
0.0,0.0,siteB
0.0,0.0,siteB
0.0,0.0,siteB
0.0,0.0,siteB
0.0,0.0,siteB
0.0,0.0,siteB
0.0,0.0,siteB
0.0,0.0,siteB
0.0,0.0,siteB
0.0,0.0,siteB
0.0,0.0,siteB
0.0,0.0,siteB
0.0,0.0,siteB
0.0,0.0,siteB
0.0,0.0,siteB
0.0,0.0,siteB
0.0,0.0,siteB
0.0,0.0,siteB
0.0,0.0,siteB
0.0,0.0,siteB
0.0,0.0,siteB
0.0,0.0,siteB
0.0,0.0,siteB
0.0,0.0,siteB
0.0,0.0,siteB
0.0,0.0,siteB
0.0,0.0,siteB
0.0,0.0,siteB
0.0,0.0,siteB
0.0,0.0,siteB
0.0,0.0,siteB
0.0,0.0,siteB
0.0,0.0,siteB
0.0,0.0,siteB
0.0,0.0,siteB
0.0,0.0,siteB
0.0,0.0,siteB
0.0,0.0,siteB
0.0,0.0,siteB
0.0,0.0,siteB
0.0,0.0,siteB
0.0,0.0,siteB
0.0,0.0,siteB
0.0,0.0,siteB
0.0,0.0,siteB
0.0,0.0,siteB
0.0,0.0,siteB
0.0,0.0,siteB
0.0,0.0,siteB
0.0,0.0,siteB
0.0,0.0,siteB
0.0,0.0,siteB
0.0,0.0,siteB
0.0,0.0,siteB
0.0,0.0,siteB
0.0,0.0,siteB
0.0,0.0,siteB
0.0,0.0,siteB
0.0,0.0,siteB
0.0,0.0,siteB
0.0,0.0,siteB
0.0,0.0,siteB
0.0,0.0,siteB
0.0,0.0,siteB
0.0,0.0,siteB
0.0,0.0,siteB
0.0,0.0,siteB
0.0,0.0,siteB
0.0,0.0,siteB
0.0,0.0,siteB
0.0,0.0,siteB
0.0,0.0,siteB
0.0,0.0,siteB
0.0,0.0,siteB
0.0,0.0,siteB
0.0,0.0,siteB
0.0,0.0,siteB
0.0,0.0,siteB
0.0,0.0,siteB
0.0,0.0,siteB
0.0,0.0,siteB
0.0,0.0,siteB
0.0,0.0,siteB
0.0,0.0,siteB
0.0,0.0,siteB
0.0,0.0,siteB
0.0,0.0,siteB
0.0,0.0,siteB
0.0,0.0,siteB
0.0,0.0,siteB
0.0,0.0,siteB
0.0,0.0,siteB
0.0,0.0,siteB
0.0,0.0,siteB
0.0,0.0,siteB
0.0,0.0,siteB
0.0,0.0,siteB
0.0,0.0,siteB
0.0,0.0,siteB
0.0,0.0,siteB
0.0,0.0,siteB
0.0,0.0,siteB
0.0,0.0,siteB
0.0,0.0,siteB
0.0,0.0,siteB
0.0,0.0,siteB
0.0,0.0,siteB
0.0,0.0,siteB
0.0,0.0,siteB
0.0,0.0,siteB
0.0,0.0,siteB
0.0,0.0,siteB
0.0,0.0,siteB
0.0,0.0,siteB
0.0,0.0,siteB
0.0,0.0,siteB
0.0,0.0,siteB
0.0,0.0,siteB
0.0,0.0,siteB
0.0,0.0,siteB
0.0,0.0,siteB
0.0,0.0,siteB
0.0,0.0,siteB
0.0,0.0,siteB
0.0,0.0,siteB
0.0,0.0,siteB
0.0,0.0,siteB
0.0,0.0,siteB
0.0,0.0,siteB
0.0,0.0,siteB
0.0,0.0,siteB
0.0,0.0,siteB
0.0,0.0,siteB
0.0,0.0,siteB
0.0,0.0,siteB
0.0,0.0,siteB
0.0,0.0,siteB
0.0,0.0,siteB
0.0,0.0,siteB
0.0,0.0,siteB
0.0,0.0,siteB
0.0,0.0,siteB
0.0,0.0,siteB
0.0,0.0,siteB
0.0,0.0,siteB
0.0,0.0,siteB
0.0,0.0,siteB
0.0,0.0,siteB
0.0,0.0,siteB
0.0,0.0,siteB
0.0,0.0,siteB
0.0,0.0,siteB
0.0,0.0,siteB
0.0,0.0,siteB
0.0,0.0,siteB
0.0,0.0,siteB
0.0,0.0,siteB
0.0,0.0,siteB
0.0,0.0,siteB
0.0,0.0,siteB
0.0,0.0,siteB
0.0,0.0,siteB
0.0,0.0,siteB
0.0,0.0,siteB
0.0,0.0,siteB
0.0,0.0,siteB
0.0,0.0,siteB
0.0,0.0,siteB
0.0,0.0,siteB
0.0,0.0,siteB
0.0,0.0,siteB
0.0,0.0,siteB
0.0,0.0,siteB
0.0,0.0,siteB
0.0,0.0,siteB
0.0,0.0,siteB
0.0,0.0,siteB
0.0,0.0,siteB
0.0,0.0,siteB
0.0,0.0,siteB
0.0,0.0,siteB
0.0,0.0,siteB
0.0,0.0,siteB
0.0,0.0,siteB
0.0,0.0,siteB
0.0,0.0,siteB
0.0,0.0,siteB
0.0,0.0,siteB
0.0,0.0,siteB
0.0,0.0,siteB
0.0,0.0,siteB
0.0,0.0,siteB
0.0,0.0,siteB
0.0,0.0,siteB
0.0,0.0,siteB
0.0,0.0,siteB
0.0,0.0,siteB
0.0,0.0,siteB
0.0,0.0,siteB
0.0,0.0,siteB
0.0,0.0,siteB
0.0,0.0,siteB
0.0,0.0,siteB
0.0,0.0,siteB
0.0,0.0,siteB
0.0,0.0,siteB
0.0,0.0,siteB
0.0,0.0,siteB
0.0,0.0,siteB
0.0,0.0,siteB
0.0,0.0,siteB
0.0,0.0,siteB
0.0,0.0,siteB
0.0,0.0,siteB
0.0,0.0,siteB
0.0,0.0,siteB
0.0,0.0,siteB
0.0,0.0,siteB
0.0,0.0,siteB
0.0,0.0,siteB
0.0,0.0,siteB
0.0,0.0,siteB
0.0,0.0,siteB
0.0,0.0,siteB
0.0,0.0,siteB
0.0,0.0,siteB
0.0,0.0,siteB
0.0,0.0,siteB
0.0,0.0,siteB
0.0,0.0,siteB
0.0,0.0,siteB
0.0,0.0,siteB
0.0,0.0,siteB
0.0,0.0,siteB
0.0,0.0,siteB
0.0,0.0,siteB
0.0,0.0,siteB
0.0,0.0,siteB
0.0,0.0,siteB
0.0,0.0,siteB
0.0,0.0,siteB
0.0,0.0,siteB
0.0,0.0,siteB
0.0,0.0,siteB
0.0,0.0,siteB
0.0,0.0,siteB
0.0,0.0,siteB
0.0,0.0,siteB
0.0,0.0,siteB
0.0,0.0,siteB
0.0,0.0,siteB
0.0,0.0,siteB
0.0,0.0,siteB
0.0,0.0,siteB
0.0,0.0,siteB
0.0,0.0,siteB
0.0,0.0,siteB
0.0,0.0,siteB
0.0,0.0,siteB
0.0,0.0,siteB
0.0,0.0,siteB
0.0,0.0,siteB
0.0,0.0,siteB
0.0,0.0,siteB
0.0,0.0,siteB
0.0,0.0,siteB
0.0,0.0,siteB
0.0,0.0,siteB
0.0,0.0,siteB
0.0,0.0,siteB
0.0,0.0,siteB
0.0,0.0,siteB
0.0,0.0,siteB
0.0,0.0,siteB
0.0,0.0,siteB
0.0,0.0,siteB
0.0,0.0,siteB
0.0,0.0,siteB
0.0,0.0,siteB
0.0,0.0,siteB
0.0,0.0,siteB
0.0,0.0,siteB
0.0,0.0,siteB
0.0,0.0,siteB
0.0,0.0,siteB
0.0,0.0,siteB
0.0,0.0,siteB
0.0,0.0,siteB
0.0,0.0,siteB
0.0,0.0,siteB
0.0,0.0,siteB
0.0,0.0,siteB
0.0,0.0,siteB
0.0,0.0,siteB
0.0,0.0,siteB
0.0,0.0,siteB
0.0,0.0,siteB
0.0,0.0,siteB
0.0,0.0,siteB
0.0,0.0,siteB
0.0,0.0,siteB
0.0,0.0,siteB
0.0,0.0,siteB
0.0,0.0,siteB
0.0,0.0,siteB
0.0,0.0,siteB
0.0,0.0,siteB
0.0,0.0,siteB
0.0,0.0,siteB
0.0,0.0,siteB
0.0,0.0,siteB
0.0,0.0,siteB
0.0,0.0,siteB
0.0,0.0,siteB
0.0,0.0,siteB
0.0,0.0,siteB
0.0,0.0,siteB
0.0,0.0,siteB
0.0,0.0,siteB
0.0,0.0,siteB
0.0,0.0,siteB
0.0,0.0,siteB
0.0,0.0,siteB
0.0,0.0,siteB
0.0,0.0,siteB
0.0,0.0,siteB
0.0,0.0,siteB
0.0,0.0,siteB
0.0,0.0,siteB
0.0,0.0,siteB
0.0,0.0,siteB
0.0,0.0,siteB
0.0,0.0,siteB
0.0,0.0,siteB
0.0,0.0,siteB
0.0,0.0,siteB
0.0,0.0,siteB
0.0,0.0,siteB
0.0,0.0,siteB
0.0,0.0,siteB
0.0,0.0,siteB
0.0,0.0,siteB
0.0,0.0,siteB
0.0,0.0,siteB
0.0,0.0,siteB
0.0,0.0,siteB
0.0,0.0,siteB
0.0,0.0,siteB
0.0,0.0,siteB
0.0,0.0,siteB
0.0,0.0,siteB
0.0,0.0,siteB
0.0,0.0,siteB
0.0,0.0,siteB
0.0,0.0,siteB
0.0,0.0,siteB
0.0,0.0,siteB
0.0,0.0,siteB
0.0,0.0,siteB
0.0,0.0,siteB
0.0,0.0,siteB
0.0,0.0,siteB
0.0,0.0,siteB
0.0,0.0,siteB
0.0,0.0,siteB
0.0,0.0,siteB
0.0,0.0,siteB
0.0,0.0,siteB
0.0,0.0,siteB
0.0,0.0,siteB
0.0,0.0,siteB
0.0,0.0,siteB
0.0,0.0,siteB
0.0,0.0,siteB
0.0,0.0,siteB
0.0,0.0,siteB
0.0,0.0,siteB
0.0,0.0,siteB
0.0,0.0,siteB
0.0,0.0,siteB
0.0,0.0,siteB
0.0,0.0,siteB
0.0,0.0,siteB
0.0,0.0,siteB
0.0,0.0,siteB
0.0,0.0,siteB
0.0,0.0,siteB
0.0,0.0,siteB
0.0,0.0,siteB
0.0,0.0,siteB
0.0,0.0,siteB
0.0,0.0,siteB
0.0,0.0,siteB
0.0,0.0,siteB
0.0,0.0,siteB
0.0,0.0,siteB
0.0,0.0,siteB
0.0,0.0,siteB
0.0,0.0,siteB
0.0,0.0,siteB
0.0,0.0,siteB
0.0,0.0,siteB
0.0,0.0,siteB
0.0,0.0,siteB
0.0,0.0,siteB
0.0,0.0,siteB
0.0,0.0,siteB
0.0,0.0,siteB
0.0,0.0,siteB
0.0,0.0,siteB
0.0,0.0,siteB
0.0,0.0,siteB
0.0,0.0,siteB
0.0,0.0,siteB
0.0,0.0,siteB
0.0,0.0,siteB
0.0,0.0,siteB
0.0,0.0,siteB
0.0,0.0,siteB
0.0,0.0,siteB
0.0,0.0,siteB
0.0,0.0,siteB
0.0,0.0,siteB
0.0,0.0,siteB
0.0,0.0,siteB
0.0,0.0,siteB
0.0,0.0,siteB
0.0,0.0,siteB
0.0,0.0,siteB
0.0,0.0,siteB
0.0,0.0,siteB
0.0,0.0,siteB
0.0,0.0,siteB
0.0,0.0,siteB
0.0,0.0,siteB
0.0,0.0,siteB
0.0,0.0,siteB
0.0,0.0,siteB
0.0,0.0,siteB
0.0,0.0,siteB
0.0,0.0,siteB
0.0,0.0,siteB
0.0,0.0,siteB
0.0,0.0,siteB
0.0,0.0,siteB
0.0,0.0,siteB
0.0,0.0,siteB
0.0,0.0,siteB
0.0,0.0,siteB
0.0,0.0,siteB
0.0,0.0,siteB
0.0,0.0,siteB
0.0,0.0,siteB
0.0,0.0,siteB
0.0,0.0,siteB
0.0,0.0,siteB
0.0,0.0,siteB
0.0,0.0,siteB
0.0,0.0,siteB
0.0,0.0,siteB
0.0,0.0,siteB
0.0,0.0,siteB
0.0,0.0,siteB
0.0,0.0,siteB
0.0,0.0,siteB
0.0,0.0,siteB
0.0,0.0,siteB
0.0,0.0,siteB
0.0,0.0,siteB
0.0,0.0,siteB
0.0,0.0,siteB
0.0,0.0,siteB
0.0,0.0,siteB
0.0,0.0,siteB
0.0,0.0,siteB
0.0,0.0,siteB
0.0,0.0,siteB
0.0,0.0,siteB
0.0,0.0,siteB
0.0,0.0,siteB
0.0,0.0,siteB
0.0,0.0,siteB
0.0,0.0,siteB
0.0,0.0,siteB
0.0,0.0,siteB
0.0,0.0,siteB
0.0,0.0,siteB
0.0,0.0,siteB
0.0,0.0,siteB
0.0,0.0,siteB
0.0,0.0,siteB
0.0,0.0,siteB
0.0,0.0,siteB
0.0,0.0,siteB
0.0,0.0,siteB
0.0,0.0,siteB
0.0,0.0,siteB
0.0,0.0,siteB
0.0,0.0,siteB
0.0,0.0,siteB
0.0,0.0,siteB
0.0,0.0,siteB
0.0,0.0,siteB
0.0,0.0,siteB
0.0,0.0,siteB
0.0,0.0,siteB
0.0,0.0,siteB
0.0,0.0,siteB
0.0,0.0,siteB
0.0,0.0,siteB
0.0,0.0,siteB
0.0,0.0,siteB
0.0,0.0,siteB
0.0,0.0,siteB
0.0,0.0,siteB
0.0,0.0,siteB
0.0,0.0,siteB
0.0,0.0,siteB
0.0,0.0,siteB
0.0,0.0,siteB
0.0,0.0,siteB
0.0,0.0,siteB
0.0,0.0,siteB
0.0,0.0,siteB
0.0,0.0,siteB
0.0,0.0,siteB
0.0,0.0,siteB
0.0,0.0,siteB
0.0,0.0,siteB
0.0,0.0,siteB
0.0,0.0,siteB
0.0,0.0,siteB
0.0,0.0,siteB
0.0,0.0,siteB
0.0,0.0,siteB
0.0,0.0,siteB
0.0,0.0,siteB
0.0,0.0,siteB
0.0,0.0,siteB
0.0,0.0,siteB
0.0,0.0,siteB
0.0,0.0,siteB
0.0,0.0,siteB
0.0,0.0,siteB
0.0,0.0,siteB
0.0,0.0,siteB
0.0,0.0,siteB
0.0,0.0,siteB
0.0,0.0,siteB
0.0,0.0,siteB
0.0,0.0,siteB
0.0,0.0,siteB
0.0,0.0,siteB
0.0,0.0,siteB
0.0,0.0,siteB
0.0,0.0,siteB
0.0,0.0,siteB
0.0,0.0,siteB
0.0,0.0,siteB
0.0,0.0,siteB
0.0,0.0,siteB
0.0,0.0,siteB
0.0,0.0,siteB
0.0,0.0,siteB
0.0,0.0,siteB
0.0,0.0,siteB
0.0,0.0,siteB
0.0,0.0,siteB
0.0,0.0,siteB
0.0,0.0,siteB
0.0,0.0,siteB
0.0,0.0,siteB
0.0,0.0,siteB
0.0,0.0,siteB
0.0,0.0,siteB
0.0,0.0,siteB
0.0,0.0,siteB
0.0,0.0,siteB
0.0,0.0,siteB
0.0,0.0,siteB
0.0,0.0,siteB
0.0,0.0,siteB
0.0,0.0,siteB
0.0,0.0,siteB
0.0,0.0,siteB
0.0,0.0,siteB
0.0,0.0,siteB
0.0,0.0,siteB
0.0,0.0,siteB
0.0,0.0,siteB
0.0,0.0,siteB
0.0,0.0,siteB
0.0,0.0,siteB
0.0,0.0,siteB
0.0,0.0,siteB
0.0,0.0,siteB
0.0,0.0,siteB
0.0,0.0,siteB
0.0,0.0,siteB
0.0,0.0,siteB
0.0,0.0,siteB
0.0,0.0,siteB
0.0,0.0,siteB
0.0,0.0,siteB
0.0,0.0,siteB
0.0,0.0,siteB
0.0,0.0,siteB
0.0,0.0,siteB
0.0,0.0,siteB
0.0,0.0,siteB
0.0,0.0,siteB
0.0,0.0,siteB
0.0,0.0,siteB
0.0,0.0,siteB
0.0,0.0,siteB
0.0,0.0,siteB
0.0,0.0,siteB
0.0,0.0,siteB
0.0,0.0,siteB
0.0,0.0,siteB
0.0,0.0,siteB
0.0,0.0,siteB
0.0,0.0,siteB
0.0,0.0,siteB
0.0,0.0,siteB
0.0,0.0,siteB
0.0,0.0,siteB
0.0,0.0,siteB
0.0,0.0,siteB
0.0,0.0,siteB
0.0,0.0,siteB
0.0,0.0,siteB
0.0,0.0,siteB
0.0,0.0,siteB
0.0,0.0,siteB
0.0,0.0,siteB
0.0,0.0,siteB
0.0,0.0,siteB
0.0,0.0,siteB
0.0,0.0,siteB
0.0,0.0,siteB
0.0,0.0,siteB
0.0,0.0,siteB
0.0,0.0,siteB
0.0,0.0,siteB
0.0,0.0,siteB
0.0,0.0,siteB
0.0,0.0,siteB
0.0,0.0,siteB
0.0,0.0,siteB
0.0,0.0,siteB
0.0,0.0,siteB
0.0,0.0,siteB
0.0,0.0,siteB
0.0,0.0,siteB
0.0,0.0,siteB
0.0,0.0,siteB
0.0,0.0,siteB
0.0,0.0,siteB
0.0,0.0,siteB
0.0,0.0,siteB
0.0,0.0,siteB
0.0,0.0,siteB
0.0,0.0,siteB
0.0,0.0,siteB
0.0,0.0,siteB
0.0,0.0,siteB
0.0,0.0,siteB
0.0,0.0,siteB
0.0,0.0,siteB
0.0,0.0,siteB
0.0,0.0,siteB
0.0,0.0,siteB
0.0,0.0,siteB
0.0,0.0,siteB
0.0,0.0,siteB
0.0,0.0,siteB
0.0,0.0,siteB
0.0,0.0,siteB
0.0,0.0,siteB
0.0,0.0,siteB
0.0,0.0,siteB
0.0,0.0,siteB
0.0,0.0,siteB
0.0,0.0,siteB
0.0,0.0,siteB
0.0,0.0,siteB
0.0,0.0,siteB
0.0,0.0,siteB
0.0,0.0,siteB
0.0,0.0,siteB
0.0,0.0,siteB
0.0,0.0,siteB
0.0,0.0,siteB
0.0,0.0,siteB
0.0,0.0,siteB
0.0,0.0,siteB
0.0,0.0,siteB
0.0,0.0,siteB
0.0,0.0,siteB
0.0,0.0,siteB
0.0,0.0,siteB
0.0,0.0,siteB
0.0,0.0,siteB
0.0,0.0,siteB
0.0,0.0,siteB
0.0,0.0,siteB
0.0,0.0,siteB
0.0,0.0,siteB
0.0,0.0,siteB
0.0,0.0,siteB
0.0,0.0,siteB
0.0,0.0,siteB
0.0,0.0,siteB
0.0,0.0,siteB
0.0,0.0,siteB
0.0,0.0,siteB
0.0,0.0,siteB
0.0,0.0,siteB
0.0,0.0,siteB
0.0,0.0,siteB
0.0,0.0,siteB
0.0,0.0,siteB
0.0,0.0,siteB
0.0,0.0,siteB
0.0,0.0,siteB
0.0,0.0,siteB
0.0,0.0,siteB
0.0,0.0,siteB
0.0,0.0,siteB
0.0,0.0,siteB
0.0,0.0,siteB
0.0,0.0,siteB
0.0,0.0,siteB
0.0,0.0,siteB
0.0,0.0,siteB
0.0,0.0,siteB
0.0,0.0,siteB
0.0,0.0,siteB
0.0,0.0,siteB
0.0,0.0,siteB
0.0,0.0,siteB
0.0,0.0,siteB
0.0,0.0,siteB
0.0,0.0,siteB
0.0,0.0,siteB
0.0,0.0,siteB
0.0,0.0,siteB
0.0,0.0,siteB
0.0,0.0,siteB
0.0,0.0,siteB
0.0,0.0,siteB
0.0,0.0,siteB
0.0,0.0,siteB
0.0,0.0,siteB
0.0,0.0,siteB
0.0,0.0,siteB
0.0,0.0,siteB
0.0,0.0,siteB
0.0,0.0,siteB
0.0,0.0,siteB
0.0,0.0,siteB
0.0,0.0,siteB
0.0,0.0,siteB
0.0,0.0,siteB
0.0,0.0,siteB
0.0,0.0,siteB
0.0,0.0,siteB
0.0,0.0,siteB
0.0,0.0,siteB
0.0,0.0,siteB
0.0,0.0,siteB
0.0,0.0,siteB
0.0,0.0,siteB
0.0,0.0,siteB
0.0,0.0,siteB
0.0,0.0,siteB
0.0,0.0,siteB
0.0,0.0,siteB
0.0,0.0,siteB
0.0,0.0,siteB
0.0,0.0,siteB
0.0,0.0,siteB
0.0,0.0,siteB
0.0,0.0,siteB
0.0,0.0,siteB
0.0,0.0,siteB
0.0,0.0,siteB
0.0,0.0,siteB
0.0,0.0,siteB
0.0,0.0,siteB
0.0,0.0,siteB
0.0,0.0,siteB
0.0,0.0,siteB
0.0,0.0,siteB
0.0,0.0,siteB
0.0,0.0,siteB
0.0,0.0,siteB
0.0,0.0,siteB
0.0,0.0,siteB
0.0,0.0,siteB
0.0,0.0,siteB
0.0,0.0,siteB
0.0,0.0,siteB
0.0,0.0,siteB
0.0,0.0,siteB
0.0,0.0,siteB
0.0,0.0,siteB
0.0,0.0,siteB
0.0,0.0,siteB
0.0,0.0,siteB
0.0,0.0,siteB
0.0,0.0,siteB
0.0,0.0,siteB
0.0,0.0,siteB
0.0,0.0,siteB
0.0,0.0,siteB
0.0,0.0,siteB
0.0,0.0,siteB
0.0,0.0,siteB
0.0,0.0,siteB
0.0,0.0,siteB
0.0,0.0,siteB
0.0,0.0,siteB
0.0,0.0,siteB
0.0,0.0,siteB
0.0,0.0,siteB
0.0,0.0,siteB
0.0,0.0,siteB
0.0,0.0,siteB
0.0,0.0,siteB
0.0,0.0,siteB
0.0,0.0,siteB
0.0,0.0,siteB
0.0,0.0,siteB
0.0,0.0,siteB
0.0,0.0,siteB
0.0,0.0,siteB
0.0,0.0,siteB
0.0,0.0,siteB
0.0,0.0,siteB
0.0,0.0,siteB
0.0,0.0,siteB
0.0,0.0,siteB
0.0,0.0,siteB
0.0,0.0,siteB
0.0,0.0,siteB
0.0,0.0,siteB
0.0,0.0,siteB
0.0,0.0,siteB
0.0,0.0,siteB
0.0,0.0,siteB
0.0,0.0,siteB
0.0,0.0,siteB
0.0,0.0,siteB
0.0,0.0,siteB
0.0,0.0,siteB
0.0,0.0,siteB
0.0,0.0,siteB
0.0,0.0,siteB
0.0,0.0,siteB
0.0,0.0,siteB
0.0,0.0,siteB
0.0,0.0,siteB
0.0,0.0,siteB
0.0,0.0,siteB
0.0,0.0,siteB
0.0,0.0,siteB
0.0,0.0,siteB
0.0,0.0,siteB
0.0,0.0,siteB
0.0,0.0,siteB
0.0,0.0,siteB
0.0,0.0,siteB
0.51,1.6549701573582651,siteB
3.47,2.8588444794087633,siteB
5.61,3.653841128507428,siteB
7.5,2.9109616934372813,siteB
4.73,-0.07731169392970867,siteB
4.59,0.9112170561355858,siteB
4.19,0.9791684799895095,siteB
4.32,0.8379513643328351,siteB
4.33,0.8714432126550782,siteB
4.24,0.8471286296400539,siteB
4.39,1.235153216537362,siteB
3.65,1.306238394364494,siteB
4.24,1.5929506816015366,siteB
3.29,1.2082452544313846,siteB
3.97,-1.7226960124689277,siteB
7.48,-1.198410904600217,siteB
6.36,-1.8331038975985021,siteB
7.34,-0.23002549313259824,siteB
7.08,1.4812435433728346,siteB
6.25,0.977138984520381,siteB
7.49,0.5130941215853289,siteB
6.73,-1.8818003036135114,siteB
7.47,-3.5935896037904596,siteB
7.57,-8.260565253725748,siteB
8.44,-8.190602373674508,siteB
0.0,0.0,siteB
0.0,0.0,siteB
0.0,0.0,siteB
0.0,0.0,siteB
0.0,0.0,siteB
0.0,0.0,siteB
0.0,0.0,siteB
0.0,0.0,siteB
0.0,0.0,siteB
0.0,0.0,siteB
0.0,0.0,siteB
0.0,0.0,siteB
0.0,0.0,siteB
0.0,0.0,siteB
0.0,0.0,siteB
0.0,0.0,siteB
0.0,0.0,siteB
0.0,0.0,siteB
0.0,0.0,siteB
0.0,0.0,siteB
0.0,0.0,siteB
0.0,0.0,siteB
0.0,0.0,siteB
0.0,0.0,siteB
0.0,0.0,siteB
0.0,0.0,siteB
0.0,0.0,siteB
0.0,0.0,siteB
0.0,0.0,siteB
0.0,0.0,siteB
0.0,0.0,siteB
0.0,0.0,siteB
0.0,0.0,siteB
0.0,0.0,siteB
0.0,0.0,siteB
0.0,0.0,siteB
0.0,0.0,siteB
0.0,0.0,siteB
0.0,0.0,siteB
0.0,0.0,siteB
0.0,0.0,siteB
0.0,0.0,siteB
0.0,0.0,siteB
0.0,0.0,siteB
0.0,0.0,siteB
0.0,0.0,siteB
0.0,0.0,siteB
0.0,0.0,siteB
0.0,0.0,siteB
0.0,0.0,siteB
0.0,0.0,siteB
0.0,0.0,siteB
0.0,0.0,siteB
0.0,0.0,siteB
0.0,0.0,siteB
0.0,0.0,siteB
0.0,0.0,siteB
0.0,0.0,siteB
0.0,0.0,siteB
0.0,0.0,siteB
0.0,0.0,siteB
0.0,0.0,siteB
0.0,0.0,siteB
0.0,0.0,siteB
0.0,0.0,siteB
0.0,0.0,siteB
0.0,0.0,siteB
0.0,0.0,siteB
0.0,0.0,siteB
0.0,0.0,siteB
0.0,0.0,siteB
0.0,0.0,siteB
0.0,0.0,siteB
0.0,0.0,siteB
0.0,0.0,siteB
0.0,0.0,siteB
0.0,0.0,siteB
0.0,0.0,siteB
0.0,0.0,siteB
0.0,0.0,siteB
0.0,0.0,siteB
0.0,0.0,siteB
0.0,0.0,siteB
0.0,0.0,siteB
0.0,0.0,siteB
0.0,0.0,siteB
0.0,0.0,siteB
0.0,0.0,siteB
0.0,0.0,siteB
0.0,0.0,siteB
0.0,0.0,siteB
0.0,0.0,siteB
0.0,0.0,siteB
0.0,0.0,siteB
0.0,0.0,siteB
0.0,0.0,siteB
0.0,0.0,siteB
0.0,0.0,siteB
0.0,0.0,siteB
0.0,0.0,siteB
0.0,0.0,siteB
0.0,0.0,siteB
0.0,0.0,siteB
0.0,0.0,siteB
0.0,0.0,siteB
0.0,0.0,siteB
0.0,0.0,siteB
0.0,0.0,siteB
0.0,0.0,siteB
0.0,0.0,siteB
0.0,0.0,siteB
0.0,0.0,siteB
0.0,0.0,siteB
0.0,0.0,siteB
0.0,0.0,siteB
0.0,0.0,siteB
0.0,0.0,siteB
0.0,0.0,siteB
0.0,0.0,siteB
0.0,0.0,siteB
0.0,0.0,siteB
0.0,0.0,siteB
0.0,0.0,siteB
0.0,0.0,siteB
0.0,0.0,siteB
0.0,0.0,siteB
0.0,0.0,siteB
0.0,0.0,siteB
0.0,0.0,siteB
0.0,0.0,siteB
0.0,0.0,siteB
0.0,0.0,siteB
0.0,0.0,siteB
0.0,0.0,siteB
0.0,0.0,siteB
0.0,0.0,siteB
0.0,0.0,siteB
0.0,0.0,siteB
0.0,0.0,siteB
0.0,0.0,siteB
0.0,0.0,siteB
0.0,0.0,siteB
0.0,0.0,siteB
0.0,0.0,siteB
0.0,0.0,siteB
0.0,0.0,siteB
0.0,0.0,siteB
0.0,0.0,siteB
0.0,0.0,siteB
0.0,0.0,siteB
0.0,0.0,siteB
0.0,0.0,siteB
0.0,0.0,siteB
0.0,0.0,siteB
0.0,0.0,siteB
0.0,0.0,siteB
0.0,0.0,siteB
0.0,0.0,siteB
0.0,0.0,siteB
0.0,0.0,siteB
0.0,0.0,siteB
0.0,0.0,siteB
0.0,0.0,siteB
0.0,0.0,siteB
0.0,0.0,siteB
0.0,0.0,siteB
0.0,0.0,siteB
0.0,0.0,siteB
0.0,0.0,siteB
0.0,0.0,siteB
0.0,0.0,siteB
0.0,0.0,siteB
0.0,0.0,siteB
0.0,0.0,siteB
0.0,0.0,siteB
0.0,0.0,siteB
0.0,0.0,siteB
0.0,0.0,siteB
0.0,0.0,siteB
0.0,0.0,siteB
0.0,0.0,siteB
0.0,0.0,siteB
0.0,0.0,siteB
0.0,0.0,siteB
0.0,0.0,siteB
0.0,0.0,siteB
0.0,0.0,siteB
0.0,0.0,siteB
0.0,0.0,siteB
0.0,0.0,siteB
0.0,0.0,siteB
0.0,0.0,siteB
0.0,0.0,siteB
0.0,0.0,siteB
0.0,0.0,siteB
0.0,0.0,siteB
0.0,0.0,siteB
0.0,0.0,siteB
0.0,0.0,siteB
0.0,0.0,siteB
0.0,0.0,siteB
0.0,0.0,siteB
0.0,0.0,siteB
0.0,0.0,siteB
0.0,0.0,siteB
0.0,0.0,siteB
0.0,0.0,siteB
0.0,0.0,siteB
0.0,0.0,siteB
0.0,0.0,siteB
0.0,0.0,siteB
0.0,0.0,siteB
0.0,0.0,siteB
0.0,0.0,siteB
0.0,0.0,siteB
0.0,0.0,siteB
0.0,0.0,siteB
0.0,0.0,siteB
0.0,0.0,siteB
0.0,0.0,siteB
0.0,0.0,siteB
0.0,0.0,siteB
0.0,0.0,siteB
0.0,0.0,siteB
0.0,0.0,siteB
0.0,0.0,siteB
0.0,0.0,siteB
0.0,0.0,siteB
0.0,0.0,siteB
0.0,0.0,siteB
0.0,0.0,siteB
0.0,0.0,siteB
0.0,0.0,siteB
0.0,0.0,siteB
0.0,0.0,siteB
0.0,0.0,siteB
0.0,0.0,siteB
0.0,0.0,siteB
0.0,0.0,siteB
0.0,0.0,siteB
0.0,0.0,siteB
0.0,0.0,siteB
0.0,0.0,siteB
0.0,0.0,siteB
0.0,0.0,siteB
0.0,0.0,siteB
0.0,0.0,siteB
0.0,0.0,siteB
0.0,0.0,siteB
0.0,0.0,siteB
0.0,0.0,siteB
0.0,0.0,siteB
0.0,0.0,siteB
0.0,0.0,siteB
0.0,0.0,siteB
0.0,0.0,siteB
0.0,0.0,siteB
0.0,0.0,siteB
0.0,0.0,siteB
0.0,0.0,siteB
0.0,0.0,siteB
0.0,0.0,siteB
0.0,0.0,siteB
0.0,0.0,siteB
0.0,0.0,siteB
0.0,0.0,siteB
0.0,0.0,siteB
0.0,0.0,siteB
0.0,0.0,siteB
0.0,0.0,siteB
0.0,0.0,siteB
0.0,0.0,siteB
0.0,0.0,siteB
0.0,0.0,siteB
0.0,0.0,siteB
0.0,0.0,siteB
0.0,0.0,siteB
0.0,0.0,siteB
0.0,0.0,siteB
0.0,0.0,siteB
0.0,0.0,siteB
0.0,0.0,siteB
0.0,0.0,siteB
0.0,0.0,siteB
0.0,0.0,siteB
0.0,0.0,siteB
0.0,0.0,siteB
0.0,0.0,siteB
0.0,0.0,siteB
0.0,0.0,siteB
0.0,0.0,siteB
0.0,0.0,siteB
0.0,0.0,siteB
0.0,0.0,siteB
0.0,0.0,siteB
0.0,0.0,siteB
0.0,0.0,siteB
0.0,0.0,siteB
0.0,0.0,siteB
0.0,0.0,siteB
0.0,0.0,siteB
0.0,0.0,siteB
0.0,0.0,siteB
0.0,0.0,siteB
0.0,0.0,siteB
0.0,0.0,siteB
0.0,0.0,siteB
0.0,0.0,siteB
0.0,0.0,siteB
0.0,0.0,siteB
0.0,0.0,siteB
0.0,0.0,siteB
0.0,0.0,siteB
0.0,0.0,siteB
0.0,0.0,siteB
0.0,0.0,siteB
0.0,0.0,siteB
0.0,0.0,siteB
0.0,0.0,siteB
0.0,0.0,siteB
0.0,0.0,siteB
0.0,0.0,siteB
0.0,0.0,siteB
0.0,0.0,siteB
0.0,0.0,siteB
0.0,0.0,siteB
0.0,0.0,siteB
0.0,0.0,siteB
0.0,0.0,siteB
0.0,0.0,siteB
0.0,0.0,siteB
0.0,0.0,siteB
0.0,0.0,siteB
0.0,0.0,siteB
0.0,0.0,siteB
0.0,0.0,siteB
0.0,0.0,siteB
0.0,0.0,siteB
0.0,0.0,siteB
0.0,0.0,siteB
0.0,0.0,siteB
0.0,0.0,siteB
0.0,0.0,siteB
0.0,0.0,siteB
0.0,0.0,siteB
0.0,0.0,siteB
0.0,0.0,siteB
0.0,0.0,siteB
0.0,0.0,siteB
0.0,0.0,siteB
0.0,0.0,siteB
0.0,0.0,siteB
0.0,0.0,siteB
0.0,0.0,siteB
0.0,0.0,siteB
0.0,0.0,siteB
0.0,0.0,siteB
0.0,0.0,siteB
0.0,0.0,siteB
0.0,0.0,siteB
0.0,0.0,siteB
0.0,0.0,siteB
0.0,0.0,siteB
0.0,0.0,siteB
0.0,0.0,siteB
0.0,0.0,siteB
0.0,0.0,siteB
0.0,0.0,siteB
0.0,0.0,siteB
0.0,0.0,siteB
0.0,0.0,siteB
0.0,0.0,siteB
0.0,0.0,siteB
0.0,0.0,siteB
0.0,0.0,siteB
0.0,0.0,siteB
0.0,0.0,siteB
0.0,0.0,siteB
0.0,0.0,siteB
0.0,0.0,siteB
0.0,0.0,siteB
0.0,0.0,siteB
0.0,0.0,siteB
0.0,0.0,siteB
0.0,0.0,siteB
0.0,0.0,siteB
0.0,0.0,siteB
0.0,0.0,siteB
0.0,0.0,siteB
0.0,0.0,siteB
0.0,0.0,siteB
0.0,0.0,siteB
0.0,0.0,siteB
0.0,0.0,siteB
0.0,0.0,siteB
0.0,0.0,siteB
0.0,0.0,siteB
0.0,0.0,siteB
-0.01,0.8766001093028918,siteB
-1.1,0.8891972919863366,siteB
-2.82,-0.49324869977244995,siteB
0.24,-0.7206805780800439,siteB
-3.9,-3.2507062501825668,siteB
-3.84,-3.2845954330231475,siteB
-3.75,-3.3810868464111015,siteB
-3.81,-3.3729681912726663,siteB
-3.7,-3.4247924516745742,siteB
-3.64,-3.487893456464132,siteB
-3.58,-3.494404619078751,siteB
-3.56,-0.05298790024790025,siteB
-3.38,-0.024861517371517376,siteB
-3.33,-0.009545644355644357,siteB
-3.39,-0.01738917970917971,siteB
-3.31,-0.006125211455211456,siteB
0.0,-0.006098544788544789,siteB
0.0,-0.046430641950641956,siteB
0.0,-0.04084069726569727,siteB
0.0,-0.04097617613867614,siteB
0.0,-0.04004445147445147,siteB
0.0,-0.042269611869611874,siteB
0.0,-0.03875678358678359,siteB
0.0,-0.6100674771524773,siteB
0.0,-0.6097841438191439,siteB
0.0,-0.6105283898508901,siteB
0.0,0.0,siteB
0.0,0.0,siteB
0.0,0.0,siteB
0.0,0.0,siteB
0.0,0.0,siteB
0.0,0.0,siteB
0.0,0.0,siteB
0.0,0.0,siteB
0.0,0.0,siteB
0.0,0.0,siteB
0.0,0.0,siteB
0.0,0.0,siteB
0.0,0.0,siteB
0.0,0.0,siteB
0.0,0.0,siteB
0.0,0.0,siteB
0.0,0.0,siteB
0.0,0.0,siteB
0.0,0.0,siteB
0.0,0.0,siteB
0.0,0.0,siteB
0.0,0.0,siteB
0.0,0.0,siteB
0.0,0.0,siteB
0.0,0.0,siteB
0.0,0.0,siteB
0.0,0.0,siteB
0.0,0.0,siteB
0.0,0.0,siteB
0.0,0.0,siteB
0.0,0.0,siteB
0.0,0.0,siteB
0.0,0.0,siteB
0.0,0.0,siteB
0.0,0.0,siteB
0.0,0.0,siteB
0.0,0.0,siteB
0.0,0.0,siteB
0.0,0.0,siteB
0.0,0.0,siteB
0.0,0.0,siteB
0.0,0.0,siteB
0.0,0.0,siteB
0.0,0.0,siteB
0.0,0.0,siteB
0.0,0.0,siteB
0.0,0.0,siteB
0.0,0.0,siteB
0.0,0.0,siteB
0.0,0.0,siteB
0.0,0.0,siteB
0.0,0.0,siteB
0.0,0.0,siteB
0.0,0.0,siteB
0.0,0.0,siteB
0.0,0.0,siteB
0.0,0.0,siteB
0.0,0.0,siteB
0.0,0.0,siteB
0.0,0.0,siteB
0.0,0.0,siteB
0.0,0.0,siteB
0.0,0.0,siteB
0.0,0.0,siteB
0.0,0.0,siteB
0.0,0.0,siteB
0.0,0.0,siteB
0.0,0.0,siteB
0.0,0.0,siteB
0.0,0.0,siteB
0.0,0.0,siteB
0.0,0.0,siteB
0.0,0.0,siteB
0.0,0.0,siteB
0.0,0.0,siteB
0.0,0.0,siteB
0.0,0.0,siteB
0.0,0.0,siteB
0.0,0.0,siteB
0.0,0.0,siteB
0.0,0.0,siteB
0.0,0.0,siteB
0.0,0.0,siteB
0.0,0.0,siteB
0.0,0.0,siteB
0.0,0.0,siteB
0.0,0.0,siteB
0.0,0.0,siteB
0.0,0.0,siteB
0.0,0.0,siteB
0.0,0.0,siteB
0.0,0.0,siteB
0.0,0.0,siteB
0.0,0.0,siteB
0.0,0.0,siteB
0.0,0.0,siteB
0.0,0.0,siteB
0.0,0.0,siteB
0.0,0.0,siteB
0.0,0.0,siteB
0.0,0.0,siteB
0.0,0.0,siteB
0.0,0.0,siteB
0.0,0.0,siteB
0.0,0.0,siteB
0.0,0.0,siteB
0.0,0.0,siteB
0.0,0.0,siteB
0.0,0.0,siteB
0.0,0.0,siteB
0.0,0.0,siteB
0.0,0.0,siteB
0.0,0.0,siteB
0.0,0.0,siteB
0.0,0.0,siteB
0.0,0.0,siteB
0.0,0.0,siteB
0.0,0.0,siteB
0.0,0.0,siteB
0.0,0.0,siteB
0.0,0.0,siteB
0.0,0.0,siteB
0.0,0.0,siteB
0.0,0.0,siteB
0.0,0.0,siteB
0.0,0.0,siteB
0.0,0.0,siteB
0.0,0.0,siteB
0.0,0.0,siteB
0.0,0.0,siteB
0.0,0.0,siteB
0.0,0.0,siteB
0.0,0.0,siteB
0.0,0.0,siteB
0.0,0.0,siteB
0.0,0.0,siteB
0.0,0.0,siteB
0.0,0.0,siteB
0.0,0.0,siteB
0.0,0.0,siteB
0.0,0.0,siteB
0.0,0.0,siteB
0.0,0.0,siteB
0.0,0.0,siteB
0.0,0.0,siteB
0.0,0.0,siteB
0.0,0.0,siteB
0.0,0.0,siteB
0.0,0.0,siteB
0.0,0.0,siteB
0.0,0.0,siteB
0.0,0.0,siteB
0.0,0.0,siteB
0.0,0.0,siteB
0.0,0.0,siteB
0.0,0.0,siteB
0.0,0.0,siteB
0.0,0.0,siteB
0.0,0.0,siteB
0.0,0.0,siteB
0.0,0.0,siteB
0.0,0.0,siteB
0.0,0.0,siteB
0.0,0.0,siteB
0.0,0.0,siteB
0.0,0.0,siteB
0.0,0.0,siteB
0.0,0.0,siteB
0.0,0.0,siteB
0.0,0.0,siteB
0.0,0.0,siteB
0.0,0.0,siteB
0.0,0.0,siteB
0.0,0.0,siteB
0.0,0.0,siteB
0.0,0.0,siteB
0.0,0.0,siteB
0.0,0.0,siteB
0.0,0.0,siteB
0.0,0.0,siteB
0.0,0.0,siteB
0.0,0.0,siteB
0.0,0.0,siteB
0.0,0.0,siteB
0.0,0.0,siteB
0.0,0.0,siteB
0.0,0.0,siteB
0.0,0.0,siteB
0.0,0.0,siteB
0.0,0.0,siteB
0.0,0.0,siteB
0.0,0.0,siteB
0.0,0.0,siteB
0.0,0.0,siteB
0.0,0.0,siteB
0.0,0.0,siteB
0.0,0.0,siteB
0.0,0.0,siteB
0.0,0.0,siteB
0.0,0.0,siteB
0.0,0.0,siteB
0.0,0.0,siteB
0.0,0.0,siteB
0.0,0.0,siteB
0.0,0.0,siteB
0.0,0.0,siteB
0.0,0.0,siteB
0.0,0.0,siteB
0.0,0.0,siteB
0.0,0.0,siteB
0.0,0.0,siteB
0.0,0.0,siteB
0.0,0.0,siteB
0.0,0.0,siteB
0.0,0.0,siteB
0.0,0.0,siteB
0.0,0.0,siteB
0.0,0.0,siteB
0.0,0.0,siteB
0.0,0.0,siteB
0.0,0.0,siteB
0.0,0.0,siteB
0.0,0.0,siteB
0.0,0.0,siteB
0.0,0.0,siteB
0.0,0.0,siteB
0.0,0.0,siteB
0.0,0.0,siteB
0.0,0.0,siteB
0.0,0.0,siteB
0.0,0.0,siteB
0.0,0.0,siteB
0.0,0.0,siteB
0.0,0.0,siteB
0.0,0.0,siteB
0.0,0.0,siteB
0.0,0.0,siteB
0.0,0.0,siteB
0.0,0.0,siteB
0.0,0.0,siteB
0.0,0.0,siteB
0.0,0.0,siteB
0.0,0.0,siteB
0.0,0.0,siteB
0.0,0.0,siteB
0.0,0.0,siteB
0.0,0.0,siteB
0.0,0.0,siteB
0.0,0.0,siteB
0.0,0.0,siteB
0.0,0.0,siteB
0.0,0.0,siteB
0.0,0.0,siteB
0.0,0.0,siteB
0.0,0.0,siteB
0.0,0.0,siteB
0.0,0.0,siteB
0.0,0.0,siteB
0.0,0.0,siteB
0.0,0.0,siteB
0.0,0.0,siteB
0.0,0.0,siteB
0.0,0.0,siteB
0.0,0.0,siteB
0.0,0.0,siteB
0.0,0.0,siteB
0.0,0.0,siteB
0.0,0.0,siteB
0.0,0.0,siteB
0.0,0.0,siteB
0.0,0.0,siteB
0.0,0.0,siteB
0.0,0.0,siteB
0.0,0.0,siteB
0.0,0.0,siteB
0.0,0.0,siteB
0.0,0.0,siteB
0.0,0.0,siteB
0.0,0.0,siteB
0.0,0.0,siteB
0.0,0.0,siteB
0.0,0.0,siteB
0.0,0.0,siteB
0.0,0.0,siteB
0.0,0.0,siteB
0.0,0.0,siteB
0.0,0.0,siteB
0.0,0.0,siteB
0.0,0.0,siteB
0.0,0.0,siteB
0.0,0.0,siteB
0.0,0.0,siteB
0.0,0.0,siteB
0.0,0.0,siteB
0.0,0.0,siteB
0.0,0.0,siteB
0.0,0.0,siteB
0.0,0.0,siteB
0.0,0.0,siteB
0.0,0.0,siteB
0.0,0.0,siteB
0.0,0.0,siteB
0.0,0.0,siteB
0.0,0.0,siteB
0.0,0.0,siteB
0.0,0.0,siteB
0.0,0.0,siteB
0.0,0.0,siteB
0.0,0.0,siteB
0.0,0.0,siteB
0.0,0.0,siteB
0.0,0.0,siteB
0.0,0.0,siteB
0.0,0.0,siteB
0.0,0.0,siteB
0.0,0.0,siteB
0.0,0.0,siteB
0.0,0.0,siteB
0.0,0.0,siteB
0.0,0.0,siteB
0.0,0.0,siteB
0.0,0.0,siteB
0.0,0.0,siteB
0.0,0.0,siteB
0.0,0.0,siteB
0.0,0.0,siteB
0.0,0.0,siteB
0.0,0.0,siteB
0.0,0.0,siteB
0.0,0.0,siteB
0.0,0.0,siteB
0.0,0.0,siteB
0.0,0.0,siteB
0.0,0.0,siteB
0.0,0.0,siteB
0.0,0.0,siteB
0.0,0.0,siteB
0.0,0.0,siteB
0.0,0.0,siteB
0.0,0.0,siteB
0.0,0.0,siteB
0.0,0.0,siteB
0.0,0.0,siteB
0.0,0.0,siteB
0.0,0.0,siteB
0.0,0.0,siteB
0.0,0.0,siteB
0.0,0.0,siteB
0.0,0.0,siteB
-0.3,0.14689763510454687,siteB
-2.49,-2.7666795820757057,siteB
-2.49,-2.877809967710597,siteB
-4.79,-4.535072329748138,siteB
-4.11,-4.380336415847226,siteB
-7.62,-4.812886218441148,siteB
-6.58,-4.935884257116583,siteB
-6.67,-4.937689437275546,siteB
-7.3,-4.831661420304269,siteB
-6.37,-4.835757890961808,siteB
-6.98,-4.843701609547145,siteB
-6.82,-4.866757542923909,siteB
-6.22,-4.84259239381376,siteB
-7.13,-4.831751847595273,siteB
-6.13,-4.689014129553511,siteB
-7.21,-4.7457635381006185,siteB
-6.28,-4.747936160570741,siteB
-7.44,-4.7458210759005075,siteB
-6.55,-4.783819603165727,siteB
-6.74,-4.812685718492894,siteB
-8.13,-4.81450819467412,siteB
-7.65,-4.8150273171665505,siteB
0.0,0.0,siteB
0.0,0.0,siteB
0.0,0.0,siteB
0.0,0.0,siteB
0.0,0.0,siteB
0.0,0.0,siteB
0.0,0.0,siteB
0.0,0.0,siteB
0.0,0.0,siteB
0.0,0.0,siteB
0.0,0.0,siteB
0.0,0.0,siteB
0.0,0.0,siteB
0.0,0.0,siteB
0.0,0.0,siteB
0.0,0.0,siteB
0.0,0.0,siteB
0.0,0.0,siteB
0.0,0.0,siteB
0.0,0.0,siteB
0.0,0.0,siteB
0.0,0.0,siteB
0.0,0.0,siteB
0.0,0.0,siteB
0.0,0.0,siteB
0.0,0.0,siteB
0.0,0.0,siteB
0.0,0.0,siteB
0.0,0.0,siteB
0.0,0.0,siteB
0.0,0.0,siteB
0.0,0.0,siteB
0.0,0.0,siteB
0.0,0.0,siteB
0.0,0.0,siteB
0.0,0.0,siteB
0.0,0.0,siteB
0.0,0.0,siteB
0.0,0.0,siteB
0.0,0.0,siteB
0.0,0.0,siteB
0.0,0.0,siteB
0.0,0.0,siteB
0.0,0.0,siteB
0.0,0.0,siteB
0.0,0.0,siteB
0.0,0.0,siteB
0.0,0.0,siteB
0.0,0.0,siteB
0.0,0.0,siteB
0.0,0.0,siteB
0.0,0.0,siteB
0.0,0.0,siteB
0.0,0.0,siteB
0.0,0.0,siteB
0.0,0.0,siteB
0.0,0.0,siteB
0.0,0.0,siteB
0.0,0.0,siteB
0.0,0.0,siteB
0.0,0.0,siteB
0.0,0.0,siteB
0.0,0.0,siteB
0.0,0.0,siteB
0.0,0.0,siteB
0.0,0.0,siteB
0.0,0.0,siteB
0.0,0.0,siteB
0.0,0.0,siteB
0.0,0.0,siteB
0.0,0.0,siteB
0.0,0.0,siteB
0.0,0.0,siteB
0.0,0.0,siteB
0.0,0.0,siteB
0.0,0.0,siteB
0.0,0.0,siteB
0.0,0.0,siteB
0.0,0.0,siteB
0.0,0.0,siteB
0.0,0.0,siteB
0.0,0.0,siteB
0.0,0.0,siteB
0.0,0.0,siteB
0.0,0.0,siteB
0.0,0.0,siteB
0.0,0.0,siteB
0.0,0.0,siteB
0.0,0.0,siteB
0.0,0.0,siteB
0.0,0.0,siteB
0.0,0.0,siteB
0.0,0.0,siteB
0.0,0.0,siteB
0.0,0.0,siteB
0.0,0.0,siteB
0.0,0.0,siteB
0.0,0.0,siteB
0.0,0.0,siteB
0.0,0.0,siteB
0.0,0.0,siteB
0.0,0.0,siteB
0.0,0.0,siteB
0.0,0.0,siteB
0.0,0.0,siteB
0.0,0.0,siteB
0.0,0.0,siteB
0.0,0.0,siteB
0.0,0.0,siteB
0.0,0.0,siteB
0.0,0.0,siteB
0.0,0.0,siteB
0.0,0.0,siteB
0.0,0.0,siteB
0.0,0.0,siteB
0.0,0.0,siteB
0.0,0.0,siteB
0.0,0.0,siteB
0.0,0.0,siteB
0.0,0.0,siteB
0.0,0.0,siteB
0.0,0.0,siteB
0.0,0.0,siteB
0.0,0.0,siteB
0.0,0.0,siteB
0.0,0.0,siteB
0.0,0.0,siteB
0.0,0.0,siteB
0.0,0.0,siteB
0.0,0.0,siteB
0.0,0.0,siteB
0.0,0.0,siteB
0.0,0.0,siteB
0.0,0.0,siteB
0.0,0.0,siteB
0.0,0.0,siteB
0.0,0.0,siteB
0.0,0.0,siteB
0.0,0.0,siteB
0.0,0.0,siteB
0.0,0.0,siteB
0.0,0.0,siteB
0.0,0.0,siteB
0.0,0.0,siteB
0.0,0.0,siteB
0.0,0.0,siteB
0.0,0.0,siteB
0.0,0.0,siteB
0.0,0.0,siteB
0.0,0.0,siteB
0.0,0.0,siteB
0.0,0.0,siteB
0.0,0.0,siteB
0.0,0.0,siteB
0.0,0.0,siteB
0.0,0.0,siteB
0.0,0.0,siteB
0.0,0.0,siteB
0.0,0.0,siteB
0.0,0.0,siteB
0.0,0.0,siteB
0.0,0.0,siteB
0.0,0.0,siteB
0.0,0.0,siteB
0.0,0.0,siteB
0.0,0.0,siteB
0.0,0.0,siteB
0.0,0.0,siteB
0.0,0.0,siteB
0.0,0.0,siteB
0.0,0.0,siteB
0.0,0.0,siteB
0.0,0.0,siteB
0.0,0.0,siteB
0.0,0.0,siteB
0.0,0.0,siteB
0.0,0.0,siteB
0.0,0.0,siteB
0.0,0.0,siteB
0.0,0.0,siteB
0.0,0.0,siteB
0.0,0.0,siteB
0.0,0.0,siteB
0.0,0.0,siteB
0.0,0.0,siteB
0.0,0.0,siteB
0.0,0.0,siteB
0.0,0.0,siteB
0.0,0.0,siteB
0.0,0.0,siteB
0.0,0.0,siteB
0.0,0.0,siteB
0.0,0.0,siteB
0.0,0.0,siteB
0.0,0.0,siteB
0.0,0.0,siteB
0.0,0.0,siteB
0.0,0.0,siteB
0.0,0.0,siteB
0.0,0.0,siteB
0.0,0.0,siteB
0.0,0.0,siteB
0.0,0.0,siteB
0.0,0.0,siteB
0.0,0.0,siteB
0.0,0.0,siteB
0.0,0.0,siteB
0.0,0.0,siteB
0.0,0.0,siteB
0.0,0.0,siteB
0.0,0.0,siteB
0.0,0.0,siteB
0.0,0.0,siteB
0.0,0.0,siteB
0.0,0.0,siteB
0.0,0.0,siteB
0.0,0.0,siteB
0.0,0.0,siteB
0.0,0.0,siteB
0.0,0.0,siteB
0.0,0.0,siteB
0.0,0.0,siteB
0.0,0.0,siteB
0.0,0.0,siteB
0.0,0.0,siteB
0.0,0.0,siteB
0.0,0.0,siteB
0.0,0.0,siteB
0.0,0.0,siteB
0.0,0.0,siteB
0.0,0.0,siteB
0.0,0.0,siteB
0.0,0.0,siteB
0.0,0.0,siteB
0.0,0.0,siteB
0.0,0.0,siteB
0.0,0.0,siteB
0.0,0.0,siteB
0.62,1.0931977550499608,siteB
1.21,2.602372938972793,siteB
4.68,2.9185789189187727,siteB
5.3,1.8199502398173726,siteB
2.49,0.8384863708509409,siteB
1.5,0.3179137047592926,siteB
4.17,1.9074117653608278,siteB
5.26,1.021227883127222,siteB
5.5,1.108343669010727,siteB
1.67,0.26431747242953096,siteB
2.21,0.9112839382050409,siteB
5.33,1.7048692469493008,siteB
5.67,1.493609989788333,siteB
5.22,0.9780935061983946,siteB
4.34,1.8013231411277362,siteB
4.43,2.1857402161279005,siteB
4.22,3.8080706317008883,siteB
4.92,3.9838808786615307,siteB
4.58,4.521277159216489,siteB
4.25,4.032014444614843,siteB
4.36,5.679705100968297,siteB
4.5,3.3453986122718025,siteB
4.5,-0.49972291721722883,siteB
4.74,-2.2102795793840353,siteB
4.62,-3.1147649409532963,siteB
4.35,-8.889233369267613,siteB
4.41,-8.840670380867126,siteB
0.0,0.0,siteB
0.0,0.0,siteB
0.0,0.0,siteB
0.0,0.0,siteB
0.0,0.0,siteB
0.0,0.0,siteB
0.0,0.0,siteB
0.0,0.0,siteB
0.0,0.0,siteB
0.0,0.0,siteB
0.0,0.0,siteB
0.0,0.0,siteB
0.0,0.0,siteB
0.0,0.0,siteB
0.0,0.0,siteB
0.0,0.0,siteB
0.0,0.0,siteB
0.0,0.0,siteB
0.0,0.0,siteB
0.0,0.0,siteB
0.0,0.0,siteB
0.0,0.0,siteB
0.0,0.0,siteB
0.0,0.0,siteB
0.0,0.0,siteB
0.0,0.0,siteB
0.0,0.0,siteB
0.0,0.0,siteB
0.0,0.0,siteB
0.0,0.0,siteB
0.0,0.0,siteB
0.0,0.0,siteB
0.0,0.0,siteB
0.0,0.0,siteB
0.0,0.0,siteB
0.0,0.0,siteB
0.0,0.0,siteB
0.0,0.0,siteB
0.0,0.0,siteB
0.0,0.0,siteB
0.0,0.0,siteB
0.0,0.0,siteB
0.0,0.0,siteB
0.0,0.0,siteB
0.0,0.0,siteB
0.0,0.0,siteB
0.0,0.0,siteB
0.0,0.0,siteB
0.0,0.0,siteB
0.0,0.0,siteB
0.0,0.0,siteB
0.0,0.0,siteB
0.0,0.0,siteB
0.0,0.0,siteB
0.0,0.0,siteB
0.0,0.0,siteB
0.0,0.0,siteB
0.0,0.0,siteB
0.0,0.0,siteB
0.0,0.0,siteB
0.0,0.0,siteB
0.0,0.0,siteB
0.0,0.0,siteB
0.0,0.0,siteB
0.0,0.0,siteB
0.0,0.0,siteB
0.0,0.0,siteB
0.0,0.0,siteB
0.0,0.0,siteB
0.0,0.0,siteB
0.0,0.0,siteB
0.0,0.0,siteB
0.0,0.0,siteB
0.0,0.0,siteB
0.0,0.0,siteB
0.0,0.0,siteB
0.0,0.0,siteB
0.0,0.0,siteB
0.0,0.0,siteB
0.0,0.0,siteB
0.0,0.0,siteB
0.0,0.0,siteB
0.0,0.0,siteB
0.0,0.0,siteB
0.0,0.0,siteB
0.0,0.0,siteB
0.0,0.0,siteB
0.0,0.0,siteB
0.0,0.0,siteB
0.0,0.0,siteB
0.0,0.0,siteB
0.0,0.0,siteB
0.0,0.0,siteB
0.0,0.0,siteB
0.0,0.0,siteB
0.0,0.0,siteB
0.0,0.0,siteB
0.0,0.0,siteB
0.0,0.0,siteB
0.0,0.0,siteB
0.0,0.0,siteB
0.0,0.0,siteB
0.0,0.0,siteB
0.0,0.0,siteB
0.0,0.0,siteB
0.0,0.0,siteB
0.0,0.0,siteB
0.0,0.0,siteB
0.0,0.0,siteB
0.0,0.0,siteB
0.0,0.0,siteB
0.0,0.0,siteB
0.0,0.0,siteB
0.0,0.0,siteB
0.0,0.0,siteB
0.0,0.0,siteB
0.0,0.0,siteB
0.0,0.0,siteB
0.0,0.0,siteB
0.0,0.0,siteB
0.0,0.0,siteB
0.0,0.0,siteB
0.0,0.0,siteB
0.0,0.0,siteB
0.0,0.0,siteB
0.0,0.0,siteB
0.0,0.0,siteB
0.0,0.0,siteB
0.0,0.0,siteB
0.0,0.0,siteB
0.0,0.0,siteB
0.0,0.0,siteB
0.0,0.0,siteB
0.0,0.0,siteB
0.0,0.0,siteB
0.0,0.0,siteB
0.0,0.0,siteB
0.0,0.0,siteB
0.0,0.0,siteB
0.0,0.0,siteB
0.0,0.0,siteB
0.0,0.0,siteB
0.0,0.0,siteB
0.0,0.0,siteB
0.0,0.0,siteB
0.0,0.0,siteB
0.0,0.0,siteB
0.0,0.0,siteB
0.0,0.0,siteB
0.0,0.0,siteB
0.0,0.0,siteB
0.0,0.0,siteB
0.0,0.0,siteB
0.0,0.0,siteB
0.0,0.0,siteB
0.0,0.0,siteB
0.0,0.0,siteB
0.0,0.0,siteB
0.0,0.0,siteB
0.0,0.0,siteB
0.0,0.0,siteB
0.0,0.0,siteB
0.0,0.0,siteB
0.0,0.0,siteB
0.0,0.0,siteB
0.0,0.0,siteB
0.0,0.0,siteB
0.0,0.0,siteB
0.0,0.0,siteB
0.0,0.0,siteB
0.0,0.0,siteB
0.0,0.0,siteB
0.0,0.0,siteB
0.0,0.0,siteB
0.0,0.0,siteB
0.0,0.0,siteB
0.0,0.0,siteB
0.0,0.0,siteB
0.0,0.0,siteB
0.0,0.0,siteB
0.0,0.0,siteB
0.0,0.0,siteB
0.0,0.0,siteB
0.0,0.0,siteB
0.0,0.0,siteB
0.0,0.0,siteB
0.0,0.0,siteB
0.0,0.0,siteB
0.0,0.0,siteB
0.0,0.0,siteB
0.0,0.0,siteB
0.0,0.0,siteB
0.0,0.0,siteB
0.0,0.0,siteB
0.0,0.0,siteB
0.0,0.0,siteB
0.0,0.0,siteB
0.0,0.0,siteB
0.0,0.0,siteB
0.0,0.0,siteB
0.0,0.0,siteB
0.0,0.0,siteB
0.0,0.0,siteB
0.0,0.0,siteB
0.0,0.0,siteB
0.0,0.0,siteB
0.0,0.0,siteB
0.0,0.0,siteB
0.0,0.0,siteB
0.0,0.0,siteB
0.0,0.0,siteB
0.0,0.0,siteB
0.0,0.0,siteB
0.0,0.0,siteB
0.0,0.0,siteB
0.0,0.0,siteB
0.0,0.0,siteB
0.0,0.0,siteB
0.0,0.0,siteB
0.0,0.0,siteB
0.0,0.0,siteB
0.0,0.0,siteB
0.0,0.0,siteB
0.0,0.0,siteB
0.0,0.0,siteB
0.0,0.0,siteB
0.0,0.0,siteB
0.0,0.0,siteB
0.0,0.0,siteB
0.0,0.0,siteB
0.0,0.0,siteB
0.0,0.0,siteB
0.0,0.0,siteB
0.0,0.0,siteB
0.0,0.0,siteB
0.0,0.0,siteB
0.0,0.0,siteB
0.0,0.0,siteB
0.0,0.0,siteB
0.0,0.0,siteB
0.0,0.0,siteB
0.0,0.0,siteB
0.0,0.0,siteB
0.0,0.0,siteB
0.0,0.0,siteB
0.0,0.0,siteB
0.0,0.0,siteB
0.0,0.0,siteB
0.0,0.0,siteB
0.0,0.0,siteB
0.0,0.0,siteB
0.0,0.0,siteB
0.0,0.0,siteB
0.0,0.0,siteB
0.0,0.0,siteB
0.0,0.0,siteB
0.0,0.0,siteB
0.0,0.0,siteB
0.0,0.0,siteB
0.0,0.0,siteB
0.0,0.0,siteB
0.0,0.0,siteB
0.0,0.0,siteB
0.0,0.0,siteB
0.0,0.0,siteB
0.0,0.0,siteB
0.0,0.0,siteB
0.0,0.0,siteB
0.0,0.0,siteB
0.0,0.0,siteB
0.0,0.0,siteB
0.0,0.0,siteB
0.0,0.0,siteB
0.0,0.0,siteB
0.0,0.0,siteB
0.0,0.0,siteB
0.0,0.0,siteB
0.0,0.0,siteB
0.0,0.0,siteB
0.0,0.0,siteB
0.0,0.0,siteB
0.0,0.0,siteB
0.0,0.0,siteB
0.0,0.0,siteB
0.0,0.0,siteB
0.0,0.0,siteB
0.0,0.0,siteB
0.0,0.0,siteB
0.0,0.0,siteB
0.0,0.0,siteB
0.0,0.0,siteB
0.0,0.0,siteB
0.0,0.0,siteB
0.0,0.0,siteB
0.0,0.0,siteB
0.0,0.0,siteB
0.0,0.0,siteB
0.94,1.0540380898388684,siteB
2.35,3.1686175456666934,siteB
4.53,3.811130064871344,siteB
5.63,3.8078739845503073,siteB
4.54,2.8972464181216364,siteB
2.38,-0.3009362477555127,siteB
1.19,1.2460723691558986,siteB
5.56,2.440817800462064,siteB
5.32,1.6495246203905019,siteB
4.48,0.22419961147784653,siteB
4.16,0.15925248672895728,siteB
4.5,-0.9467251597748663,siteB
4.11,0.4581814972989981,siteB
4.28,-1.093712695499949,siteB
4.77,2.893030047571252,siteB
4.0,2.6240288867875905,siteB
4.21,1.3535745813707842,siteB
4.4,1.0682457189369217,siteB
3.95,-1.215202151234845,siteB
4.23,-6.9638551342537145,siteB
3.92,-6.981967661818743,siteB
0.0,0.0,siteB
0.0,0.0,siteB
0.0,0.0,siteB
0.0,0.0,siteB
0.0,0.0,siteB
0.0,0.0,siteB
0.0,0.0,siteB
0.0,0.0,siteB
0.0,0.0,siteB
0.0,0.0,siteB
0.0,0.0,siteB
0.0,0.0,siteB
0.0,0.0,siteB
0.0,0.0,siteB
0.0,0.0,siteB
0.0,0.0,siteB
0.0,0.0,siteB
0.0,0.0,siteB
0.0,0.0,siteB
0.0,0.0,siteB
0.0,0.0,siteB
0.0,0.0,siteB
0.0,0.0,siteB
0.0,0.0,siteB
0.0,0.0,siteB
0.0,0.0,siteB
0.0,0.0,siteB
0.0,0.0,siteB
0.0,0.0,siteB
0.0,0.0,siteB
0.59,1.404041552049171,siteB
1.23,0.7071186348663093,siteB
2.39,3.3165804327333306,siteB
3.56,2.805726847889524,siteB
3.92,2.531509590164307,siteB
0.92,-0.5366882245804306,siteB
0.67,0.703486337543176,siteB
0.66,0.7565033013201397,siteB
0.71,0.6291403953970865,siteB
1.82,0.7151090034584151,siteB
1.36,0.9063604624514924,siteB
0.48,1.0592179717559134,siteB
1.73,-1.7675204893880634,siteB
1.36,0.3083605056408734,siteB
1.62,-1.312041194206121,siteB
1.77,0.36359220054727437,siteB
0.84,3.1456790243416726,siteB
4.28,3.039625320662455,siteB
3.75,1.649758067683951,siteB
2.6,1.4231013528464993,siteB
3.96,-0.3879035899503551,siteB
2.75,-6.315103913360312,siteB
3.18,-6.260662471006372,siteB
0.0,0.0,siteB
0.0,0.0,siteB
0.0,0.0,siteB
0.0,0.0,siteB
0.0,0.0,siteB
0.0,0.0,siteB
0.0,0.0,siteB
0.0,0.0,siteB
0.0,0.0,siteB
0.0,0.0,siteB
0.0,0.0,siteB
0.0,0.0,siteB
0.0,0.0,siteB
0.0,0.0,siteB
0.0,0.0,siteB
0.0,0.0,siteB
0.0,0.0,siteB
0.0,0.0,siteB
0.0,0.0,siteB
0.0,0.0,siteB
0.0,0.0,siteB
0.0,0.0,siteB
0.0,0.0,siteB
0.0,0.0,siteB
0.0,0.0,siteB
0.0,0.0,siteB
0.0,0.0,siteB
0.0,0.0,siteB
0.0,0.0,siteB
0.0,0.0,siteB
0.0,0.0,siteB
0.0,0.0,siteB
0.0,0.0,siteB
0.0,0.0,siteB
0.0,0.0,siteB
0.0,0.0,siteB
0.0,0.0,siteB
0.0,0.0,siteB
0.0,0.0,siteB
0.0,0.0,siteB
0.0,0.0,siteB
0.0,0.0,siteB
0.0,0.0,siteB
0.0,0.0,siteB
0.0,0.0,siteB
0.0,0.0,siteB
0.0,0.0,siteB
0.0,0.0,siteB
0.0,0.0,siteB
0.0,0.0,siteB
0.0,0.0,siteB
0.0,0.0,siteB
0.0,0.0,siteB
0.0,0.0,siteB
0.0,0.0,siteB
0.0,0.0,siteB
0.0,0.0,siteB
0.0,0.0,siteB
0.0,0.0,siteB
0.0,0.0,siteB
0.0,0.0,siteB
0.0,0.0,siteB
0.0,0.0,siteB
0.0,0.0,siteB
0.0,0.0,siteB
0.0,0.0,siteB
0.0,0.0,siteB
0.0,0.0,siteB
0.0,0.0,siteB
0.0,0.0,siteB
0.0,0.0,siteB
0.0,0.0,siteB
0.0,0.0,siteB
0.0,0.0,siteB
0.0,0.0,siteB
0.0,0.0,siteB
0.0,0.0,siteB
0.0,0.0,siteB
0.0,0.0,siteB
0.0,0.0,siteB
0.0,0.0,siteB
0.0,0.0,siteB
0.0,0.0,siteB
0.0,0.0,siteB
0.0,0.0,siteB
0.0,0.0,siteB
0.0,0.0,siteB
0.0,0.0,siteB
0.0,0.0,siteB
0.0,0.0,siteB
0.0,0.0,siteB
0.0,0.0,siteB
0.0,0.0,siteB
0.0,0.0,siteB
0.0,0.0,siteB
0.0,0.0,siteB
0.0,0.0,siteB
0.0,0.0,siteB
0.0,0.0,siteB
0.0,0.0,siteB
0.0,0.0,siteB
0.0,0.0,siteB
0.0,0.0,siteB
0.0,0.0,siteB
0.0,0.0,siteB
0.0,0.0,siteB
0.0,0.0,siteB
0.0,0.0,siteB
0.0,0.0,siteB
0.0,0.0,siteB
0.0,0.0,siteB
0.0,0.0,siteB
0.0,0.0,siteB
0.0,0.0,siteB
0.0,0.0,siteB
0.0,0.0,siteB
0.0,0.0,siteB
0.0,0.0,siteB
0.0,0.0,siteB
0.0,0.0,siteB
0.0,0.0,siteB
0.0,0.0,siteB
0.0,0.0,siteB
0.0,0.0,siteB
0.0,0.0,siteB
0.0,0.0,siteB
0.0,0.0,siteB
0.0,0.0,siteB
0.0,0.0,siteB
0.0,0.0,siteB
0.0,0.0,siteB
0.0,0.0,siteB
0.0,0.0,siteB
0.0,0.0,siteB
0.0,-0.9488376132447417,siteB
-1.07,-1.376021115913813,siteB
-2.82,-1.2379210602505226,siteB
0.07,-1.2399928463130445,siteB
-3.79,-1.6975680215037803,siteB
-3.87,-1.8633543794425091,siteB
-3.79,-1.9690105195403738,siteB
-3.41,-1.9516920281389867,siteB
-3.55,-1.8371699889853303,siteB
-3.36,-1.634510999878032,siteB
-3.34,-1.6115347175509673,siteB
-3.33,-1.1480454529212618,siteB
-3.32,-1.1568905752527774,siteB
-3.32,-1.0950292625158065,siteB
0.0,-1.1507214887836907,siteB
0.0,-1.1412477610299632,siteB
0.0,-0.015322079587079589,siteB
0.0,-0.014943030303030303,siteB
0.0,-0.016111459928959928,siteB
0.0,-0.016520064935064936,siteB
0.0,-0.01913966977466977,siteB
0.0,-0.01438361804861805,siteB
0.0,-7.168741021108522,siteB
0.0,-7.168741021108522,siteB
0.0,-6.960598732748734,siteB
0.0,0.0,siteB
0.0,0.0,siteB
0.0,0.0,siteB
0.0,0.0,siteB
0.0,0.0,siteB
0.0,0.0,siteB
0.0,0.0,siteB
0.0,0.0,siteB
0.0,0.0,siteB
0.0,0.0,siteB
0.0,0.0,siteB
0.0,0.0,siteB
0.0,0.0,siteB
0.0,0.0,siteB
0.0,0.0,siteB
0.0,0.0,siteB
0.0,0.0,siteB
0.0,0.0,siteB
0.0,0.0,siteB
0.0,0.0,siteB
0.0,0.0,siteB
0.0,0.0,siteB
0.0,0.0,siteB
0.0,0.0,siteB
0.0,0.0,siteB
0.0,0.0,siteB
0.0,0.0,siteB
0.0,0.0,siteB
0.0,0.0,siteB
0.0,0.0,siteB
0.0,0.0,siteB
0.0,0.0,siteB
0.0,0.0,siteB
0.0,0.0,siteB
0.0,0.0,siteB
0.0,0.0,siteB
0.0,0.0,siteB
0.0,0.0,siteB
0.0,0.0,siteB
0.0,0.0,siteB
0.0,0.0,siteB
0.0,0.0,siteB
0.0,0.0,siteB
0.0,0.0,siteB
0.0,0.0,siteB
0.0,0.0,siteB
0.0,0.0,siteB
0.0,0.0,siteB
0.0,0.0,siteB
0.0,0.0,siteB
0.0,0.0,siteB
0.0,0.0,siteB
0.0,0.0,siteB
0.0,0.0,siteB
0.0,0.0,siteB
0.0,0.0,siteB
0.0,0.0,siteB
0.0,0.0,siteB
0.0,0.0,siteB
0.0,0.0,siteB
0.0,0.0,siteB
0.0,0.0,siteB
0.0,0.0,siteB
0.0,0.0,siteB
0.0,0.0,siteB
0.0,0.0,siteB
0.0,0.0,siteB
0.0,0.0,siteB
0.0,0.0,siteB
0.0,0.0,siteB
0.0,0.0,siteB
0.0,0.0,siteB
0.0,0.0,siteB
0.0,0.0,siteB
0.0,0.0,siteB
0.52,2.0084931128348784,siteB
0.91,3.359381052944878,siteB
1.04,3.4682187698494324,siteB
0.55,2.693992707336237,siteB
0.21,1.2036039745953806,siteB
0.28,2.1381456034267896,siteB
0.58,2.2059283710679294,siteB
0.46,0.9987466560980293,siteB
-2.36,-0.15460924948718316,siteB
-2.86,-1.0779283873699983,siteB
-4.87,-1.3945245042433214,siteB
-3.91,-1.5821881279815535,siteB
-7.66,-2.336729597609992,siteB
-7.65,-2.096581948488962,siteB
-7.1,-2.027105593085106,siteB
-7.49,-1.7294195434358672,siteB
-6.88,-0.912554073889074,siteB
-5.58,-0.6013380084022731,siteB
-7.01,-0.4122961518111519,siteB
-6.67,-0.26067506974506977,siteB
-5.66,-0.2671696519221519,siteB
-4.5,-0.2691767142117143,siteB
-3.96,-0.2673458375883376,siteB
-3.76,-0.25744752590002584,siteB
-4.4,-0.2620937632737632,siteB
-3.93,-0.2617857461982462,siteB
-3.97,-0.260490959040959,siteB
-4.49,-0.23548682363932372,siteB
-3.98,-0.06388295935545937,siteB
-5.03,-0.07217105459355455,siteB
-4.89,-0.08762529461279459,siteB
0.0,0.0,siteB
0.0,0.0,siteB
0.0,0.0,siteB
0.0,0.0,siteB
0.0,0.0,siteB
0.0,0.0,siteB
0.0,0.0,siteB
0.0,0.0,siteB
0.0,0.0,siteB
0.0,0.0,siteB
0.0,0.0,siteB
0.0,0.0,siteB
0.0,0.0,siteB
0.0,0.0,siteB
0.0,0.0,siteB
0.0,0.0,siteB
0.0,0.0,siteB
0.0,0.0,siteB
0.0,0.0,siteB
0.0,0.0,siteB
0.0,0.0,siteB
0.0,0.0,siteB
0.0,0.0,siteB
0.0,0.0,siteB
0.0,0.0,siteB
0.0,0.0,siteB
0.0,0.0,siteB
0.0,0.0,siteB
0.0,0.0,siteB
0.0,0.0,siteB
0.0,0.0,siteB
0.0,0.0,siteB
0.0,0.0,siteB
0.0,0.0,siteB
0.0,0.0,siteB
0.0,0.0,siteB
0.0,0.0,siteB
0.0,0.0,siteB
0.0,0.0,siteB
0.0,0.0,siteB
0.0,0.0,siteB
0.0,0.0,siteB
0.0,0.0,siteB
0.0,0.0,siteB
0.0,0.0,siteB
0.0,0.0,siteB
0.0,0.0,siteB
0.0,0.0,siteB
0.0,0.0,siteB
0.0,0.0,siteB
0.0,0.0,siteB
0.0,0.0,siteB
0.0,0.0,siteB
0.0,0.0,siteB
0.0,0.0,siteB
0.0,0.0,siteB
0.0,0.0,siteB
0.0,0.0,siteB
0.0,0.0,siteB
0.0,0.0,siteB
0.0,0.0,siteB
0.0,0.0,siteB
0.0,0.0,siteB
0.0,0.0,siteB
0.0,0.0,siteB
0.0,0.0,siteB
0.0,0.0,siteB
0.0,0.0,siteB
0.0,0.0,siteB
0.0,0.0,siteB
0.0,0.0,siteB
0.0,0.0,siteB
0.0,0.0,siteB
0.0,0.0,siteB
0.0,0.0,siteB
0.0,0.0,siteB
0.0,0.0,siteB
0.0,0.0,siteB
0.0,0.0,siteB
0.0,0.0,siteB
0.0,0.0,siteB
0.0,0.0,siteB
0.0,0.0,siteB
0.0,0.0,siteB
0.0,0.0,siteB
0.0,0.0,siteB
0.0,0.0,siteB
0.0,0.0,siteB
0.0,0.0,siteB
0.0,0.0,siteB
0.0,0.0,siteB
0.0,0.0,siteB
0.0,0.0,siteB
0.0,0.0,siteB
0.0,0.0,siteB
0.0,0.0,siteB
0.0,0.0,siteB
0.0,0.0,siteB
0.0,0.0,siteB
0.0,0.0,siteB
0.0,0.0,siteB
0.0,0.0,siteB
0.0,0.0,siteB
0.0,0.0,siteB
0.0,0.0,siteB
0.0,0.0,siteB
0.0,0.0,siteB
0.0,0.0,siteB
0.0,0.0,siteB
0.0,0.0,siteB
0.0,0.0,siteB
0.0,0.0,siteB
0.0,0.0,siteB
0.0,0.0,siteB
0.0,0.0,siteB
0.0,0.0,siteB
0.0,0.0,siteB
0.0,0.0,siteB
0.0,0.0,siteB
0.0,0.0,siteB
0.0,0.0,siteB
0.0,0.0,siteB
0.0,0.0,siteB
0.0,0.0,siteB
0.0,0.0,siteB
0.0,0.0,siteB
0.0,0.0,siteB
0.0,0.0,siteB
0.0,0.0,siteB
0.0,0.0,siteB
0.0,0.0,siteB
0.0,0.0,siteB
0.0,0.0,siteB
0.0,0.0,siteB
0.0,0.0,siteB
0.0,0.0,siteB
0.0,0.0,siteB
0.0,0.0,siteB
0.0,0.0,siteB
0.0,0.0,siteB
0.0,0.0,siteB
0.0,0.0,siteB
0.0,0.0,siteB
0.0,0.0,siteB
0.0,0.0,siteB
0.0,0.0,siteB
0.0,0.0,siteB
0.0,0.0,siteB
0.0,0.0,siteB
0.0,0.0,siteB
0.0,0.0,siteB
0.0,0.0,siteB
0.0,0.0,siteB
0.0,0.0,siteB
0.0,0.0,siteB
0.0,0.0,siteB
0.0,0.0,siteB
0.0,0.0,siteB
0.0,0.0,siteB
0.0,0.0,siteB
0.0,0.0,siteB
0.0,0.0,siteB
0.0,0.0,siteB
0.0,0.0,siteB
0.0,0.0,siteB
0.0,0.0,siteB
0.0,0.0,siteB
0.0,0.0,siteB
0.0,0.0,siteB
0.0,0.0,siteB
0.0,0.0,siteB
0.0,0.0,siteB
0.0,0.0,siteB
0.0,0.0,siteB
0.0,0.0,siteB
0.0,0.0,siteB
0.0,0.0,siteB
0.0,0.0,siteB
0.0,0.0,siteB
0.0,0.0,siteB
0.0,0.0,siteB
0.0,0.0,siteB
0.0,0.0,siteB
0.0,0.0,siteB
0.0,0.0,siteB
0.0,0.0,siteB
0.0,0.0,siteB
0.0,0.0,siteB
0.0,0.0,siteB
0.0,0.0,siteB
0.0,0.0,siteB
0.0,0.0,siteB
0.0,0.0,siteB
0.0,0.0,siteB
0.0,0.0,siteB
0.0,0.0,siteB
0.0,0.0,siteB
0.0,0.0,siteB
0.0,0.0,siteB
0.0,0.0,siteB
0.0,0.0,siteB
0.0,0.0,siteB
0.0,0.0,siteB
0.0,0.0,siteB
0.0,0.0,siteB
0.0,0.0,siteB
0.0,0.0,siteB
0.0,0.0,siteB
0.0,0.0,siteB
0.0,0.0,siteB
0.0,0.0,siteB
0.0,0.0,siteB
0.0,0.0,siteB
0.0,0.0,siteB
0.0,0.0,siteB
0.0,0.0,siteB
0.0,0.0,siteB
0.0,0.0,siteB
0.0,0.0,siteB
0.0,0.0,siteB
0.0,0.0,siteB
0.0,0.0,siteB
0.0,0.0,siteB
0.0,0.0,siteB
0.0,0.0,siteB
0.0,0.0,siteB
0.0,0.0,siteB
0.0,0.0,siteB
0.0,0.0,siteB
0.0,0.0,siteB
0.0,0.0,siteB
0.0,0.0,siteB
0.0,0.0,siteB
0.0,0.0,siteB
0.0,0.0,siteB
0.0,0.0,siteB
0.0,0.0,siteB
0.0,0.0,siteB
0.0,0.0,siteB
0.0,0.0,siteB
0.0,0.0,siteB
0.0,0.0,siteB
0.0,0.0,siteB
0.0,0.0,siteB
0.0,0.0,siteB
0.0,0.0,siteB
0.0,0.0,siteB
0.0,0.0,siteB
0.0,0.0,siteB
0.0,0.0,siteB
0.0,0.0,siteB
0.0,0.0,siteB
0.0,0.0,siteB
0.0,0.0,siteB
0.0,0.0,siteB
0.0,0.0,siteB
0.0,0.0,siteB
0.0,0.0,siteB
0.0,0.0,siteB
0.0,0.0,siteB
0.0,0.0,siteB
0.0,0.0,siteB
0.0,0.0,siteB
0.0,0.0,siteB
0.0,0.0,siteB
0.0,0.0,siteB
0.0,0.0,siteB
0.0,0.0,siteB
0.0,0.0,siteB
0.0,0.0,siteB
0.0,0.0,siteB
0.0,0.0,siteB
0.0,0.0,siteB
0.0,0.0,siteB
0.0,0.0,siteB
0.0,0.0,siteB
0.0,0.0,siteB
0.0,0.0,siteB
0.0,0.0,siteB
0.0,0.0,siteB
0.0,0.0,siteB
0.0,0.0,siteB
0.0,0.0,siteB
0.0,0.0,siteB
0.0,0.0,siteB
0.0,0.0,siteB
0.0,0.0,siteB
0.0,0.0,siteB
0.0,0.0,siteB
0.0,0.0,siteB
0.0,0.0,siteB
0.0,0.0,siteB
0.0,0.0,siteB
0.0,0.0,siteB
0.0,0.0,siteB
0.0,0.0,siteB
0.0,0.0,siteB
0.0,0.0,siteB
0.0,0.0,siteB
0.0,0.0,siteB
0.0,0.0,siteB
0.0,0.0,siteB
0.0,0.0,siteB
0.0,0.0,siteB
0.0,0.0,siteB
0.0,0.0,siteB
0.0,0.0,siteB
0.0,0.0,siteB
0.0,0.0,siteB
0.0,0.0,siteB
0.0,0.0,siteB
0.0,0.0,siteB
0.0,0.0,siteB
0.0,0.0,siteB
0.0,0.0,siteB
0.0,0.0,siteB
0.0,0.0,siteB
0.0,0.0,siteB
0.0,0.0,siteB
0.0,0.0,siteB
0.0,0.0,siteB
0.0,0.0,siteB
0.0,0.0,siteB
0.0,0.0,siteB
0.0,0.0,siteB
0.0,0.0,siteB
0.0,0.0,siteB
0.0,0.0,siteB
0.0,0.0,siteB
0.0,0.0,siteB
0.0,0.0,siteB
0.0,0.0,siteB
0.0,0.0,siteB
0.0,0.0,siteB
0.0,0.0,siteB
0.0,0.0,siteB
0.0,0.0,siteB
0.0,0.0,siteB
0.0,0.0,siteB
0.0,0.0,siteB
0.0,0.0,siteB
0.0,0.0,siteB
0.0,0.0,siteB
0.0,0.0,siteB
0.0,0.0,siteB
0.0,0.0,siteB
0.0,0.0,siteB
0.0,0.0,siteB
0.65,-0.04694746490351752,siteB
0.38,1.1473307083556854,siteB
3.03,1.9213340921571254,siteB
4.79,2.647854852339209,siteB
4.17,2.9333177986100587,siteB
0.8,-0.05011692863423139,siteB
1.06,1.1434449944959593,siteB
3.9,2.238067231466788,siteB
4.7,1.6069938859817239,siteB
0.86,-0.017297283229040013,siteB
1.21,1.2739649307117036,siteB
1.42,1.4200505847744174,siteB
1.23,-2.7417557464433866,siteB
0.87,-0.1262104293748335,siteB
4.61,-1.2184558729763524,siteB
3.13,-1.3272558417130405,siteB
3.22,2.872116744380061,siteB
3.81,3.1128571072977302,siteB
3.09,2.829545843336659,siteB
2.99,1.5133612878921043,siteB
3.57,-0.1357886094327932,siteB
3.4,-6.221216398974115,siteB
2.77,-6.654584829941296,siteB
0.0,0.0,siteB
0.0,0.0,siteB
0.0,0.0,siteB
0.0,0.0,siteB
0.0,0.0,siteB
0.0,0.0,siteB
0.0,0.0,siteB
0.0,0.0,siteB
0.0,0.0,siteB
0.0,0.0,siteB
0.0,0.0,siteB
0.0,0.0,siteB
0.0,0.0,siteB
0.0,0.0,siteB
0.0,0.0,siteB
0.0,0.0,siteB
0.0,0.0,siteB
0.0,0.0,siteB
0.0,0.0,siteB
0.0,0.0,siteB
0.0,0.0,siteB
0.0,0.0,siteB
0.77,3.3510526582676623,siteB
1.15,3.347659133967887,siteB
3.73,3.6143040028136357,siteB
5.62,5.167018276407689,siteB
5.41,4.3469774624368025,siteB
2.05,0.14162872740821272,siteB
0.66,1.0569208586756373,siteB
4.23,1.6849855720051083,siteB
2.27,0.30068460465546354,siteB
-2.1,-0.6472436776486044,siteB
-1.19,-0.9346611668037558,siteB
-2.82,-2.0346419846161172,siteB
-3.88,-1.8243375508554327,siteB
-6.33,-2.1829958993805474,siteB
-6.96,-2.0325098342664676,siteB
-6.1,-2.073668066690362,siteB
-5.98,-2.062134892400057,siteB
-6.03,-1.5987816692278898,siteB
-3.63,-0.9929376583405415,siteB
-3.56,-0.83429988703777,siteB
-3.68,-0.9005064122191018,siteB
-3.71,-0.9043630018549561,siteB
-3.8,-0.7217589743692839,siteB
-3.6,-0.7865062164181703,siteB
-3.65,-0.6881012142689036,siteB
-3.76,-0.6932630684550224,siteB
-3.83,-0.7004646293015834,siteB
-3.55,-0.6889054638374178,siteB
-3.9,-0.46420173399699766,siteB
-4.56,-0.3213639161567993,siteB
-4.05,-0.4893729911096246,siteB
0.0,0.0,siteB
0.0,0.0,siteB
0.0,0.0,siteB
0.0,0.0,siteB
0.0,0.0,siteB
0.0,0.0,siteB
0.0,0.0,siteB
0.0,0.0,siteB
0.0,0.0,siteB
0.0,0.0,siteB
0.0,0.0,siteB
0.0,0.0,siteB
0.0,0.0,siteB
0.0,0.0,siteB
0.0,0.0,siteB
0.0,0.0,siteB
0.0,0.0,siteB
0.0,0.0,siteB
0.0,0.0,siteB
0.0,0.0,siteB
0.0,0.0,siteB
0.0,0.0,siteB
0.0,0.0,siteB
0.0,0.0,siteB
0.0,0.0,siteB
0.0,0.0,siteB
0.0,0.0,siteB
0.0,0.0,siteB
0.0,0.0,siteB
0.0,0.0,siteB
0.0,0.0,siteB
0.0,0.0,siteB
0.0,0.0,siteB
0.0,0.0,siteB
0.0,0.0,siteB
0.0,0.0,siteB
0.0,0.0,siteB
0.0,0.0,siteB
0.0,0.0,siteB
0.0,0.0,siteB
0.0,0.0,siteB
0.0,0.0,siteB
0.0,0.0,siteB
0.0,0.0,siteB
0.0,0.0,siteB
0.0,0.0,siteB
0.0,0.0,siteB
0.0,0.0,siteB
0.0,0.0,siteB
0.0,0.0,siteB
0.0,0.0,siteB
0.0,0.0,siteB
0.0,0.0,siteB
0.0,0.0,siteB
0.0,0.0,siteB
0.0,0.0,siteB
0.0,0.0,siteB
0.0,0.0,siteB
0.0,0.0,siteB
0.0,0.0,siteB
0.0,0.0,siteB
0.0,0.0,siteB
0.0,0.0,siteB
0.0,0.0,siteB
0.0,0.0,siteB
0.0,0.0,siteB
0.0,0.0,siteB
0.0,0.0,siteB
0.0,0.0,siteB
0.0,0.0,siteB
0.0,0.0,siteB
0.0,0.0,siteB
0.0,0.0,siteB
0.0,0.0,siteB
0.0,0.0,siteB
0.0,0.0,siteB
0.0,0.0,siteB
0.0,0.0,siteB
0.0,0.0,siteB
0.0,0.0,siteB
0.0,0.0,siteB
0.0,0.0,siteB
0.0,0.0,siteB
0.0,0.0,siteB
0.0,0.0,siteB
0.0,0.0,siteB
0.0,0.0,siteB
0.0,0.0,siteB
0.0,0.0,siteB
0.0,0.0,siteB
0.0,0.0,siteB
0.0,0.0,siteB
0.0,0.0,siteB
0.0,0.0,siteB
0.0,0.0,siteB
0.0,0.0,siteB
0.0,0.0,siteB
0.0,0.0,siteB
0.0,0.0,siteB
0.0,0.0,siteB
0.0,0.0,siteB
0.0,0.0,siteB
0.0,0.0,siteB
0.0,0.0,siteB
0.0,0.0,siteB
0.0,0.0,siteB
0.0,0.0,siteB
0.0,0.0,siteB
0.0,0.0,siteB
0.0,0.0,siteB
0.0,0.0,siteB
0.0,0.0,siteB
0.0,0.0,siteB
0.0,0.0,siteB
0.0,0.0,siteB
0.0,0.0,siteB
0.0,0.0,siteB
0.0,0.0,siteB
0.0,0.0,siteB
0.0,0.0,siteB
0.0,0.0,siteB
0.0,0.0,siteB
0.0,0.0,siteB
0.0,0.0,siteB
0.0,0.0,siteB
0.0,0.0,siteB
0.0,0.0,siteB
0.0,0.0,siteB
0.0,0.0,siteB
0.0,0.0,siteB
0.0,0.0,siteB
0.0,0.0,siteB
0.0,0.0,siteB
0.0,0.0,siteB
0.0,0.0,siteB
0.0,0.0,siteB
0.0,0.0,siteB
0.0,0.0,siteB
0.0,0.0,siteB
0.0,0.0,siteB
0.0,0.0,siteB
0.0,0.0,siteB
0.0,0.0,siteB
0.0,0.0,siteB
0.0,0.0,siteB
0.0,0.0,siteB
0.0,0.0,siteB
0.0,0.0,siteB
0.0,0.0,siteB
0.0,0.0,siteB
0.0,0.0,siteB
0.0,0.0,siteB
0.0,0.0,siteB
0.0,0.0,siteB
0.0,0.0,siteB
0.0,0.0,siteB
0.0,0.0,siteB
0.0,0.0,siteB
0.0,0.0,siteB
0.0,0.0,siteB
0.0,0.0,siteB
0.0,0.0,siteB
0.0,0.0,siteB
0.0,0.0,siteB
0.0,0.0,siteB
0.0,0.0,siteB
0.0,0.0,siteB
0.0,0.0,siteB
0.0,0.0,siteB
0.0,0.0,siteB
0.0,0.0,siteB
0.0,0.0,siteB
0.0,0.0,siteB
0.0,0.0,siteB
0.0,0.0,siteB
0.0,0.0,siteB
0.0,0.0,siteB
0.0,0.0,siteB
0.0,0.0,siteB
0.0,0.0,siteB
0.0,0.0,siteB
0.0,0.0,siteB
0.0,0.0,siteB
0.0,0.0,siteB
0.0,0.0,siteB
0.0,0.0,siteB
0.0,0.0,siteB
0.0,0.0,siteB
0.0,0.0,siteB
0.0,0.0,siteB
0.0,0.0,siteB
0.0,0.0,siteB
0.0,0.0,siteB
0.0,0.0,siteB
0.0,0.0,siteB
0.0,0.0,siteB
0.0,0.0,siteB
0.0,0.0,siteB
0.0,0.0,siteB
0.0,0.0,siteB
0.0,0.0,siteB
0.0,0.0,siteB
0.0,0.0,siteB
0.0,0.0,siteB
0.0,0.0,siteB
0.0,0.0,siteB
0.0,0.0,siteB
0.0,0.0,siteB
0.0,0.0,siteB
0.0,0.0,siteB
0.0,0.0,siteB
0.0,0.0,siteB
0.0,0.0,siteB
0.0,0.0,siteB
0.0,0.0,siteB
0.0,0.0,siteB
0.0,0.0,siteB
0.0,0.0,siteB
0.0,0.0,siteB
0.0,0.0,siteB
0.0,0.0,siteB
0.0,0.0,siteB
0.0,0.0,siteB
0.0,0.0,siteB
0.0,0.0,siteB
0.0,0.0,siteB
0.0,0.0,siteB
0.0,0.0,siteB
0.0,0.0,siteB
0.0,0.0,siteB
0.0,0.0,siteB
0.0,0.0,siteB
0.0,0.0,siteB
0.0,0.0,siteB
0.0,0.0,siteB
0.0,0.0,siteB
0.0,0.0,siteB
0.0,0.0,siteB
0.0,0.0,siteB
0.0,0.0,siteB
0.0,0.0,siteB
0.0,0.0,siteB
0.0,0.0,siteB
0.0,0.0,siteB
0.0,0.0,siteB
0.0,0.0,siteB
0.0,0.0,siteB
0.0,0.0,siteB
0.0,0.0,siteB
0.0,0.0,siteB
0.0,0.0,siteB
0.0,0.0,siteB
0.0,0.0,siteB
0.0,0.0,siteB
0.0,0.0,siteB
0.0,0.0,siteB
0.0,0.0,siteB
0.0,0.0,siteB
0.0,0.0,siteB
0.0,0.0,siteB
0.0,0.0,siteB
0.0,0.0,siteB
0.0,0.0,siteB
0.0,0.0,siteB
0.0,0.0,siteB
0.0,0.0,siteB
0.0,0.0,siteB
0.0,0.0,siteB
0.0,0.0,siteB
0.0,0.0,siteB
0.0,0.0,siteB
0.0,0.0,siteB
0.0,0.0,siteB
0.0,0.0,siteB
0.0,0.0,siteB
0.0,0.0,siteB
0.0,0.0,siteB
0.0,0.0,siteB
0.0,0.0,siteB
0.0,0.0,siteB
0.0,0.0,siteB
0.0,0.0,siteB
0.0,0.0,siteB
0.0,0.0,siteB
0.0,0.0,siteB
0.0,0.0,siteB
0.68,4.22201467677475,siteB
0.88,2.0646149383786163,siteB
0.47,2.9921035285357362,siteB
0.84,3.407013576491593,siteB
0.77,2.6751552186212484,siteB
0.18,0.7935667032011964,siteB
0.53,1.1887486553204292,siteB
4.72,1.8567761565857879,siteB
4.09,0.7898895492179817,siteB
-2.73,-1.8153096570550467,siteB
-1.92,-1.7897474248436747,siteB
-4.04,-1.9320847730557489,siteB
-4.01,-2.2200300509731354,siteB
-7.24,-2.5837093074225974,siteB
-5.6,-2.4588251312529064,siteB
-7.28,-2.282066243719874,siteB
-6.19,-1.9797522236614153,siteB
-6.16,-1.726313408340027,siteB
-6.63,-1.2546834228843053,siteB
-3.51,-0.8299653249283396,siteB
-4.2,-0.45245644200570656,siteB
-3.76,-0.2824955345580346,siteB
-3.52,-0.2813244294594295,siteB
-4.15,-0.27286643643393643,siteB
-3.57,-0.25905655187405185,siteB
-4.14,-0.1547215488215488,siteB
-3.56,-0.15165629389129387,siteB
-4.16,-0.15126999158249155,siteB
-3.69,-0.13316786916786913,siteB
-3.87,-0.42086223970373765,siteB
-4.53,-0.22759147907647914,siteB
-4.38,-0.24321371452621457,siteB
0.0,0.0,siteB
0.0,0.0,siteB
0.0,0.0,siteB
0.0,0.0,siteB
0.0,0.0,siteB
0.0,0.0,siteB
0.0,0.0,siteB
0.0,0.0,siteB
0.0,0.0,siteB
0.0,0.0,siteB
0.0,0.0,siteB
0.0,0.0,siteB
0.0,0.0,siteB
0.0,0.0,siteB
0.0,0.0,siteB
0.0,0.0,siteB
0.0,0.0,siteB
0.0,0.0,siteB
0.0,0.0,siteB
0.0,0.0,siteB
0.0,0.0,siteB
0.0,0.0,siteB
0.0,0.0,siteB
0.0,0.0,siteB
0.0,0.0,siteB
0.0,0.0,siteB
0.0,0.0,siteB
0.0,0.0,siteB
0.0,0.0,siteB
0.0,0.0,siteB
0.0,0.0,siteB
0.0,0.0,siteB
0.0,0.0,siteB
0.0,0.0,siteB
0.0,0.0,siteB
0.0,0.0,siteB
0.0,0.0,siteB
0.0,0.0,siteB
0.0,0.0,siteB
0.0,0.0,siteB
0.0,0.0,siteB
0.0,0.0,siteB
0.0,0.0,siteB
0.0,0.0,siteB
0.0,0.0,siteB
0.0,0.0,siteB
0.0,0.0,siteB
0.0,0.0,siteB
0.0,0.0,siteB
0.0,0.0,siteB
0.0,0.0,siteB
0.0,0.0,siteB
0.0,0.0,siteB
0.0,0.0,siteB
0.0,0.0,siteB
0.0,0.0,siteB
0.0,0.0,siteB
0.0,0.0,siteB
0.0,0.0,siteB
0.0,0.0,siteB
0.0,0.0,siteB
0.0,0.0,siteB
0.0,0.0,siteB
0.0,0.0,siteB
0.0,0.0,siteB
0.0,0.0,siteB
0.0,0.0,siteB
0.0,0.0,siteB
0.0,0.0,siteB
0.0,0.0,siteB
0.0,0.0,siteB
0.0,0.0,siteB
0.0,0.0,siteB
0.0,0.0,siteB
0.0,0.0,siteB
0.0,0.0,siteB
0.0,0.0,siteB
0.0,0.0,siteB
0.0,0.0,siteB
0.0,0.0,siteB
0.0,0.0,siteB
0.0,0.0,siteB
0.0,0.0,siteB
0.0,0.0,siteB
0.0,0.0,siteB
0.0,0.0,siteB
0.0,0.0,siteB
0.0,0.0,siteB
0.0,0.0,siteB
0.0,0.0,siteB
0.0,0.0,siteB
0.0,0.0,siteB
0.0,0.0,siteB
0.0,0.0,siteB
0.0,0.0,siteB
0.0,0.0,siteB
0.0,0.0,siteB
0.0,0.0,siteB
0.0,0.0,siteB
0.0,0.0,siteB
0.0,0.0,siteB
0.0,0.0,siteB
0.0,0.0,siteB
0.0,0.0,siteB
0.0,0.0,siteB
0.0,0.0,siteB
0.0,0.0,siteB
0.0,0.0,siteB
0.0,0.0,siteB
0.0,0.0,siteB
0.0,0.0,siteB
0.0,0.0,siteB
0.0,0.0,siteB
0.0,0.0,siteB
0.0,0.0,siteB
0.0,0.0,siteB
0.0,0.0,siteB
0.0,0.0,siteB
0.0,0.0,siteB
0.0,0.0,siteB
0.0,0.0,siteB
0.0,0.0,siteB
0.0,0.0,siteB
0.0,0.0,siteB
0.0,0.0,siteB
0.0,0.0,siteB
0.0,0.0,siteB
0.0,0.0,siteB
0.0,0.0,siteB
0.0,0.0,siteB
0.0,0.0,siteB
0.0,0.0,siteB
0.0,0.0,siteB
0.0,0.0,siteB
0.0,0.0,siteB
0.0,0.0,siteB
0.0,0.0,siteB
0.0,0.0,siteB
0.0,0.0,siteB
0.0,0.0,siteB
0.0,0.0,siteB
0.0,0.0,siteB
0.0,0.0,siteB
0.0,0.0,siteB
0.0,0.0,siteB
0.0,0.0,siteB
0.0,0.0,siteB
0.0,0.0,siteB
0.0,0.0,siteB
0.0,0.0,siteB
0.0,0.0,siteB
0.0,0.0,siteB
0.0,0.0,siteB
0.0,0.0,siteB
0.0,0.0,siteB
0.0,0.0,siteB
0.0,0.0,siteB
0.0,0.0,siteB
0.0,0.0,siteB
0.0,0.0,siteB
0.0,0.0,siteB
0.0,0.0,siteB
0.0,0.0,siteB
0.0,0.0,siteB
0.0,0.0,siteB
0.0,0.0,siteB
0.0,0.0,siteB
0.0,0.0,siteB
0.0,0.0,siteB
0.0,0.0,siteB
0.0,0.0,siteB
0.0,0.0,siteB
0.0,0.0,siteB
0.0,0.0,siteB
0.0,0.0,siteB
0.0,0.0,siteB
0.0,0.0,siteB
0.0,0.0,siteB
0.0,0.0,siteB
0.0,0.0,siteB
0.0,0.0,siteB
0.0,0.0,siteB
0.0,0.0,siteB
0.0,0.0,siteB
0.0,0.0,siteB
0.0,0.0,siteB
0.0,0.0,siteB
0.0,0.0,siteB
0.0,0.0,siteB
0.0,0.0,siteB
0.0,0.0,siteB
0.0,0.0,siteB
0.0,0.0,siteB
0.0,0.0,siteB
0.0,0.0,siteB
0.0,0.0,siteB
0.0,0.0,siteB
0.0,0.0,siteB
0.0,0.0,siteB
0.0,0.0,siteB
0.0,0.0,siteB
0.0,0.0,siteB
0.0,0.0,siteB
0.0,0.0,siteB
0.0,0.0,siteB
0.0,0.0,siteB
0.0,0.0,siteB
0.0,0.0,siteB
0.0,0.0,siteB
0.0,0.0,siteB
0.0,0.0,siteB
0.0,0.0,siteB
0.0,0.0,siteB
0.0,0.0,siteB
0.0,0.0,siteB
0.0,0.0,siteB
0.0,0.0,siteB
0.0,0.0,siteB
0.0,0.0,siteB
0.0,0.0,siteB
0.0,0.0,siteB
0.0,0.0,siteB
0.0,0.0,siteB
0.0,0.0,siteB
0.0,0.0,siteB
0.0,0.0,siteB
0.0,0.0,siteB
0.0,0.0,siteB
0.0,0.0,siteB
0.0,0.0,siteB
0.0,0.0,siteB
0.0,0.0,siteB
0.0,0.0,siteB
0.0,0.0,siteB
0.0,0.0,siteB
0.0,0.0,siteB
0.0,0.0,siteB
0.0,0.0,siteB
0.0,0.0,siteB
0.0,0.0,siteB
0.0,0.0,siteB
0.0,0.0,siteB
0.0,0.0,siteB
0.0,0.0,siteB
0.0,0.0,siteB
0.0,0.0,siteB
0.0,0.0,siteB
0.0,0.0,siteB
0.0,0.0,siteB
0.0,0.0,siteB
0.0,0.0,siteB
0.0,0.0,siteB
0.0,0.0,siteB
0.0,0.0,siteB
0.0,0.0,siteB
0.0,0.0,siteB
0.0,0.0,siteB
0.0,0.0,siteB
0.0,0.0,siteB
0.0,0.0,siteB
0.0,0.0,siteB
0.0,0.0,siteB
0.0,0.0,siteB
0.0,0.0,siteB
0.0,0.0,siteB
0.0,0.0,siteB
0.0,0.0,siteB
0.0,0.0,siteB
0.0,0.0,siteB
0.0,0.0,siteB
0.0,0.0,siteB
0.0,0.0,siteB
0.0,0.0,siteB
0.0,0.0,siteB
0.0,0.0,siteB
0.0,0.0,siteB
0.0,0.0,siteB
0.0,0.0,siteB
0.0,0.0,siteB
0.0,0.0,siteB
0.0,0.0,siteB
0.0,0.0,siteB
0.0,0.0,siteB
0.0,0.0,siteB
0.0,0.0,siteB
0.0,0.0,siteB
0.0,0.0,siteB
0.0,0.0,siteB
0.0,0.0,siteB
0.0,0.0,siteB
0.0,0.0,siteB
0.0,0.0,siteB
0.0,0.0,siteB
0.0,0.0,siteB
0.0,0.0,siteB
0.0,0.0,siteB
0.0,0.0,siteB
0.0,0.0,siteB
0.0,0.0,siteB
0.0,0.0,siteB
0.0,0.0,siteB
0.0,0.0,siteB
0.0,0.0,siteB
0.0,0.0,siteB
0.0,0.0,siteB
0.0,0.0,siteB
0.0,0.0,siteB
0.0,0.0,siteB
0.0,0.0,siteB
0.0,0.0,siteB
0.0,0.0,siteB
0.0,0.0,siteB
0.0,0.0,siteB
0.0,0.0,siteB
0.0,0.0,siteB
0.0,0.0,siteB
0.0,0.0,siteB
0.0,0.0,siteB
0.0,0.0,siteB
0.0,0.0,siteB
0.0,0.0,siteB
0.0,0.0,siteB
0.0,0.0,siteB
0.0,0.0,siteB
0.0,0.0,siteB
0.0,0.0,siteB
0.0,0.0,siteB
0.0,0.0,siteB
0.0,0.0,siteB
0.0,0.0,siteB
0.0,0.0,siteB
0.0,0.0,siteB
0.0,0.0,siteB
0.0,0.0,siteB
0.0,0.0,siteB
0.0,0.0,siteB
0.0,0.0,siteB
0.0,0.0,siteB
0.0,0.0,siteB
0.61,4.652712611946878,siteB
0.61,1.7859469406791477,siteB
0.6,2.6062144182315525,siteB
0.28,3.3798049414583264,siteB
0.33,2.408452015408339,siteB
0.13,-0.299717635885643,siteB
0.34,1.0561149672492407,siteB
1.27,1.9611724124894685,siteB
0.48,0.7797697353336087,siteB
-3.0,-1.363607699699538,siteB
-2.32,-1.7958029142963168,siteB
-4.22,-2.086709932155908,siteB
-4.55,-2.140501301975314,siteB
-7.92,-2.530523254138649,siteB
-7.43,-2.366522545797425,siteB
-7.7,-2.312221481398861,siteB
-7.29,-1.9993547120064041,siteB
-7.34,-1.9506970991916592,siteB
-6.06,-1.70257738729952,siteB
-7.04,-1.2685081438115262,siteB
-7.0,-1.041785732380365,siteB
-6.73,-0.32637748307248304,siteB
-6.74,-0.24919460918710926,siteB
-7.01,-0.2419921284271284,siteB
-7.12,-0.2282096512746514,siteB
-6.35,-0.24043354016354027,siteB
-6.63,-0.23493256974506982,siteB
-7.03,-0.23844791366041374,siteB
-6.92,-0.4192126184916165,siteB
-6.69,-0.06176127005347593,siteB
-7.25,-0.06702973806694393,siteB
-8.03,-0.07708481842231839,siteB
0.0,0.0,siteB
0.0,0.0,siteB
0.0,0.0,siteB
0.0,0.0,siteB
0.0,0.0,siteB
0.0,0.0,siteB
0.0,0.0,siteB
0.0,0.0,siteB
0.0,0.0,siteB
0.0,0.0,siteB
0.0,0.0,siteB
0.0,0.0,siteB
0.0,0.0,siteB
0.0,0.0,siteB
0.0,0.0,siteB
0.0,0.0,siteB
0.0,0.0,siteB
0.0,0.0,siteB
0.0,0.0,siteB
0.0,0.0,siteB
0.0,0.0,siteB
0.0,0.0,siteB
0.0,0.0,siteB
0.0,0.0,siteB
0.0,0.0,siteB
0.0,0.0,siteB
0.0,0.0,siteB
0.0,0.0,siteB
0.0,0.0,siteB
0.0,0.0,siteB
0.0,0.0,siteB
0.0,0.0,siteB
0.0,0.0,siteB
0.0,0.0,siteB
0.0,0.0,siteB
0.0,0.0,siteB
0.0,0.0,siteB
0.0,0.0,siteB
0.0,0.0,siteB
0.0,0.0,siteB
0.0,0.0,siteB
0.0,0.0,siteB
0.0,0.0,siteB
0.0,0.0,siteB
0.0,0.0,siteB
0.0,0.0,siteB
0.0,0.0,siteB
0.0,0.0,siteB
0.0,0.0,siteB
0.0,0.0,siteB
0.0,0.0,siteB
0.0,0.0,siteB
0.0,0.0,siteB
0.0,0.0,siteB
0.0,0.0,siteB
0.0,0.0,siteB
0.0,0.0,siteB
0.0,0.0,siteB
0.0,0.0,siteB
0.0,0.0,siteB
0.0,0.0,siteB
0.0,0.0,siteB
0.0,0.0,siteB
0.0,0.0,siteB
0.0,0.0,siteB
0.0,0.0,siteB
0.0,0.0,siteB
0.0,0.0,siteB
0.0,0.0,siteB
0.0,0.0,siteB
0.0,0.0,siteB
0.0,0.0,siteB
0.0,0.0,siteB
0.0,0.0,siteB
0.0,0.0,siteB
0.0,0.0,siteB
0.56,2.6823323849434915,siteB
1.03,2.571759493820452,siteB
3.02,2.4172132993286692,siteB
4.2,3.7215404869927964,siteB
4.07,2.8750062948081325,siteB
0.49,-0.535645687789879,siteB
0.21,-2.303315007655456,siteB
-2.67,-2.320812298577039,siteB
-2.26,-2.343059758404791,siteB
-4.37,-2.40199042800036,siteB
-2.85,-2.2782029422174523,siteB
-7.14,-2.7826129842604646,siteB
-7.64,-2.6877423543130687,siteB
-6.28,-2.7418956610145386,siteB
-6.5,-2.793254176214936,siteB
-6.75,-2.6422127768935857,siteB
-6.17,-2.3828867995893,siteB
-6.39,-2.094040686073187,siteB
-3.63,-1.700937292568543,siteB
-3.92,-0.9059942398233577,siteB
-4.03,-0.7053436925873688,siteB
-3.69,-0.7081958210144973,siteB
-3.86,-0.6438724639086402,siteB
-3.66,-0.5260718446830946,siteB
-3.74,-0.5032857047799695,siteB
-3.72,-0.51027616510668,siteB
-3.66,-0.5112690128607776,siteB
-3.54,-0.5760200524747584,siteB
-3.75,-0.5568368377483085,siteB
-4.46,-0.5839041000938061,siteB
0.0,0.0,siteB
0.0,0.0,siteB
0.0,0.0,siteB
0.0,0.0,siteB
0.0,0.0,siteB
0.0,0.0,siteB
0.0,0.0,siteB
0.0,0.0,siteB
0.0,0.0,siteB
0.0,0.0,siteB
0.0,0.0,siteB
0.0,0.0,siteB
0.0,0.0,siteB
0.0,0.0,siteB
0.0,0.0,siteB
0.0,0.0,siteB
0.0,0.0,siteB
0.0,0.0,siteB
0.0,0.0,siteB
0.0,0.0,siteB
0.0,0.0,siteB
0.0,0.0,siteB
0.0,0.0,siteB
0.0,0.0,siteB
0.0,0.0,siteB
0.0,0.0,siteB
0.0,0.0,siteB
0.0,0.0,siteB
0.0,0.0,siteB
0.0,0.0,siteB
0.0,0.0,siteB
0.0,0.0,siteB
0.0,0.0,siteB
0.0,0.0,siteB
0.0,0.0,siteB
0.0,0.0,siteB
0.0,0.0,siteB
0.0,0.0,siteB
0.0,0.0,siteB
0.0,0.0,siteB
0.0,0.0,siteB
0.0,0.0,siteB
0.0,0.0,siteB
0.0,0.0,siteB
0.0,0.0,siteB
0.0,0.0,siteB
0.0,0.0,siteB
0.0,0.0,siteB
0.0,0.0,siteB
0.0,0.0,siteB
0.0,0.0,siteB
0.0,0.0,siteB
0.0,0.0,siteB
0.0,0.0,siteB
0.0,0.0,siteB
0.0,0.0,siteB
0.0,0.0,siteB
0.0,0.0,siteB
0.0,0.0,siteB
0.0,0.0,siteB
0.0,0.0,siteB
0.0,0.0,siteB
0.0,0.0,siteB
0.0,0.0,siteB
0.0,0.0,siteB
0.0,0.0,siteB
0.0,0.0,siteB
0.0,0.0,siteB
0.0,0.0,siteB
0.0,0.0,siteB
0.0,0.0,siteB
0.0,0.0,siteB
0.0,0.0,siteB
0.0,0.0,siteB
0.0,0.0,siteB
0.0,0.0,siteB
0.0,0.0,siteB
0.0,0.0,siteB
0.68,6.189014909265572,siteB
1.93,7.947053056479842,siteB
4.6,8.294630376104665,siteB
5.96,7.749929060878776,siteB
4.11,1.503137711817909,siteB
-0.7,-0.46181035666045367,siteB
-0.69,-1.7842719491553627,siteB
-0.68,-1.9257245511537537,siteB
-0.54,-2.0866912458626956,siteB
-3.84,-2.815342577391647,siteB
-3.88,-2.816227546694215,siteB
-3.64,-2.831893960446587,siteB
-3.42,-2.9172514137704098,siteB
-3.51,-2.9563706448769964,siteB
-3.47,-2.815558468864011,siteB
-3.56,-2.5836543906274314,siteB
-3.3,-2.1440040722013056,siteB
-3.4,-1.5927455847056857,siteB
0.0,-1.1432082270061958,siteB
0.0,-1.2627526701872838,siteB
0.0,-1.1987574876846008,siteB
0.0,-0.9881380028582812,siteB
0.0,-0.8350405654491997,siteB
0.0,-0.991305229257613,siteB
0.0,-0.8578895192731534,siteB
0.0,-0.8492126483934882,siteB
0.0,-0.8750437348533249,siteB
0.0,-0.8680111368494768,siteB
0.0,0.0,siteB
0.0,0.0,siteB
0.0,0.0,siteB
0.0,0.0,siteB
0.0,0.0,siteB
0.0,0.0,siteB
0.0,0.0,siteB
0.0,0.0,siteB
0.0,0.0,siteB
0.0,0.0,siteB
0.0,0.0,siteB
0.0,0.0,siteB
0.0,0.0,siteB
0.0,0.0,siteB
0.0,0.0,siteB
0.0,0.0,siteB
0.0,0.0,siteB
0.0,0.0,siteB
0.0,0.0,siteB
0.0,0.0,siteB
0.0,0.0,siteB
0.0,0.0,siteB
0.0,0.0,siteB
0.0,0.0,siteB
0.0,0.0,siteB
0.0,0.0,siteB
0.0,0.0,siteB
0.0,0.0,siteB
0.0,0.0,siteB
0.0,0.0,siteB
0.0,0.0,siteB
0.0,0.0,siteB
0.0,0.0,siteB
0.0,0.0,siteB
0.0,0.0,siteB
0.0,0.0,siteB
0.0,0.0,siteB
0.0,0.0,siteB
0.0,0.0,siteB
0.0,0.0,siteB
0.0,0.0,siteB
0.0,0.0,siteB
0.0,0.0,siteB
0.0,0.0,siteB
0.0,0.0,siteB
0.0,0.0,siteB
0.0,0.0,siteB
0.0,0.0,siteB
0.0,0.0,siteB
0.0,0.0,siteB
0.0,0.0,siteB
0.0,0.0,siteB
0.0,0.0,siteB
0.0,0.0,siteB
0.0,0.0,siteB
0.0,0.0,siteB
0.0,0.0,siteB
0.0,0.0,siteB
0.0,0.0,siteB
0.0,0.0,siteB
0.0,0.0,siteB
0.0,0.0,siteB
0.0,0.0,siteB
0.0,0.0,siteB
0.0,0.0,siteB
0.0,0.0,siteB
0.0,0.0,siteB
0.0,0.0,siteB
0.0,0.0,siteB
0.0,0.0,siteB
0.0,0.0,siteB
0.0,0.0,siteB
0.0,0.0,siteB
0.0,0.0,siteB
0.0,0.0,siteB
0.0,0.0,siteB
0.0,0.0,siteB
0.0,0.0,siteB
0.72,0.9127443658050474,siteB
2.71,1.6799554835054282,siteB
5.23,3.780447120120018,siteB
4.92,3.2821386133462913,siteB
5.32,1.2580323182570767,siteB
-0.81,-1.3037914096469982,siteB
-0.37,-1.4847323828404724,siteB
-0.35,-1.6820980719254959,siteB
-0.41,-1.976058385789191,siteB
-3.8,-2.671643277239186,siteB
-3.73,-2.536464209223867,siteB
-3.57,-2.5722023207719062,siteB
-3.68,-2.79438603155559,siteB
-3.33,-2.630314254098298,siteB
-4.08,-2.4990759906841515,siteB
-3.39,-2.5113234084733347,siteB
-3.62,-2.1313421383001536,siteB
-3.46,-1.9218694634994653,siteB
-3.32,-1.0194243468105977,siteB
-3.51,-0.7260750427350428,siteB
-3.31,-0.7008576088726087,siteB
-3.52,-0.5812004497816996,siteB
-3.31,-0.5832947306859807,siteB
-3.44,-0.5844733814796315,siteB
-3.32,-0.5664914282667224,siteB
-3.39,-0.2692115945165945,siteB
-3.92,-0.12006349206349197,siteB
-3.84,-0.09790616402116399,siteB
0.0,0.0,siteB
0.0,0.0,siteB
0.0,0.0,siteB
0.0,0.0,siteB
0.0,0.0,siteB
0.0,0.0,siteB
0.0,0.0,siteB
0.0,0.0,siteB
0.0,0.0,siteB
0.0,0.0,siteB
0.0,0.0,siteB
0.0,0.0,siteB
0.0,0.0,siteB
0.0,0.0,siteB
0.0,0.0,siteB
0.0,0.0,siteB
0.0,0.0,siteB
0.0,0.0,siteB
0.0,0.0,siteB
0.0,0.0,siteB
0.0,0.0,siteB
0.0,0.0,siteB
0.0,0.0,siteB
0.0,0.0,siteB
0.0,0.0,siteB
0.0,0.0,siteB
0.0,0.0,siteB
0.0,0.0,siteB
0.0,0.0,siteB
0.0,0.0,siteB
0.0,0.0,siteB
0.0,0.0,siteB
0.0,0.0,siteB
0.0,0.0,siteB
0.0,0.0,siteB
0.0,0.0,siteB
0.0,0.0,siteB
0.0,0.0,siteB
0.0,0.0,siteB
0.0,0.0,siteB
0.0,0.0,siteB
0.0,0.0,siteB
0.0,0.0,siteB
0.0,0.0,siteB
0.0,0.0,siteB
0.0,0.0,siteB
0.0,0.0,siteB
0.0,0.0,siteB
0.0,0.0,siteB
0.0,0.0,siteB
0.0,0.0,siteB
0.0,0.0,siteB
0.0,0.0,siteB
0.0,0.0,siteB
0.0,0.0,siteB
0.0,0.0,siteB
0.0,0.0,siteB
0.0,0.0,siteB
0.0,0.0,siteB
0.0,0.0,siteB
0.0,0.0,siteB
0.0,0.0,siteB
0.0,0.0,siteB
0.0,0.0,siteB
0.0,0.0,siteB
0.0,0.0,siteB
0.0,0.0,siteB
0.0,0.0,siteB
0.0,0.0,siteB
0.0,0.0,siteB
0.0,0.0,siteB
0.0,0.0,siteB
0.0,0.0,siteB
0.0,0.0,siteB
0.0,0.0,siteB
0.0,0.0,siteB
0.0,0.0,siteB
0.0,0.0,siteB
0.0,0.0,siteB
0.0,0.0,siteB
0.0,0.0,siteB
0.0,0.0,siteB
0.0,0.0,siteB
0.0,0.0,siteB
0.0,0.0,siteB
0.0,0.0,siteB
0.0,0.0,siteB
0.0,0.0,siteB
0.0,0.0,siteB
0.0,0.0,siteB
0.0,0.0,siteB
0.0,0.0,siteB
0.0,0.0,siteB
0.0,0.0,siteB
0.0,0.0,siteB
0.0,0.0,siteB
0.0,0.0,siteB
0.0,0.0,siteB
0.0,0.0,siteB
0.0,0.0,siteB
0.0,0.0,siteB
0.0,0.0,siteB
0.0,0.0,siteB
0.0,0.0,siteB
0.0,0.0,siteB
0.0,0.0,siteB
0.0,0.0,siteB
0.0,0.0,siteB
0.0,0.0,siteB
0.0,0.0,siteB
0.0,0.0,siteB
0.0,0.0,siteB
0.0,0.0,siteB
0.0,0.0,siteB
0.0,0.0,siteB
0.0,0.0,siteB
0.0,0.0,siteB
0.0,0.0,siteB
0.0,0.0,siteB
0.0,0.0,siteB
0.0,0.0,siteB
0.0,0.0,siteB
0.0,0.0,siteB
0.0,0.0,siteB
0.0,0.0,siteB
0.0,0.0,siteB
0.0,0.0,siteB
0.0,0.0,siteB
0.0,0.0,siteB
0.0,0.0,siteB
0.0,0.0,siteB
0.0,0.0,siteB
0.0,0.0,siteB
0.0,0.0,siteB
0.0,0.0,siteB
0.0,0.0,siteB
0.0,0.0,siteB
0.0,0.0,siteB
0.0,0.0,siteB
0.0,0.0,siteB
0.0,0.0,siteB
0.0,0.0,siteB
0.0,0.0,siteB
0.0,0.0,siteB
0.0,0.0,siteB
0.0,0.0,siteB
0.0,0.0,siteB
0.0,0.0,siteB
0.0,0.0,siteB
0.0,0.0,siteB
0.0,0.0,siteB
0.0,0.0,siteB
0.0,0.0,siteB
0.0,0.0,siteB
0.0,0.0,siteB
0.0,0.0,siteB
0.0,0.0,siteB
0.0,0.0,siteB
0.0,0.0,siteB
0.0,0.0,siteB
0.0,0.0,siteB
0.0,0.0,siteB
0.0,0.0,siteB
0.0,0.0,siteB
0.0,0.0,siteB
0.0,0.0,siteB
0.0,0.0,siteB
0.0,0.0,siteB
0.0,0.0,siteB
0.0,0.0,siteB
0.0,0.0,siteB
0.0,0.0,siteB
0.0,0.0,siteB
0.0,0.0,siteB
0.0,0.0,siteB
0.0,0.0,siteB
0.0,0.0,siteB
0.0,0.0,siteB
0.0,0.0,siteB
0.0,0.0,siteB
0.0,0.0,siteB
0.0,0.0,siteB
0.0,0.0,siteB
0.0,0.0,siteB
0.0,0.0,siteB
0.0,0.0,siteB
0.0,0.0,siteB
0.0,0.0,siteB
0.0,0.0,siteB
0.0,0.0,siteB
0.0,0.0,siteB
0.0,0.0,siteB
0.0,0.0,siteB
0.0,0.0,siteB
0.0,0.0,siteB
0.0,0.0,siteB
0.0,0.0,siteB
0.0,0.0,siteB
0.0,0.0,siteB
0.0,0.0,siteB
0.0,0.0,siteB
0.0,0.0,siteB
0.0,0.0,siteB
0.0,0.0,siteB
0.0,0.0,siteB
0.0,0.0,siteB
0.0,0.0,siteB
0.0,0.0,siteB
0.0,0.0,siteB
0.0,0.0,siteB
0.0,0.0,siteB
0.0,0.0,siteB
0.0,0.0,siteB
0.0,0.0,siteB
0.0,0.0,siteB
0.0,0.0,siteB
0.0,0.0,siteB
0.0,0.0,siteB
0.0,0.0,siteB
0.0,0.0,siteB
0.0,0.0,siteB
0.0,0.0,siteB
0.0,0.0,siteB
0.0,0.0,siteB
0.0,0.0,siteB
0.0,0.0,siteB
0.0,0.0,siteB
0.0,0.0,siteB
0.0,0.0,siteB
0.0,0.0,siteB
0.0,0.0,siteB
0.0,0.0,siteB
0.0,0.0,siteB
0.0,0.0,siteB
0.0,0.0,siteB
0.0,0.0,siteB
0.78,6.976929919375287,siteB
0.93,5.785882263871749,siteB
0.52,5.213750774402614,siteB
0.84,5.642515092557226,siteB
3.58,6.553285521088391,siteB
3.93,1.5475531948071422,siteB
-2.67,-0.7292104855737943,siteB
-1.18,-0.1709982837224983,siteB
-1.84,-0.35610628441461617,siteB
-0.64,-0.2363594218934659,siteB
-1.78,-2.282542068874107,siteB
-1.68,-0.33312218123128373,siteB
-2.96,-2.467732069426389,siteB
-3.75,-2.4073113030794446,siteB
-3.34,-2.359441594752999,siteB
-2.7,-2.632358848770766,siteB
-3.69,-2.632596185007516,siteB
-2.64,-2.659946722248052,siteB
-2.99,-2.511425265817773,siteB
-0.32,-1.8179026030077308,siteB
-0.85,-1.4678516581900214,siteB
-0.42,-1.3632479619897069,siteB
-3.9,-6.03775753160496,siteB
-3.86,-4.425337545363132,siteB
-3.88,-6.26186192763119,siteB
-4.13,-4.416033530886323,siteB
-3.89,-1.0683876005285562,siteB
-4.42,-0.9967940158724715,siteB
-4.34,-0.9520627638565136,siteB
0.0,0.0,siteB
0.0,0.0,siteB
0.0,0.0,siteB
0.0,0.0,siteB
0.0,0.0,siteB
0.0,0.0,siteB
0.0,0.0,siteB
0.0,0.0,siteB
0.0,0.0,siteB
0.0,0.0,siteB
0.0,0.0,siteB
0.0,0.0,siteB
0.0,0.0,siteB
0.0,0.0,siteB
0.0,0.0,siteB
0.0,0.0,siteB
0.0,0.0,siteB
0.0,0.0,siteB
0.0,0.0,siteB
0.0,0.0,siteB
0.0,0.0,siteB
0.0,0.0,siteB
0.0,0.0,siteB
0.0,0.0,siteB
0.0,0.0,siteB
0.0,0.0,siteB
0.0,0.0,siteB
0.0,0.0,siteB
0.0,0.0,siteB
0.0,0.0,siteB
0.0,0.0,siteB
0.0,0.0,siteB
0.0,0.0,siteB
0.0,0.0,siteB
0.0,0.0,siteB
0.0,0.0,siteB
0.0,0.0,siteB
0.0,0.0,siteB
0.0,0.0,siteB
0.0,0.0,siteB
0.0,0.0,siteB
0.0,0.0,siteB
0.0,0.0,siteB
0.0,0.0,siteB
0.0,0.0,siteB
0.0,0.0,siteB
0.0,0.0,siteB
0.0,0.0,siteB
0.0,0.0,siteB
0.0,0.0,siteB
0.0,0.0,siteB
0.0,0.0,siteB
0.0,0.0,siteB
0.0,0.0,siteB
0.0,0.0,siteB
0.0,0.0,siteB
0.0,0.0,siteB
0.0,0.0,siteB
0.0,0.0,siteB
0.0,0.0,siteB
0.0,0.0,siteB
0.0,0.0,siteB
0.0,0.0,siteB
0.0,0.0,siteB
0.0,0.0,siteB
0.0,0.0,siteB
0.0,0.0,siteB
0.0,0.0,siteB
0.0,0.0,siteB
0.0,0.0,siteB
0.0,0.0,siteB
0.0,0.0,siteB
0.0,0.0,siteB
0.0,0.0,siteB
0.0,0.0,siteB
0.0,0.0,siteB
0.0,0.0,siteB
0.0,0.0,siteB
0.61,1.1662260937945486,siteB
1.0,-0.4389715283382196,siteB
0.79,0.7227878006389038,siteB
3.66,1.9094716236894909,siteB
3.73,1.0088262055673085,siteB
0.89,-0.27708261123680245,siteB
0.28,0.8292398813359845,siteB
3.88,2.144928236159264,siteB
3.84,1.1011801388495117,siteB
0.28,-0.44803629292548436,siteB
0.8,0.8783273681084711,siteB
1.12,1.2877553264681936,siteB
1.66,-0.28238697941406166,siteB
0.66,1.509081567536209,siteB
1.15,1.6127940573125141,siteB
1.39,1.0869348474235327,siteB
0.5,1.0759476545292808,siteB
2.04,-3.039612581242574,siteB
1.1,-3.171267471412316,siteB
1.35,-3.096135058797698,siteB
1.28,-3.1561715038341425,siteB
0.86,1.6818115942660143,siteB
1.76,2.0930798343592536,siteB
0.9,2.586836028932655,siteB
0.53,2.78592443980283,siteB
0.88,2.4698636167152417,siteB
0.96,1.2176385929155118,siteB
1.25,-0.8591992975763486,siteB
0.0,0.0,siteB
0.0,0.0,siteB
0.0,0.0,siteB
0.0,0.0,siteB
0.0,0.0,siteB
0.0,0.0,siteB
0.0,0.0,siteB
0.0,0.0,siteB
0.0,0.0,siteB
0.0,0.0,siteB
0.0,0.0,siteB
0.0,0.0,siteB
0.0,0.0,siteB
0.0,0.0,siteB
0.0,0.0,siteB
0.0,0.0,siteB
0.0,0.0,siteB
0.0,0.0,siteB
0.0,0.0,siteB
0.0,0.0,siteB
0.0,0.0,siteB
0.0,0.0,siteB
0.0,0.0,siteB
0.0,0.0,siteB
0.0,0.0,siteB
0.0,0.0,siteB
0.0,0.0,siteB
0.0,0.0,siteB
0.0,0.0,siteB
0.0,0.0,siteB
0.0,0.0,siteB
0.0,0.0,siteB
0.0,0.0,siteB
0.0,0.0,siteB
0.0,0.0,siteB
0.0,0.0,siteB
0.0,0.0,siteB
0.0,0.0,siteB
0.0,0.0,siteB
0.0,0.0,siteB
0.0,0.0,siteB
0.0,0.0,siteB
0.0,0.0,siteB
0.0,0.0,siteB
0.0,0.0,siteB
0.0,0.0,siteB
0.0,0.0,siteB
0.0,0.0,siteB
0.0,0.0,siteB
0.0,0.0,siteB
0.0,0.0,siteB
0.0,0.0,siteB
0.0,0.0,siteB
0.0,0.0,siteB
0.0,0.0,siteB
0.0,0.0,siteB
0.0,0.0,siteB
0.0,0.0,siteB
0.0,0.0,siteB
0.0,0.0,siteB
0.0,0.0,siteB
0.0,0.0,siteB
0.0,0.0,siteB
0.0,0.0,siteB
0.0,0.0,siteB
0.0,0.0,siteB
0.0,0.0,siteB
0.0,0.0,siteB
0.0,0.0,siteB
0.0,0.0,siteB
0.0,0.0,siteB
0.0,0.0,siteB
0.0,0.0,siteB
0.0,0.0,siteB
0.0,0.0,siteB
0.0,0.0,siteB
0.0,0.0,siteB
0.0,0.0,siteB
0.0,0.0,siteB
0.0,0.0,siteB
0.0,0.0,siteB
0.0,0.0,siteB
0.0,0.0,siteB
0.0,0.0,siteB
0.0,0.0,siteB
0.0,0.0,siteB
0.0,0.0,siteB
0.0,0.0,siteB
0.0,0.0,siteB
0.0,0.0,siteB
0.0,0.0,siteB
0.0,0.0,siteB
0.0,0.0,siteB
0.0,0.0,siteB
0.0,0.0,siteB
0.0,0.0,siteB
0.0,0.0,siteB
0.0,0.0,siteB
0.0,0.0,siteB
0.0,0.0,siteB
0.0,0.0,siteB
0.0,0.0,siteB
0.0,0.0,siteB
0.0,0.0,siteB
0.0,0.0,siteB
0.0,0.0,siteB
0.0,0.0,siteB
0.0,0.0,siteB
0.0,0.0,siteB
0.0,0.0,siteB
0.0,0.0,siteB
0.0,0.0,siteB
0.0,0.0,siteB
0.0,0.0,siteB
0.0,0.0,siteB
0.0,0.0,siteB
0.0,0.0,siteB
0.0,0.0,siteB
0.0,0.0,siteB
0.0,0.0,siteB
0.0,0.0,siteB
0.0,0.0,siteB
0.0,0.0,siteB
0.0,0.0,siteB
0.0,0.0,siteB
0.0,0.0,siteB
0.0,0.0,siteB
0.0,0.0,siteB
0.0,0.0,siteB
0.0,0.0,siteB
0.0,0.0,siteB
0.0,0.0,siteB
0.0,0.0,siteB
0.0,0.0,siteB
0.0,0.0,siteB
0.0,0.0,siteB
0.0,0.0,siteB
0.0,0.0,siteB
0.0,0.0,siteB
0.0,0.0,siteB
0.0,0.0,siteB
0.0,0.0,siteB
0.0,0.0,siteB
0.0,0.0,siteB
0.0,0.0,siteB
0.0,0.0,siteB
0.0,0.0,siteB
0.0,0.0,siteB
0.0,0.0,siteB
0.0,0.0,siteB
0.0,0.0,siteB
0.0,0.0,siteB
0.0,0.0,siteB
0.0,0.0,siteB
0.0,0.0,siteB
0.0,0.0,siteB
0.0,0.0,siteB
0.0,0.0,siteB
0.0,0.0,siteB
0.0,0.0,siteB
0.0,0.0,siteB
0.0,0.0,siteB
0.0,0.0,siteB
0.0,0.0,siteB
0.0,0.0,siteB
0.0,0.0,siteB
0.0,0.0,siteB
0.0,0.0,siteB
0.0,0.0,siteB
0.0,0.0,siteB
0.0,0.0,siteB
0.0,0.0,siteB
0.0,0.0,siteB
0.0,0.0,siteB
0.0,0.0,siteB
0.0,0.0,siteB
0.0,0.0,siteB
0.0,0.0,siteB
0.0,0.0,siteB
0.0,0.0,siteB
0.0,0.0,siteB
0.0,0.0,siteB
0.0,0.0,siteB
0.0,0.0,siteB
0.0,0.0,siteB
0.0,0.0,siteB
0.0,0.0,siteB
-2.5,-1.7260372027436517,siteB
0.2,-1.8727228205398827,siteB
-0.53,-1.9765531896951518,siteB
-3.67,-2.4370398625481564,siteB
-3.72,-2.2857010482823568,siteB
-3.78,-2.2235332598938444,siteB
-3.34,-2.6847212236157083,siteB
-3.57,-2.551342174486733,siteB
-3.32,-2.391465261677321,siteB
-3.29,-2.220476734264188,siteB
0.0,-8.430983432516916,siteB
0.0,-8.26254803339362,siteB
0.0,-8.378339689746525,siteB
0.0,-8.378926162425891,siteB
0.0,-1.7640115861126893,siteB
0.0,-1.783348331019829,siteB
0.0,-1.3043683322631394,siteB
0.0,-0.8779266978681222,siteB
0.0,-0.5516931333580133,siteB
0.0,-0.5780057355706156,siteB
0.0,-0.5707080677900531,siteB
0.0,-0.5989529950703752,siteB
0.0,-0.8625418216604521,siteB
0.0,-0.8517227223338527,siteB
0.0,-0.8616540979952282,siteB
0.0,0.0,siteB
0.0,0.0,siteB
0.0,0.0,siteB
0.0,0.0,siteB
0.0,0.0,siteB
0.0,0.0,siteB
0.0,0.0,siteB
0.0,0.0,siteB
0.0,0.0,siteB
0.0,0.0,siteB
0.0,0.0,siteB
0.0,0.0,siteB
0.0,0.0,siteB
0.0,0.0,siteB
0.0,0.0,siteB
0.0,0.0,siteB
0.0,0.0,siteB
0.0,0.0,siteB
0.0,0.0,siteB
0.0,0.0,siteB
0.0,0.0,siteB
0.0,0.0,siteB
0.0,0.0,siteB
0.0,0.0,siteB
0.0,0.0,siteB
0.0,0.0,siteB
0.0,0.0,siteB
0.0,0.0,siteB
0.0,0.0,siteB
0.0,0.0,siteB
0.0,0.0,siteB
0.0,0.0,siteB
0.0,0.0,siteB
0.0,0.0,siteB
0.0,0.0,siteB
0.0,0.0,siteB
0.0,0.0,siteB
0.0,0.0,siteB
0.0,0.0,siteB
0.0,0.0,siteB
0.0,0.0,siteB
0.0,0.0,siteB
0.0,0.0,siteB
0.0,0.0,siteB
0.0,0.0,siteB
0.0,0.0,siteB
0.0,0.0,siteB
0.0,0.0,siteB
0.0,0.0,siteB
0.0,0.0,siteB
0.0,0.0,siteB
0.0,0.0,siteB
0.0,0.0,siteB
0.0,0.0,siteB
0.0,0.0,siteB
0.0,0.0,siteB
0.0,0.0,siteB
0.0,0.0,siteB
0.0,0.0,siteB
0.0,0.0,siteB
0.0,0.0,siteB
0.0,0.0,siteB
0.0,0.0,siteB
0.0,0.0,siteB
0.0,0.0,siteB
0.0,0.0,siteB
0.0,0.0,siteB
0.0,0.0,siteB
0.0,0.0,siteB
0.0,0.0,siteB
0.0,0.0,siteB
0.0,0.0,siteB
0.0,0.0,siteB
0.0,0.0,siteB
0.0,0.0,siteB
0.0,0.0,siteB
0.0,0.0,siteB
0.0,0.0,siteB
0.0,0.0,siteB
0.0,0.0,siteB
0.0,0.0,siteB
0.0,0.0,siteB
0.0,0.0,siteB
0.0,0.0,siteB
0.0,0.0,siteB
0.0,0.0,siteB
0.0,0.0,siteB
0.0,0.0,siteB
0.0,0.0,siteB
0.0,0.0,siteB
0.0,0.0,siteB
0.0,0.0,siteB
0.0,0.0,siteB
0.0,0.0,siteB
0.0,0.0,siteB
0.0,0.0,siteB
0.0,0.0,siteB
0.0,0.0,siteB
0.0,0.0,siteB
0.0,0.0,siteB
0.0,0.0,siteB
0.0,0.0,siteB
0.0,0.0,siteB
0.0,0.0,siteB
0.0,0.0,siteB
0.0,0.0,siteB
0.0,0.0,siteB
0.0,0.0,siteB
0.0,0.0,siteB
0.0,0.0,siteB
0.0,0.0,siteB
0.0,0.0,siteB
0.0,0.0,siteB
0.0,0.0,siteB
0.0,0.0,siteB
0.0,0.0,siteB
0.0,0.0,siteB
0.0,0.0,siteB
0.0,0.0,siteB
0.0,0.0,siteB
0.0,0.0,siteB
0.0,0.0,siteB
0.0,0.0,siteB
0.0,0.0,siteB
0.0,0.0,siteB
0.0,0.0,siteB
0.0,0.0,siteB
0.0,0.0,siteB
0.0,0.0,siteB
0.0,0.0,siteB
0.0,0.0,siteB
0.0,0.0,siteB
0.0,0.0,siteB
0.0,0.0,siteB
0.0,0.0,siteB
0.0,0.0,siteB
0.0,0.0,siteB
0.0,0.0,siteB
0.0,0.0,siteB
0.0,0.0,siteB
0.0,0.0,siteB
0.0,0.0,siteB
0.0,0.0,siteB
0.0,0.0,siteB
0.0,0.0,siteB
0.0,0.0,siteB
0.0,0.0,siteB
0.0,0.0,siteB
0.0,0.0,siteB
0.0,0.0,siteB
0.0,0.0,siteB
0.0,0.0,siteB
0.0,0.0,siteB
0.0,0.0,siteB
0.0,0.0,siteB
0.0,0.0,siteB
0.0,0.0,siteB
0.0,0.0,siteB
0.0,0.0,siteB
0.0,0.0,siteB
0.0,0.0,siteB
0.0,0.0,siteB
0.0,0.0,siteB
0.0,0.0,siteB
0.0,0.0,siteB
0.0,0.0,siteB
0.0,0.0,siteB
0.0,0.0,siteB
0.0,0.0,siteB
0.0,0.0,siteB
0.0,0.0,siteB
0.0,0.0,siteB
0.0,0.0,siteB
0.0,0.0,siteB
0.0,0.0,siteB
0.0,0.0,siteB
0.0,0.0,siteB
0.0,0.0,siteB
0.0,0.0,siteB
0.0,0.0,siteB
0.0,0.0,siteB
0.0,0.0,siteB
0.0,0.0,siteB
0.0,0.0,siteB
0.0,0.0,siteB
0.0,0.0,siteB
0.0,0.0,siteB
0.0,0.0,siteB
0.0,0.0,siteB
0.0,0.0,siteB
0.0,0.0,siteB
0.0,0.0,siteB
0.0,0.0,siteB
0.0,0.0,siteB
0.0,0.0,siteB
0.0,0.0,siteB
0.0,0.0,siteB
0.0,0.0,siteB
0.0,0.0,siteB
0.0,0.0,siteB
0.0,0.0,siteB
0.0,0.0,siteB
0.0,0.0,siteB
0.0,0.0,siteB
0.0,0.0,siteB
0.0,0.0,siteB
0.0,0.0,siteB
0.0,0.0,siteB
0.0,0.0,siteB
0.0,0.0,siteB
0.0,0.0,siteB
0.0,0.0,siteB
0.0,0.0,siteB
0.0,0.0,siteB
0.0,0.0,siteB
0.0,0.0,siteB
0.0,0.0,siteB
0.0,0.0,siteB
0.0,0.0,siteB
0.0,0.0,siteB
0.0,0.0,siteB
0.0,0.0,siteB
0.0,0.0,siteB
0.0,0.0,siteB
0.0,0.0,siteB
0.0,0.0,siteB
0.0,0.0,siteB
0.0,0.0,siteB
0.0,0.0,siteB
0.0,0.0,siteB
0.0,0.0,siteB
0.0,0.0,siteB
0.0,0.0,siteB
0.0,0.0,siteB
0.0,0.0,siteB
0.0,0.0,siteB
0.0,0.0,siteB
0.0,0.0,siteB
0.0,0.0,siteB
0.0,0.0,siteB
0.0,0.0,siteB
0.0,0.0,siteB
0.0,0.0,siteB
0.0,0.0,siteB
0.0,0.0,siteB
0.0,0.0,siteB
0.0,0.0,siteB
0.0,0.0,siteB
0.0,0.0,siteB
0.0,0.0,siteB
0.0,0.0,siteB
0.0,0.0,siteB
0.0,0.0,siteB
0.0,0.0,siteB
0.0,0.0,siteB
0.0,0.0,siteB
0.0,0.0,siteB
0.0,0.0,siteB
0.0,0.0,siteB
0.0,0.0,siteB
0.0,0.0,siteB
0.0,0.0,siteB
0.0,0.0,siteB
0.0,0.0,siteB
0.0,0.0,siteB
0.0,0.0,siteB
0.0,0.0,siteB
0.0,0.0,siteB
0.0,0.0,siteB
0.0,0.0,siteB
0.0,0.0,siteB
0.0,0.0,siteB
0.0,0.0,siteB
0.0,0.0,siteB
0.0,0.0,siteB
0.0,0.0,siteB
0.0,0.0,siteB
0.0,0.0,siteB
0.0,0.0,siteB
0.0,0.0,siteB
0.0,0.0,siteB
0.0,0.0,siteB
0.0,0.0,siteB
0.0,0.0,siteB
0.0,0.0,siteB
0.0,0.0,siteB
0.0,0.0,siteB
0.0,0.0,siteB
0.0,0.0,siteB
0.0,0.0,siteB
0.0,0.0,siteB
0.0,0.0,siteB
0.0,0.0,siteB
0.0,0.0,siteB
0.0,0.0,siteB
0.0,0.0,siteB
0.0,0.0,siteB
0.0,0.0,siteB
0.0,0.0,siteB
0.0,0.0,siteB
0.0,0.0,siteB
0.0,0.0,siteB
0.0,0.0,siteB
0.0,0.0,siteB
0.0,0.0,siteB
0.0,0.0,siteB
0.0,0.0,siteB
0.0,0.0,siteB
0.0,0.0,siteB
0.0,0.0,siteB
0.0,0.0,siteB
0.0,0.0,siteB
0.0,0.0,siteB
0.0,0.0,siteB
0.0,0.0,siteB
0.0,0.0,siteB
0.0,0.0,siteB
0.0,0.0,siteB
0.0,0.0,siteB
0.0,0.0,siteB
0.0,0.0,siteB
0.0,0.0,siteB
0.0,0.0,siteB
0.0,0.0,siteB
0.0,0.0,siteB
0.0,0.0,siteB
0.0,0.0,siteB
0.0,0.0,siteB
0.0,0.0,siteB
0.0,0.0,siteB
0.0,0.0,siteB
0.0,0.0,siteB
0.0,0.0,siteB
0.0,0.0,siteB
0.0,0.0,siteB
0.0,0.0,siteB
0.0,0.0,siteB
0.0,0.0,siteB
0.0,0.0,siteB
0.0,0.0,siteB
0.0,0.0,siteB
0.0,0.0,siteB
0.0,0.0,siteB
0.0,0.0,siteB
0.0,0.0,siteB
0.0,0.0,siteB
0.0,0.0,siteB
0.0,0.0,siteB
0.0,0.0,siteB
0.0,0.0,siteB
0.0,0.0,siteB
0.0,0.0,siteB
0.0,0.0,siteB
0.0,0.0,siteB
0.0,0.0,siteB
0.0,0.0,siteB
0.0,0.0,siteB
0.0,0.0,siteB
0.0,0.0,siteB
0.0,0.0,siteB
0.0,0.0,siteB
0.0,0.0,siteB
0.0,0.0,siteB
0.0,0.0,siteB
0.0,0.0,siteB
0.0,0.0,siteB
0.0,0.0,siteB
0.0,0.0,siteB
0.0,0.0,siteB
0.0,0.0,siteB
0.0,0.0,siteB
0.0,0.0,siteB
0.0,0.0,siteB
0.0,0.0,siteB
0.0,0.0,siteB
0.0,0.0,siteB
0.0,0.0,siteB
0.0,0.0,siteB
0.0,0.0,siteB
0.0,0.0,siteB
0.0,0.0,siteB
0.0,0.0,siteB
0.0,0.0,siteB
0.0,0.0,siteB
0.0,0.0,siteB
0.0,0.0,siteB
0.0,0.0,siteB
0.0,0.0,siteB
0.0,0.0,siteB
0.0,0.0,siteB
0.0,0.0,siteB
0.0,0.0,siteB
0.0,0.0,siteB
0.0,0.0,siteB
0.0,0.0,siteB
0.0,0.0,siteB
0.0,0.0,siteB
0.0,0.0,siteB
0.0,0.0,siteB
0.0,0.0,siteB
0.0,0.0,siteB
0.0,0.0,siteB
0.0,0.0,siteB
0.0,0.0,siteB
0.0,0.0,siteB
0.0,0.0,siteB
0.0,0.0,siteB
0.0,0.0,siteB
0.0,0.0,siteB
0.0,0.0,siteB
0.0,0.0,siteB
0.0,0.0,siteB
0.0,0.0,siteB
0.0,0.0,siteB
0.0,0.0,siteB
0.0,0.0,siteB
0.0,0.0,siteB
0.0,0.0,siteB
0.0,0.0,siteB
0.0,0.0,siteB
0.0,0.0,siteB
0.0,0.0,siteB
0.0,0.0,siteB
0.0,0.0,siteB
0.0,0.0,siteB
0.0,0.0,siteB
0.0,0.0,siteB
0.0,0.0,siteB
0.0,0.0,siteB
0.0,0.0,siteB
0.0,0.0,siteB
0.0,0.0,siteB
0.0,0.0,siteB
0.0,0.0,siteB
0.0,0.0,siteB
0.0,0.0,siteB
0.0,0.0,siteB
0.0,0.0,siteB
0.0,0.0,siteB
0.0,0.0,siteB
0.0,0.0,siteB
0.0,0.0,siteB
0.0,0.0,siteB
0.0,0.0,siteB
0.0,0.0,siteB
0.0,0.0,siteB
0.0,0.0,siteB
0.0,0.0,siteB
0.0,0.0,siteB
0.26,0.49966866035108715,siteB
0.98,1.4306123543497264,siteB
1.41,0.8244965391035979,siteB
1.76,1.0681219022072694,siteB
0.61,0.9496907918307179,siteB
1.66,1.5119270322624,siteB
1.05,1.4049130268233945,siteB
3.5,1.5082722151253463,siteB
3.87,1.5012470772140085,siteB
3.19,1.1228388524694823,siteB
2.92,0.8904409626740928,siteB
3.75,1.2138688374445186,siteB
2.62,1.4632479195135504,siteB
3.08,2.8940819483396147,siteB
2.59,2.9033820083658752,siteB
0.19,1.8896718165911337,siteB
0.23,3.0638961953858557,siteB
0.68,4.679458390060087,siteB
0.59,4.4009454757848205,siteB
3.71,-0.7818963775878409,siteB
3.79,4.255575024212971,siteB
3.86,4.292278875255722,siteB
3.76,4.810745773172618,siteB
3.72,5.9637389809833286,siteB
3.88,6.366458708918794,siteB
3.87,7.1829238178839026,siteB
3.97,6.69719079285338,siteB
3.89,5.94396140418649,siteB
0.0,0.0,siteB
0.0,0.0,siteB
0.0,0.0,siteB
0.0,0.0,siteB
0.0,0.0,siteB
0.0,0.0,siteB
0.0,0.0,siteB
0.0,0.0,siteB
0.0,0.0,siteB
0.0,0.0,siteB
0.0,0.0,siteB
0.0,0.0,siteB
0.0,0.0,siteB
0.0,0.0,siteB
0.0,0.0,siteB
0.0,0.0,siteB
0.0,0.0,siteB
0.0,0.0,siteB
0.0,0.0,siteB
0.0,0.0,siteB
0.0,0.0,siteB
0.0,0.0,siteB
0.0,0.0,siteB
0.0,0.0,siteB
0.0,0.0,siteB
0.0,0.0,siteB
0.0,0.0,siteB
0.0,0.0,siteB
0.0,0.0,siteB
0.0,0.0,siteB
0.0,0.0,siteB
0.0,0.0,siteB
0.0,0.0,siteB
0.0,0.0,siteB
0.0,0.0,siteB
0.0,0.0,siteB
0.0,0.0,siteB
0.0,0.0,siteB
0.0,0.0,siteB
0.0,0.0,siteB
0.0,0.0,siteB
0.0,0.0,siteB
0.0,0.0,siteB
0.0,0.0,siteB
0.0,0.0,siteB
0.0,0.0,siteB
0.0,0.0,siteB
0.0,0.0,siteB
0.0,0.0,siteB
0.0,0.0,siteB
0.0,0.0,siteB
0.0,0.0,siteB
0.0,0.0,siteB
0.0,0.0,siteB
0.0,0.0,siteB
0.0,0.0,siteB
0.0,0.0,siteB
0.0,0.0,siteB
0.0,0.0,siteB
0.0,0.0,siteB
0.0,0.0,siteB
0.0,0.0,siteB
0.0,0.0,siteB
0.0,0.0,siteB
0.0,0.0,siteB
0.0,0.0,siteB
0.0,0.0,siteB
0.0,0.0,siteB
0.0,0.0,siteB
0.0,0.0,siteB
0.0,0.0,siteB
0.0,0.0,siteB
0.0,0.0,siteB
0.0,0.0,siteB
0.0,0.0,siteB
0.0,0.0,siteB
0.0,0.0,siteB
0.0,0.0,siteB
0.0,0.0,siteB
0.0,0.0,siteB
0.0,0.0,siteB
0.0,0.0,siteB
0.0,0.0,siteB
0.0,0.0,siteB
0.0,0.0,siteB
0.0,0.0,siteB
0.0,0.0,siteB
0.0,0.0,siteB
0.0,0.0,siteB
0.0,0.0,siteB
0.0,0.0,siteB
0.0,0.0,siteB
0.0,0.0,siteB
0.0,0.0,siteB
0.0,0.0,siteB
0.0,0.0,siteB
0.0,0.0,siteB
0.0,0.0,siteB
0.0,0.0,siteB
0.0,0.0,siteB
0.0,0.0,siteB
0.0,0.0,siteB
0.0,0.0,siteB
0.0,0.0,siteB
0.0,0.0,siteB
0.0,0.0,siteB
0.0,0.0,siteB
0.0,0.0,siteB
0.0,0.0,siteB
0.0,0.0,siteB
0.0,0.0,siteB
0.0,0.0,siteB
0.0,0.0,siteB
0.0,0.0,siteB
0.0,0.0,siteB
0.0,0.0,siteB
0.0,0.0,siteB
0.0,0.0,siteB
0.0,0.0,siteB
0.0,0.0,siteB
0.0,0.0,siteB
0.0,0.0,siteB
0.0,0.0,siteB
0.0,0.0,siteB
0.0,0.0,siteB
0.0,0.0,siteB
0.0,0.0,siteB
0.0,0.0,siteB
0.0,0.0,siteB
0.0,0.0,siteB
0.0,0.0,siteB
0.0,0.0,siteB
0.0,0.0,siteB
0.0,0.0,siteB
0.0,0.0,siteB
0.0,0.0,siteB
0.0,0.0,siteB
0.0,0.0,siteB
0.0,0.0,siteB
0.0,0.0,siteB
0.0,0.0,siteB
0.0,0.0,siteB
0.0,0.0,siteB
0.0,0.0,siteB
0.0,0.0,siteB
0.0,0.0,siteB
0.0,0.0,siteB
0.0,0.0,siteB
0.0,0.0,siteB
0.0,0.0,siteB
0.0,0.0,siteB
0.0,0.0,siteB
0.0,0.0,siteB
0.0,0.0,siteB
0.0,0.0,siteB
0.0,0.0,siteB
0.0,0.0,siteB
0.0,0.0,siteB
0.0,0.0,siteB
0.0,0.0,siteB
0.0,0.0,siteB
0.0,0.0,siteB
0.0,0.0,siteB
0.0,0.0,siteB
0.0,0.0,siteB
0.0,0.0,siteB
0.0,0.0,siteB
0.0,0.0,siteB
0.0,0.0,siteB
0.0,0.0,siteB
0.0,0.0,siteB
0.0,0.0,siteB
0.0,0.0,siteB
0.0,0.0,siteB
0.0,0.0,siteB
0.0,0.0,siteB
0.0,0.0,siteB
0.0,0.0,siteB
0.0,0.0,siteB
0.0,0.0,siteB
0.0,0.0,siteB
0.0,0.0,siteB
0.0,0.0,siteB
0.0,0.0,siteB
0.0,0.0,siteB
0.0,0.0,siteB
0.0,0.0,siteB
0.0,0.0,siteB
0.0,0.0,siteB
0.0,0.0,siteB
0.0,0.0,siteB
0.0,0.0,siteB
0.0,0.0,siteB
0.0,0.0,siteB
0.0,0.0,siteB
0.0,0.0,siteB
0.0,0.0,siteB
0.0,0.0,siteB
0.0,0.0,siteB
0.0,0.0,siteB
0.0,0.0,siteB
0.0,0.0,siteB
0.0,0.0,siteB
0.0,0.0,siteB
0.0,0.0,siteB
0.0,0.0,siteB
0.0,0.0,siteB
0.0,0.0,siteB
0.0,0.0,siteB
0.0,0.0,siteB
0.0,0.0,siteB
0.0,0.0,siteB
0.0,0.0,siteB
0.0,0.0,siteB
0.0,0.0,siteB
0.0,0.0,siteB
0.0,0.0,siteB
0.0,0.0,siteB
0.0,0.0,siteB
0.0,0.0,siteB
0.0,0.0,siteB
0.0,0.0,siteB
0.0,0.0,siteB
0.0,0.0,siteB
0.0,0.0,siteB
0.0,0.0,siteB
0.0,0.0,siteB
0.0,0.0,siteB
0.0,0.0,siteB
0.0,0.0,siteB
0.0,0.0,siteB
0.0,0.0,siteB
0.0,0.0,siteB
0.0,0.0,siteB
0.0,0.0,siteB
0.0,0.0,siteB
0.0,0.0,siteB
0.0,0.0,siteB
0.0,0.0,siteB
0.0,0.0,siteB
0.0,0.0,siteB
0.0,0.0,siteB
0.0,0.0,siteB
0.0,0.0,siteB
0.0,0.0,siteB
0.0,0.0,siteB
0.0,0.0,siteB
0.0,0.0,siteB
0.0,0.0,siteB
0.0,0.0,siteB
0.0,0.0,siteB
0.0,0.0,siteB
0.0,0.0,siteB
0.0,0.0,siteB
0.0,0.0,siteB
0.0,0.0,siteB
0.0,0.0,siteB
0.0,0.0,siteB
0.0,0.0,siteB
0.0,0.0,siteB
0.0,0.0,siteB
0.0,0.0,siteB
0.0,0.0,siteB
0.0,0.0,siteB
0.0,0.0,siteB
0.0,0.0,siteB
0.0,0.0,siteB
0.0,0.0,siteB
0.0,0.0,siteB
0.0,0.0,siteB
0.0,0.0,siteB
0.0,0.0,siteB
0.0,0.0,siteB
0.0,0.0,siteB
0.0,0.0,siteB
0.0,0.0,siteB
0.0,0.0,siteB
0.0,0.0,siteB
0.0,0.0,siteB
0.0,0.0,siteB
0.0,0.0,siteB
0.0,0.0,siteB
0.0,0.0,siteB
0.0,0.0,siteB
0.0,0.0,siteB
0.0,0.0,siteB
0.0,0.0,siteB
0.0,0.0,siteB
0.0,0.0,siteB
0.0,0.0,siteB
0.0,0.0,siteB
0.0,0.0,siteB
0.0,0.0,siteB
0.0,0.0,siteB
0.0,0.0,siteB
0.0,0.0,siteB
0.0,0.0,siteB
0.0,0.0,siteB
0.0,0.0,siteB
0.0,0.0,siteB
0.0,0.0,siteB
0.0,0.0,siteB
0.0,0.0,siteB
0.0,0.0,siteB
0.0,0.0,siteB
0.0,0.0,siteB
0.0,0.0,siteB
0.0,0.0,siteB
0.0,0.0,siteB
0.0,0.0,siteB
0.0,0.0,siteB
0.0,0.0,siteB
0.0,0.0,siteB
0.0,0.0,siteB
0.0,0.0,siteB
0.0,0.0,siteB
0.0,0.0,siteB
0.0,0.0,siteB
0.0,0.0,siteB
0.0,0.0,siteB
0.0,0.0,siteB
0.0,0.0,siteB
0.0,0.0,siteB
0.0,0.0,siteB
0.0,0.0,siteB
0.0,0.0,siteB
0.0,0.0,siteB
0.0,0.0,siteB
0.0,0.0,siteB
0.0,0.0,siteB
0.0,0.0,siteB
0.0,0.0,siteB
0.0,0.0,siteB
0.0,0.0,siteB
0.0,0.0,siteB
0.0,0.0,siteB
0.0,0.0,siteB
0.0,0.0,siteB
0.0,0.0,siteB
0.0,0.0,siteB
0.0,0.0,siteB
0.0,0.0,siteB
0.0,0.0,siteB
0.0,0.0,siteB
0.0,0.0,siteB
0.0,0.0,siteB
0.0,0.0,siteB
0.0,0.0,siteB
0.0,0.0,siteB
0.0,0.0,siteB
0.0,0.0,siteB
0.0,0.0,siteB
0.0,0.0,siteB
0.0,0.0,siteB
0.0,0.0,siteB
0.0,0.0,siteB
0.0,0.0,siteB
0.0,0.0,siteB
0.0,0.0,siteB
0.0,0.0,siteB
0.0,0.0,siteB
0.0,0.0,siteB
0.0,0.0,siteB
0.0,0.0,siteB
0.0,0.0,siteB
0.0,0.0,siteB
0.0,0.0,siteB
0.0,0.0,siteB
0.0,0.0,siteB
0.0,0.0,siteB
0.0,0.0,siteB
0.0,0.0,siteB
0.0,0.0,siteB
0.0,0.0,siteB
0.0,0.0,siteB
0.0,0.0,siteB
0.0,0.0,siteB
0.0,0.0,siteB
0.0,0.0,siteB
0.0,0.0,siteB
0.0,0.0,siteB
0.0,0.0,siteB
0.0,0.0,siteB
0.0,0.0,siteB
0.0,0.0,siteB
0.0,0.0,siteB
0.0,0.0,siteB
0.0,0.0,siteB
0.0,0.0,siteB
0.0,0.0,siteB
0.0,0.0,siteB
0.0,0.0,siteB
0.0,0.0,siteB
0.0,0.0,siteB
0.0,0.0,siteB
0.0,0.0,siteB
0.0,0.0,siteB
0.0,0.0,siteB
0.0,0.0,siteB
0.0,0.0,siteB
0.0,0.0,siteB
0.0,0.0,siteB
0.0,0.0,siteB
0.0,0.0,siteB
0.0,0.0,siteB
0.0,0.0,siteB
0.0,0.0,siteB
0.0,0.0,siteB
0.0,0.0,siteB
0.0,0.0,siteB
0.0,0.0,siteB
0.0,0.0,siteB
0.0,0.0,siteB
0.0,0.0,siteB
0.0,0.0,siteB
0.0,0.0,siteB
0.0,0.0,siteB
0.0,0.0,siteB
0.0,0.0,siteB
0.0,0.0,siteB
0.0,0.0,siteB
0.0,0.0,siteB
0.0,0.0,siteB
0.0,0.0,siteB
0.0,0.0,siteB
0.0,0.0,siteB
0.0,0.0,siteB
0.0,0.0,siteB
0.0,0.0,siteB
0.0,0.0,siteB
0.0,0.0,siteB
0.0,0.0,siteB
0.0,0.0,siteB
0.0,0.0,siteB
0.0,0.0,siteB
0.0,0.0,siteB
0.0,0.0,siteB
0.0,0.0,siteB
0.0,0.0,siteB
0.0,0.0,siteB
0.0,0.0,siteB
0.0,0.0,siteB
0.0,0.0,siteB
0.0,0.0,siteB
0.0,0.0,siteB
0.0,0.0,siteB
0.0,0.0,siteB
0.0,0.0,siteB
0.0,0.0,siteB
0.0,0.0,siteB
0.0,0.0,siteB
0.0,0.0,siteB
0.0,0.0,siteB
0.0,0.0,siteB
0.0,0.0,siteB
0.0,0.0,siteB
0.0,0.0,siteB
0.0,0.0,siteB
0.0,0.0,siteB
0.0,0.0,siteB
0.0,0.0,siteB
0.0,0.0,siteB
0.0,0.0,siteB
0.0,0.0,siteB
0.0,0.0,siteB
0.0,0.0,siteB
0.0,0.0,siteB
0.0,0.0,siteB
0.0,0.0,siteB
0.0,0.0,siteB
0.0,0.0,siteB
0.0,0.0,siteB
0.0,0.0,siteB
0.0,0.0,siteB
0.0,0.0,siteB
0.0,0.0,siteB
0.0,0.0,siteB
0.0,0.0,siteB
0.0,0.0,siteB
0.0,0.0,siteB
0.0,0.0,siteB
0.0,0.0,siteB
0.0,0.0,siteB
0.0,0.0,siteB
0.0,0.0,siteB
0.0,0.0,siteB
0.0,0.0,siteB
0.0,0.0,siteB
0.0,0.0,siteB
0.0,0.0,siteB
0.0,0.0,siteB
0.0,0.0,siteB
0.0,0.0,siteB
0.0,0.0,siteB
0.0,0.0,siteB
0.0,0.0,siteB
0.0,0.0,siteB
0.0,0.0,siteB
0.0,0.0,siteB
0.0,0.0,siteB
0.0,0.0,siteB
0.0,0.0,siteB
0.0,0.0,siteB
0.0,0.0,siteB
0.0,0.0,siteB
0.0,0.0,siteB
0.0,0.0,siteB
0.0,0.0,siteB
0.0,0.0,siteB
0.0,0.0,siteB
0.0,0.0,siteB
0.0,0.0,siteB
0.0,0.0,siteB
0.0,0.0,siteB
0.0,0.0,siteB
0.0,0.0,siteB
0.0,0.0,siteB
0.0,0.0,siteB
0.0,0.0,siteB
0.0,0.0,siteB
0.0,0.0,siteB
0.0,0.0,siteB
0.0,0.0,siteB
0.0,0.0,siteB
0.0,0.0,siteB
0.0,0.0,siteB
0.0,0.0,siteB
0.0,0.0,siteB
0.0,0.0,siteB
0.0,0.0,siteB
0.0,0.0,siteB
0.0,0.0,siteB
0.0,0.0,siteB
0.0,0.0,siteB
0.0,0.0,siteB
0.0,0.0,siteB
0.0,0.0,siteB
0.0,0.0,siteB
0.0,0.0,siteB
0.0,0.0,siteB
0.0,0.0,siteB
0.0,0.0,siteB
0.0,0.0,siteB
0.0,0.0,siteB
0.0,0.0,siteB
0.0,0.0,siteB
0.0,0.0,siteB
0.0,0.0,siteB
0.0,0.0,siteB
0.0,0.0,siteB
0.0,0.0,siteB
0.0,0.0,siteB
0.0,0.0,siteB
0.0,0.0,siteB
0.0,0.0,siteB
0.0,0.0,siteB
0.0,0.0,siteB
0.0,0.0,siteB
0.0,0.0,siteB
0.0,0.0,siteB
0.0,0.0,siteB
0.0,0.0,siteB
0.0,0.0,siteB
0.0,0.0,siteB
0.0,0.0,siteB
0.0,0.0,siteB
0.0,0.0,siteB
0.0,0.0,siteB
0.0,0.0,siteB
0.0,0.0,siteB
0.0,0.0,siteB
0.0,0.0,siteB
0.0,0.0,siteB
0.0,0.0,siteB
0.0,0.0,siteB
0.0,0.0,siteB
0.0,0.0,siteB
0.0,0.0,siteB
0.0,0.0,siteB
0.0,0.0,siteB
0.0,0.0,siteB
0.0,0.0,siteB
0.0,0.0,siteB
0.0,0.0,siteB
0.0,0.0,siteB
0.0,0.0,siteB
0.0,0.0,siteB
0.0,0.0,siteB
0.0,0.0,siteB
0.0,0.0,siteB
0.0,0.0,siteB
0.0,0.0,siteB
0.0,0.0,siteB
0.0,0.0,siteB
0.0,0.0,siteB
0.0,0.0,siteB
0.0,0.0,siteB
0.0,0.0,siteB
0.0,0.0,siteB
0.0,0.0,siteB
0.0,0.0,siteB
0.0,0.0,siteB
0.0,0.0,siteB
0.0,0.0,siteB
0.0,0.0,siteB
0.0,0.0,siteB
0.0,0.0,siteB
0.0,0.0,siteB
0.0,0.0,siteB
0.0,0.0,siteB
0.0,0.0,siteB
0.0,0.0,siteB
0.0,0.0,siteB
0.0,0.0,siteB
0.0,0.0,siteB
0.0,0.0,siteB
0.0,0.0,siteB
0.0,0.0,siteB
0.0,0.0,siteB
0.0,0.0,siteB
0.0,0.0,siteB
0.0,0.0,siteB
0.0,0.0,siteB
0.0,0.0,siteB
0.0,0.0,siteB
0.0,0.0,siteB
0.0,0.0,siteB
0.0,0.0,siteB
0.0,0.0,siteB
0.0,0.0,siteB
0.0,0.0,siteB
0.0,0.0,siteB
0.0,0.0,siteB
0.0,0.0,siteB
0.0,0.0,siteB
0.0,0.0,siteB
0.0,0.0,siteB
0.0,0.0,siteB
0.0,0.0,siteB
0.0,0.0,siteB
0.0,0.0,siteB
0.0,0.0,siteB
0.0,0.0,siteB
0.0,0.0,siteB
0.0,0.0,siteB
0.0,0.0,siteB
0.0,0.0,siteB
0.0,0.0,siteB
0.0,0.0,siteB
0.0,0.0,siteB
0.0,0.0,siteB
0.0,0.0,siteB
0.0,0.0,siteB
0.0,0.0,siteB
0.0,0.0,siteB
0.0,0.0,siteB
0.0,0.0,siteB
0.0,0.0,siteB
0.0,0.0,siteB
0.0,0.0,siteB
0.0,0.0,siteB
0.0,0.0,siteB
0.0,0.0,siteB
0.0,0.0,siteB
0.0,0.0,siteB
0.0,0.0,siteB
0.0,0.0,siteB
0.0,0.0,siteB
0.0,0.0,siteB
0.0,0.0,siteB
0.0,0.0,siteB
0.0,0.0,siteB
0.0,0.0,siteB
0.0,0.0,siteB
0.0,0.0,siteB
0.0,0.0,siteB
0.0,0.0,siteB
0.0,0.0,siteB
0.0,0.0,siteB
0.0,0.0,siteB
0.0,0.0,siteB
0.0,0.0,siteB
0.0,0.0,siteB
0.0,0.0,siteB
0.0,0.0,siteB
0.0,0.0,siteB
0.0,0.0,siteB
0.0,0.0,siteB
0.0,0.0,siteB
0.0,0.0,siteB
0.0,0.0,siteB
0.0,0.0,siteB
0.0,0.0,siteB
0.0,0.0,siteB
0.0,0.0,siteB
0.0,0.0,siteB
0.0,0.0,siteB
0.0,0.0,siteB
0.0,0.0,siteB
0.0,0.0,siteB
0.0,0.0,siteB
0.0,0.0,siteB
0.0,0.0,siteB
0.0,0.0,siteB
0.0,0.0,siteB
0.0,0.0,siteB
0.0,0.0,siteB
0.0,0.0,siteB
0.0,0.0,siteB
0.0,0.0,siteB
0.0,0.0,siteB
0.0,0.0,siteB
0.0,0.0,siteB
0.0,0.0,siteB
0.0,0.0,siteB
0.0,0.0,siteB
0.0,0.0,siteB
0.0,0.0,siteB
0.0,0.0,siteB
0.0,0.0,siteB
0.0,0.0,siteB
0.0,0.0,siteB
0.0,0.0,siteB
0.0,0.0,siteB
0.0,0.0,siteB
0.0,0.0,siteB
0.0,0.0,siteB
0.0,0.0,siteB
0.0,0.0,siteB
0.0,0.0,siteB
0.0,0.0,siteB
0.0,0.0,siteB
0.0,0.0,siteB
0.0,0.0,siteB
0.0,0.0,siteB
0.0,0.0,siteB
0.0,0.0,siteB
0.0,0.0,siteB
0.0,0.0,siteB
0.0,0.0,siteB
0.0,0.0,siteB
0.0,0.0,siteB
0.0,0.0,siteB
0.0,0.0,siteB
0.0,0.0,siteB
0.0,0.0,siteB
0.0,0.0,siteB
0.0,0.0,siteB
0.0,0.0,siteB
0.0,0.0,siteB
0.0,0.0,siteB
0.0,0.0,siteB
0.0,0.0,siteB
0.0,0.0,siteB
0.0,0.0,siteB
0.0,0.0,siteB
0.0,0.0,siteB
0.0,0.0,siteB
0.0,0.0,siteB
0.0,0.0,siteB
0.0,0.0,siteB
0.0,0.0,siteB
0.0,0.0,siteB
0.0,0.0,siteB
0.0,0.0,siteB
0.0,0.0,siteB
0.0,0.0,siteB
0.0,0.0,siteB
0.0,0.0,siteB
0.0,0.0,siteB
0.0,0.0,siteB
0.0,0.0,siteB
0.0,0.0,siteB
0.0,0.0,siteB
0.0,0.0,siteB
0.0,0.0,siteB
0.0,0.0,siteB
0.0,0.0,siteB
0.0,0.0,siteB
0.0,0.0,siteB
0.0,0.0,siteB
0.0,0.0,siteB
0.0,0.0,siteB
0.0,0.0,siteB
0.0,0.0,siteB
0.0,0.0,siteB
0.0,0.0,siteB
0.0,0.0,siteB
0.0,0.0,siteB
0.0,0.0,siteB
0.0,0.0,siteB
0.0,0.0,siteB
0.0,0.0,siteB
0.0,0.0,siteB
0.0,0.0,siteB
0.0,0.0,siteB
0.0,0.0,siteB
0.0,0.0,siteB
0.0,0.0,siteB
0.0,0.0,siteB
0.0,0.0,siteB
0.0,0.0,siteB
0.0,0.0,siteB
0.0,0.0,siteB
0.0,0.0,siteB
0.0,0.0,siteB
0.0,0.0,siteB
0.0,0.0,siteB
0.0,0.0,siteB
0.0,0.0,siteB
0.0,0.0,siteB
0.0,0.0,siteB
0.0,0.0,siteB
0.0,0.0,siteB
0.0,0.0,siteB
0.0,0.0,siteB
0.0,0.0,siteB
0.0,0.0,siteB
0.0,0.0,siteB
0.0,0.0,siteB
0.0,0.0,siteB
0.0,0.0,siteB
0.0,0.0,siteB
0.0,0.0,siteB
0.0,0.0,siteB
0.0,0.0,siteB
0.0,0.0,siteB
0.0,0.0,siteB
0.0,0.0,siteB
0.0,0.0,siteB
0.0,0.0,siteB
0.0,0.0,siteB
0.0,0.0,siteB
0.0,0.0,siteB
0.0,0.0,siteB
0.0,0.0,siteB
0.0,0.0,siteB
0.0,0.0,siteB
0.0,0.0,siteB
0.0,0.0,siteB
0.0,0.0,siteB
0.0,0.0,siteB
0.0,0.0,siteB
0.0,0.0,siteB
0.0,0.0,siteB
0.0,0.0,siteB
0.0,0.0,siteB
0.0,0.0,siteB
0.0,0.0,siteB
0.0,0.0,siteB
0.0,0.0,siteB
0.0,0.0,siteB
0.0,0.0,siteB
0.0,0.0,siteB
0.0,0.0,siteB
0.0,0.0,siteB
0.0,0.0,siteB
0.0,0.0,siteB
0.0,0.0,siteB
0.0,0.0,siteB
0.0,0.0,siteB
0.0,0.0,siteB
0.0,0.0,siteB
0.0,0.0,siteB
0.0,0.0,siteB
0.0,0.0,siteB
0.0,0.0,siteB
0.0,0.0,siteB
0.0,0.0,siteB
0.0,0.0,siteB
0.0,0.0,siteB
0.0,0.0,siteB
0.0,0.0,siteB
0.0,0.0,siteB
0.0,0.0,siteB
0.0,0.0,siteB
0.0,0.0,siteB
0.0,0.0,siteB
0.0,0.0,siteB
0.0,0.0,siteB
0.0,0.0,siteB
0.0,0.0,siteB
0.0,0.0,siteB
0.0,0.0,siteB
0.0,0.0,siteB
0.0,0.0,siteB
0.0,0.0,siteB
0.0,0.0,siteB
0.0,0.0,siteB
0.0,0.0,siteB
0.0,0.0,siteB
0.0,0.0,siteB
0.0,0.0,siteB
0.0,0.0,siteB
0.0,0.0,siteB
0.0,0.0,siteB
0.0,0.0,siteB
0.0,0.0,siteB
0.0,0.0,siteB
0.0,0.0,siteB
0.0,0.0,siteB
0.0,0.0,siteB
0.0,0.0,siteB
0.0,0.0,siteB
0.0,0.0,siteB
0.0,0.0,siteB
0.0,0.0,siteB
0.0,0.0,siteB
0.0,0.0,siteB
0.0,0.0,siteB
0.0,0.0,siteB
0.0,0.0,siteB
0.0,0.0,siteB
0.0,0.0,siteB
0.0,0.0,siteB
0.0,0.0,siteB
0.0,0.0,siteB
0.0,0.0,siteB
0.0,0.0,siteB
0.0,0.0,siteB
0.0,0.0,siteB
0.0,0.0,siteB
0.0,0.0,siteB
0.0,0.0,siteB
0.0,0.0,siteB
0.0,0.0,siteB
0.0,0.0,siteB
0.0,0.0,siteB
0.0,0.0,siteB
0.0,0.0,siteB
0.0,0.0,siteB
0.0,0.0,siteB
0.0,0.0,siteB
0.0,0.0,siteB
0.0,0.0,siteB
0.0,0.0,siteB
0.0,0.0,siteB
0.0,0.0,siteB
0.0,0.0,siteB
0.0,0.0,siteB
0.0,0.0,siteB
0.0,0.0,siteB
0.0,0.0,siteB
0.0,0.0,siteB
0.0,0.0,siteB
0.0,0.0,siteB
0.0,0.0,siteB
0.0,0.0,siteB
0.0,0.0,siteB
0.0,0.0,siteB
0.0,0.0,siteB
0.0,0.0,siteB
0.0,0.0,siteB
0.0,0.0,siteB
0.0,0.0,siteB
0.0,0.0,siteB
0.0,0.0,siteB
0.0,0.0,siteB
0.0,0.0,siteB
0.0,0.0,siteB
0.0,0.0,siteB
0.0,0.0,siteB
0.0,0.0,siteB
0.0,0.0,siteB
0.0,0.0,siteB
0.0,0.0,siteB
0.0,0.0,siteB
0.0,0.0,siteB
0.0,0.0,siteB
0.0,0.0,siteB
0.0,0.0,siteB
0.0,0.0,siteB
0.0,0.0,siteB
0.0,0.0,siteB
0.0,0.0,siteB
0.0,0.0,siteB
0.0,0.0,siteB
0.0,0.0,siteB
0.0,0.0,siteB
0.0,0.0,siteB
0.0,0.0,siteB
0.0,0.0,siteB
0.0,0.0,siteB
0.0,0.0,siteB
0.0,0.0,siteB
0.0,0.0,siteB
0.0,0.0,siteB
0.0,0.0,siteB
0.0,0.0,siteB
0.0,0.0,siteB
0.0,0.0,siteB
0.0,0.0,siteB
0.0,0.0,siteB
0.0,0.0,siteB
0.0,0.0,siteB
0.0,0.0,siteB
0.0,0.0,siteB
0.0,0.0,siteB
0.0,0.0,siteB
0.0,0.0,siteB
0.0,0.0,siteB
0.0,0.0,siteB
0.0,0.0,siteB
0.0,0.0,siteB
0.0,0.0,siteB
0.0,0.0,siteB
0.0,0.0,siteB
0.0,0.0,siteB
0.0,0.0,siteB
0.0,0.0,siteB
0.0,0.0,siteB
0.0,0.0,siteB
0.0,0.0,siteB
0.0,0.0,siteB
0.0,0.0,siteB
0.0,0.0,siteB
0.0,0.0,siteB
0.0,0.0,siteB
0.0,0.0,siteB
0.0,0.0,siteB
0.0,0.0,siteB
0.0,0.0,siteB
0.0,0.0,siteB
0.0,0.0,siteB
0.0,0.0,siteB
0.0,0.0,siteB
0.0,0.0,siteB
0.0,0.0,siteB
0.0,0.0,siteB
0.0,0.0,siteB
0.0,0.0,siteB
0.0,0.0,siteB
0.0,0.0,siteB
0.0,0.0,siteB
0.0,0.0,siteB
0.0,0.0,siteB
0.0,0.0,siteB
0.0,0.0,siteB
0.0,0.0,siteB
0.0,0.0,siteB
0.0,0.0,siteB
0.0,0.0,siteB
0.0,0.0,siteB
0.0,0.0,siteB
0.0,0.0,siteB
0.0,0.0,siteB
0.0,0.0,siteB
0.0,0.0,siteB
0.0,0.0,siteB
0.0,0.0,siteB
0.0,0.0,siteB
0.0,0.0,siteB
0.0,0.0,siteB
0.0,0.0,siteB
0.0,0.0,siteB
0.0,0.0,siteB
0.0,0.0,siteB
0.0,0.0,siteB
0.0,0.0,siteB
0.0,0.0,siteB
0.0,0.0,siteB
0.0,0.0,siteB
0.0,0.0,siteB
0.0,0.0,siteB
0.0,0.0,siteB
0.0,0.0,siteB
0.0,0.0,siteB
0.0,0.0,siteB
0.0,0.0,siteB
0.0,0.0,siteB
0.0,0.0,siteB
0.0,0.0,siteB
0.0,0.0,siteB
0.0,0.0,siteB
0.0,0.0,siteB
0.0,0.0,siteB
0.0,0.0,siteB
0.0,0.0,siteB
0.0,0.0,siteB
0.0,0.0,siteB
0.0,0.0,siteB
0.0,0.0,siteB
0.0,0.0,siteB
0.0,0.0,siteB
0.0,0.0,siteB
0.0,0.0,siteB
0.0,0.0,siteB
0.0,0.0,siteB
0.0,0.0,siteB
0.0,0.0,siteB
0.0,0.0,siteB
0.0,0.0,siteB
0.0,0.0,siteB
0.0,0.0,siteB
0.0,0.0,siteB
0.0,0.0,siteB
0.0,0.0,siteB
0.0,0.0,siteB
0.0,0.0,siteB
0.0,0.0,siteB
0.0,0.0,siteB
0.0,0.0,siteB
0.0,0.0,siteB
0.0,0.0,siteB
0.0,0.0,siteB
0.0,0.0,siteB
0.0,0.0,siteB
0.0,0.0,siteB
0.0,0.0,siteB
0.0,0.0,siteB
0.0,0.0,siteB
0.0,0.0,siteB
0.0,0.0,siteB
0.0,0.0,siteB
0.0,0.0,siteB
0.0,0.0,siteB
0.0,0.0,siteB
0.0,0.0,siteB
0.0,0.0,siteB
0.0,0.0,siteB
0.0,0.0,siteB
0.0,0.0,siteB
0.0,0.0,siteB
0.0,0.0,siteB
0.0,0.0,siteB
0.0,0.0,siteB
0.0,0.0,siteB
0.0,0.0,siteB
0.0,0.0,siteB
0.0,0.0,siteB
0.0,0.0,siteB
0.0,0.0,siteB
0.0,0.0,siteB
0.0,0.0,siteB
0.0,0.0,siteB
0.0,0.0,siteB
0.0,0.0,siteB
0.0,0.0,siteB
0.0,0.0,siteB
0.0,0.0,siteB
0.0,0.0,siteB
0.0,0.0,siteB
0.0,0.0,siteB
0.0,0.0,siteB
0.0,0.0,siteB
0.0,0.0,siteB
0.0,0.0,siteB
0.0,0.0,siteB
0.0,0.0,siteB
0.0,0.0,siteB
0.0,0.0,siteB
0.0,0.0,siteB
0.0,0.0,siteB
0.0,0.0,siteB
0.0,0.0,siteB
0.0,0.0,siteB
0.0,0.0,siteB
0.0,0.0,siteB
0.0,0.0,siteB
0.0,0.0,siteB
0.0,0.0,siteB
0.0,0.0,siteB
0.0,0.0,siteB
0.0,0.0,siteB
0.0,0.0,siteB
0.0,0.0,siteB
0.0,0.0,siteB
0.0,0.0,siteB
0.0,0.0,siteB
0.0,0.0,siteB
0.0,0.0,siteB
0.0,0.0,siteB
0.0,0.0,siteB
0.0,0.0,siteB
0.0,0.0,siteB
0.0,0.0,siteB
0.0,0.0,siteB
0.0,0.0,siteB
0.0,0.0,siteB
0.0,0.0,siteB
0.0,0.0,siteB
0.0,0.0,siteB
0.0,0.0,siteB
0.0,0.0,siteB
0.0,0.0,siteB
0.0,0.0,siteB
0.0,0.0,siteB
0.0,0.0,siteB
0.0,0.0,siteB
0.0,0.0,siteB
0.0,0.0,siteB
0.0,0.0,siteB
0.0,0.0,siteB
0.0,0.0,siteB
0.0,0.0,siteB
0.0,0.0,siteB
0.0,0.0,siteB
0.0,0.0,siteB
0.0,0.0,siteB
0.0,0.0,siteB
0.0,0.0,siteB
0.0,0.0,siteB
0.0,0.0,siteB
0.0,0.0,siteB
0.0,0.0,siteB
0.0,0.0,siteB
0.0,0.0,siteB
0.0,0.0,siteB
0.0,0.0,siteB
0.0,0.0,siteB
0.0,0.0,siteB
0.0,0.0,siteB
0.0,0.0,siteB
0.0,0.0,siteB
0.0,0.0,siteB
0.0,0.0,siteB
0.0,0.0,siteB
0.0,0.0,siteB
0.0,0.0,siteB
0.0,0.0,siteB
0.0,0.0,siteB
0.0,0.0,siteB
0.0,0.0,siteB
0.0,0.0,siteB
0.0,0.0,siteB
0.0,0.0,siteB
0.0,0.0,siteB
0.0,0.0,siteB
0.0,0.0,siteB
0.0,0.0,siteB
0.0,0.0,siteB
0.0,0.0,siteB
0.0,0.0,siteB
0.0,0.0,siteB
0.0,0.0,siteB
0.0,0.0,siteB
0.0,0.0,siteB
0.0,0.0,siteB
0.0,0.0,siteB
0.0,0.0,siteB
0.0,0.0,siteB
0.0,0.0,siteB
0.0,0.0,siteB
0.0,0.0,siteB
0.0,0.0,siteB
0.0,0.0,siteB
0.0,0.0,siteB
0.0,0.0,siteB
0.0,0.0,siteB
0.0,0.0,siteB
0.0,0.0,siteB
0.0,0.0,siteB
0.0,0.0,siteB
0.0,0.0,siteB
0.0,0.0,siteB
0.0,0.0,siteB
0.0,0.0,siteB
0.0,0.0,siteB
0.0,0.0,siteB
0.0,0.0,siteB
0.0,0.0,siteB
0.0,0.0,siteB
0.0,0.0,siteB
0.0,0.0,siteB
0.0,0.0,siteB
0.0,0.0,siteB
0.0,0.0,siteB
0.0,0.0,siteB
0.0,0.0,siteB
0.0,0.0,siteB
0.0,0.0,siteB
0.0,0.0,siteB
0.0,0.0,siteB
0.0,0.0,siteB
0.0,0.0,siteB
0.0,0.0,siteB
0.0,0.0,siteB
0.0,0.0,siteB
0.0,0.0,siteB
0.0,0.0,siteB
0.0,0.0,siteB
0.0,0.0,siteB
0.0,0.0,siteB
0.0,0.0,siteB
0.0,0.0,siteB
0.0,0.0,siteB
0.0,0.0,siteB
0.0,0.0,siteB
0.0,0.0,siteB
0.0,0.0,siteB
0.0,0.0,siteB
0.0,0.0,siteB
0.0,0.0,siteB
0.0,0.0,siteB
0.0,0.0,siteB
0.0,0.0,siteB
0.0,0.0,siteB
0.0,0.0,siteB
0.0,0.0,siteB
0.0,0.0,siteB
0.0,0.0,siteB
0.0,0.0,siteB
0.0,0.0,siteB
0.0,0.0,siteB
0.0,0.0,siteB
0.0,0.0,siteB
0.0,0.0,siteB
0.0,0.0,siteB
0.0,0.0,siteB
0.0,0.0,siteB
0.0,0.0,siteB
0.0,0.0,siteB
0.0,0.0,siteB
0.0,0.0,siteB
0.0,0.0,siteB
0.0,0.0,siteB
0.0,0.0,siteB
0.0,0.0,siteB
0.0,0.0,siteB
0.0,0.0,siteB
0.0,0.0,siteB
0.0,0.0,siteB
0.0,0.0,siteB
0.0,0.0,siteB
0.0,0.0,siteB
0.0,0.0,siteB
0.0,0.0,siteB
0.0,0.0,siteB
0.0,0.0,siteB
0.0,0.0,siteB
0.0,0.0,siteB
0.0,0.0,siteB
0.0,0.0,siteB
0.0,0.0,siteB
0.0,0.0,siteB
0.0,0.0,siteB
0.0,0.0,siteB
0.0,0.0,siteB
0.0,0.0,siteB
0.0,0.0,siteB
0.0,0.0,siteB
0.0,0.0,siteB
0.0,0.0,siteB
0.0,0.0,siteB
0.0,0.0,siteB
0.0,0.0,siteB
0.0,0.0,siteB
0.0,0.0,siteB
0.0,0.0,siteB
0.0,0.0,siteB
0.0,0.0,siteB
0.0,0.0,siteB
0.0,0.0,siteB
0.0,0.0,siteB
0.0,0.0,siteB
0.0,0.0,siteB
0.0,0.0,siteB
0.0,0.0,siteB
0.0,0.0,siteB
0.0,0.0,siteB
0.0,0.0,siteB
0.0,0.0,siteB
0.0,0.0,siteB
0.0,0.0,siteB
0.0,0.0,siteB
0.0,0.0,siteB
0.0,0.0,siteB
0.0,0.0,siteB
0.0,0.0,siteB
0.0,0.0,siteB
0.0,0.0,siteB
0.0,0.0,siteB
0.0,0.0,siteB
0.0,0.0,siteB
0.0,0.0,siteB
0.0,0.0,siteB
0.0,0.0,siteB
0.0,0.0,siteB
0.0,0.0,siteB
0.0,0.0,siteB
0.0,0.0,siteB
0.0,0.0,siteB
0.0,0.0,siteB
0.0,0.0,siteB
0.0,0.0,siteB
0.0,0.0,siteB
0.0,0.0,siteB
0.0,0.0,siteB
0.0,0.0,siteB
0.0,0.0,siteB
0.0,0.0,siteB
0.0,0.0,siteB
0.0,0.0,siteB
0.0,0.0,siteB
0.0,0.0,siteB
0.0,0.0,siteB
0.0,0.0,siteB
0.0,0.0,siteB
0.0,0.0,siteB
0.0,0.0,siteB
0.0,0.0,siteB
0.0,0.0,siteB
0.0,0.0,siteB
0.0,0.0,siteB
0.0,0.0,siteB
0.0,0.0,siteB
0.0,0.0,siteB
0.0,0.0,siteB
0.0,0.0,siteB
0.0,0.0,siteB
0.0,0.0,siteB
0.0,0.0,siteB
0.0,0.0,siteB
0.0,0.0,siteB
0.0,0.0,siteB
0.0,0.0,siteB
0.0,0.0,siteB
0.0,0.0,siteB
0.0,0.0,siteB
0.0,0.0,siteB
0.0,0.0,siteB
0.0,0.0,siteB
0.0,0.0,siteB
0.0,0.0,siteB
0.0,0.0,siteB
0.0,0.0,siteB
0.0,0.0,siteB
0.0,0.0,siteB
0.0,0.0,siteB
0.0,0.0,siteB
0.0,0.0,siteB
0.0,0.0,siteB
0.0,0.0,siteB
0.0,0.0,siteB
0.0,0.0,siteB
0.0,0.0,siteB
0.0,0.0,siteB
0.0,0.0,siteB
0.0,0.0,siteB
0.0,0.0,siteB
0.0,0.0,siteB
0.0,0.0,siteB
0.0,0.0,siteB
0.0,0.0,siteB
0.0,0.0,siteB
0.0,0.0,siteB
0.0,0.0,siteB
0.0,0.0,siteB
0.0,0.0,siteB
0.0,0.0,siteB
0.0,0.0,siteB
0.0,0.0,siteB
0.0,0.0,siteB
0.0,0.0,siteB
0.0,0.0,siteB
0.0,0.0,siteB
0.0,0.0,siteB
0.0,0.0,siteB
0.0,0.0,siteB
0.0,0.0,siteB
0.0,0.0,siteB
0.0,0.0,siteB
0.0,0.0,siteB
0.0,0.0,siteB
0.0,0.0,siteB
0.0,0.0,siteB
0.0,0.0,siteB
0.0,0.0,siteB
0.0,0.0,siteB
0.0,0.0,siteB
0.0,0.0,siteB
0.0,0.0,siteB
0.0,0.0,siteB
0.0,0.0,siteB
0.0,0.0,siteB
0.0,0.0,siteB
0.0,0.0,siteB
0.0,0.0,siteB
0.0,0.0,siteB
0.0,0.0,siteB
0.0,0.0,siteB
0.0,0.0,siteB
0.0,0.0,siteB
0.0,0.0,siteB
0.0,0.0,siteB
0.0,0.0,siteB
0.0,0.0,siteB
0.0,0.0,siteB
0.0,0.0,siteB
0.0,0.0,siteB
0.0,0.0,siteB
0.0,0.0,siteB
0.0,0.0,siteB
0.0,0.0,siteB
0.0,0.0,siteB
0.0,0.0,siteB
0.0,0.0,siteB
0.0,0.0,siteB
0.0,0.0,siteB
0.0,0.0,siteB
0.0,0.0,siteB
0.0,0.0,siteB
0.0,0.0,siteB
0.0,0.0,siteB
0.0,0.0,siteB
0.0,0.0,siteB
0.0,0.0,siteB
0.0,0.0,siteB
0.0,0.0,siteB
0.0,0.0,siteB
0.0,0.0,siteB
0.0,0.0,siteB
0.0,0.0,siteB
0.0,0.0,siteB
0.0,0.0,siteB
0.0,0.0,siteB
0.0,0.0,siteB
0.0,0.0,siteB
0.0,0.0,siteB
0.0,0.0,siteB
0.0,0.0,siteB
0.0,0.0,siteB
0.0,0.0,siteB
0.0,0.0,siteB
0.0,0.0,siteB
0.0,0.0,siteB
0.0,0.0,siteB
0.0,0.0,siteB
0.0,0.0,siteB
0.0,0.0,siteB
0.0,0.0,siteB
0.0,0.0,siteB
0.0,0.0,siteB
0.0,0.0,siteB
0.0,0.0,siteB
0.0,0.0,siteB
0.0,0.0,siteB
0.0,0.0,siteB
0.0,0.0,siteB
0.0,0.0,siteB
0.0,0.0,siteB
0.0,0.0,siteB
0.0,0.0,siteB
0.0,0.0,siteB
0.0,0.0,siteB
0.0,0.0,siteB
0.0,0.0,siteB
0.0,0.0,siteB
0.0,0.0,siteB
0.0,0.0,siteB
0.0,0.0,siteB
0.0,0.0,siteB
0.0,0.0,siteB
0.0,0.0,siteB
0.0,0.0,siteB
0.0,0.0,siteB
0.0,0.0,siteB
0.0,0.0,siteB
0.0,0.0,siteB
0.0,0.0,siteB
0.0,0.0,siteB
0.0,0.0,siteB
0.0,0.0,siteB
0.0,0.0,siteB
0.0,0.0,siteB
0.0,0.0,siteB
0.0,0.0,siteB
0.0,0.0,siteB
0.0,0.0,siteB
0.0,0.0,siteB
0.0,0.0,siteB
0.0,0.0,siteB
0.0,0.0,siteB
0.0,0.0,siteB
0.0,0.0,siteB
0.0,0.0,siteB
0.0,0.0,siteB
0.0,0.0,siteB
0.0,0.0,siteB
0.0,0.0,siteB
0.0,0.0,siteB
0.0,0.0,siteB
0.0,0.0,siteB
0.0,0.0,siteB
0.0,0.0,siteB
0.0,0.0,siteB
0.0,0.0,siteB
0.0,0.0,siteB
0.0,0.0,siteB
0.0,0.0,siteB
0.0,0.0,siteB
0.0,0.0,siteB
0.0,0.0,siteB
0.0,0.0,siteB
0.0,0.0,siteB
0.0,0.0,siteB
0.0,0.0,siteB
0.0,0.0,siteB
0.0,0.0,siteB
0.0,0.0,siteB
0.0,0.0,siteB
0.0,0.0,siteB
0.0,0.0,siteB
0.0,0.0,siteB
0.0,0.0,siteB
0.0,0.0,siteB
0.0,0.0,siteB
0.0,0.0,siteB
0.0,0.0,siteB
0.0,0.0,siteB
0.0,0.0,siteB
0.0,0.0,siteB
0.0,0.0,siteB
0.0,0.0,siteB
0.0,0.0,siteB
0.0,0.0,siteB
0.0,0.0,siteB
0.0,0.0,siteB
0.0,0.0,siteB
0.0,0.0,siteB
0.0,0.0,siteB
0.0,0.0,siteB
0.0,0.0,siteB
0.0,0.0,siteB
0.0,0.0,siteB
0.0,0.0,siteB
0.0,0.0,siteB
0.0,0.0,siteB
0.0,0.0,siteB
0.0,0.0,siteB
0.0,0.0,siteB
0.0,0.0,siteB
0.0,0.0,siteB
0.0,0.0,siteB
0.0,0.0,siteB
0.0,0.0,siteB
0.0,0.0,siteB
0.0,0.0,siteB
0.0,0.0,siteB
0.0,0.0,siteB
0.0,0.0,siteB
0.0,0.0,siteB
0.0,0.0,siteB
0.0,0.0,siteB
0.0,0.0,siteB
0.0,0.0,siteB
0.0,0.0,siteB
0.0,0.0,siteB
0.0,0.0,siteB
0.0,0.0,siteB
0.0,0.0,siteB
0.0,0.0,siteB
0.0,0.0,siteB
0.0,0.0,siteB
0.0,0.0,siteB
0.0,0.0,siteB
0.0,0.0,siteB
0.0,0.0,siteB
0.0,0.0,siteB
0.0,0.0,siteB
0.0,0.0,siteB
0.0,0.0,siteB
0.0,0.0,siteB
0.0,0.0,siteB
0.0,0.0,siteB
0.0,0.0,siteB
0.0,0.0,siteB
0.0,0.0,siteB
0.0,0.0,siteB
0.0,0.0,siteB
0.0,0.0,siteB
0.0,0.0,siteB
0.0,0.0,siteB
0.0,0.0,siteB
0.0,0.0,siteB
0.0,0.0,siteB
0.0,0.0,siteB
0.0,0.0,siteB
0.0,0.0,siteB
0.0,0.0,siteB
0.0,0.0,siteB
0.0,0.0,siteB
0.0,0.0,siteB
0.0,0.0,siteB
0.0,0.0,siteB
0.0,0.0,siteB
0.0,0.0,siteB
0.0,0.0,siteB
0.0,0.0,siteB
0.0,0.0,siteB
0.0,0.0,siteB
0.0,0.0,siteB
0.0,0.0,siteB
0.0,0.0,siteB
0.0,0.0,siteB
0.0,0.0,siteB
0.0,0.0,siteB
0.0,0.0,siteB
0.0,0.0,siteB
0.0,0.0,siteB
0.0,0.0,siteB
0.0,0.0,siteB
0.0,0.0,siteB
0.0,0.0,siteB
0.0,0.0,siteB
0.0,0.0,siteB
0.0,0.0,siteB
0.0,0.0,siteB
0.0,0.0,siteB
0.0,0.0,siteB
0.0,0.0,siteB
0.0,0.0,siteB
0.0,0.0,siteB
0.0,0.0,siteB
0.0,0.0,siteB
0.0,0.0,siteB
0.0,0.0,siteB
0.0,0.0,siteB
0.0,0.0,siteB
0.0,0.0,siteB
0.0,0.0,siteB
0.0,0.0,siteB
0.0,0.0,siteB
0.0,0.0,siteB
0.0,0.0,siteB
0.0,0.0,siteB
0.0,0.0,siteB
0.0,0.0,siteB
0.0,0.0,siteB
0.0,0.0,siteB
0.0,0.0,siteB
0.0,0.0,siteB
0.0,0.0,siteB
0.0,0.0,siteB
0.0,0.0,siteB
0.0,0.0,siteB
0.0,0.0,siteB
0.0,0.0,siteB
0.0,0.0,siteB
0.0,0.0,siteB
0.0,0.0,siteB
0.0,0.0,siteB
0.0,0.0,siteB
0.0,0.0,siteB
0.0,0.0,siteB
0.0,0.0,siteB
0.0,0.0,siteB
0.0,0.0,siteB
0.0,0.0,siteB
0.0,0.0,siteB
0.0,0.0,siteB
0.0,0.0,siteB
0.0,0.0,siteB
0.0,0.0,siteB
0.0,0.0,siteB
0.0,0.0,siteB
0.0,0.0,siteB
0.0,0.0,siteB
0.0,0.0,siteB
0.0,0.0,siteB
0.0,0.0,siteB
0.0,0.0,siteB
0.0,0.0,siteB
0.0,0.0,siteB
0.0,0.0,siteB
0.0,0.0,siteB
0.0,0.0,siteB
0.0,0.0,siteB
0.0,0.0,siteB
0.0,0.0,siteB
0.0,0.0,siteB
0.0,0.0,siteB
0.0,0.0,siteB
0.0,0.0,siteB
0.0,0.0,siteB
0.0,0.0,siteB
0.0,0.0,siteB
0.0,0.0,siteB
0.0,0.0,siteB
0.0,0.0,siteB
0.0,0.0,siteB
0.0,0.0,siteB
0.0,0.0,siteB
0.0,0.0,siteB
0.0,0.0,siteB
0.0,0.0,siteB
0.0,0.0,siteB
0.0,0.0,siteB
0.0,0.0,siteB
0.0,0.0,siteB
0.0,0.0,siteB
0.0,0.0,siteB
0.0,0.0,siteB
0.0,0.0,siteB
0.0,0.0,siteB
0.0,0.0,siteB
0.0,0.0,siteB
0.0,0.0,siteB
0.0,0.0,siteB
0.0,0.0,siteB
0.0,0.0,siteB
0.0,0.0,siteB
0.0,0.0,siteB
0.0,0.0,siteB
0.0,0.0,siteB
0.0,0.0,siteB
0.0,0.0,siteB
0.0,0.0,siteB
0.0,0.0,siteB
0.0,0.0,siteB
0.0,0.0,siteB
0.0,0.0,siteB
0.0,0.0,siteB
0.0,0.0,siteB
0.0,0.0,siteB
0.0,0.0,siteB
0.0,0.0,siteB
0.0,0.0,siteB
0.0,0.0,siteB
0.0,0.0,siteB
0.0,0.0,siteB
0.0,0.0,siteB
0.0,0.0,siteB
0.0,0.0,siteB
0.0,0.0,siteB
0.0,0.0,siteB
0.0,0.0,siteB
0.0,0.0,siteB
0.0,0.0,siteB
0.0,0.0,siteB
0.0,0.0,siteB
0.0,0.0,siteB
0.0,0.0,siteB
0.0,0.0,siteB
0.0,0.0,siteB
0.0,0.0,siteB
0.0,0.0,siteB
0.0,0.0,siteB
0.0,0.0,siteB
0.0,0.0,siteB
0.0,0.0,siteB
0.0,0.0,siteB
0.0,0.0,siteB
0.0,0.0,siteB
0.0,0.0,siteB
0.0,0.0,siteB
0.0,0.0,siteB
0.0,0.0,siteB
0.0,0.0,siteB
0.0,0.0,siteB
0.0,0.0,siteB
0.0,0.0,siteB
0.0,0.0,siteB
0.0,0.0,siteB
0.0,0.0,siteB
0.0,0.0,siteB
0.0,0.0,siteB
0.0,0.0,siteB
0.0,0.0,siteB
0.0,0.0,siteB
0.0,0.0,siteB
0.0,0.0,siteB
0.0,0.0,siteB
0.0,0.0,siteB
0.0,0.0,siteB
0.0,0.0,siteB
0.0,0.0,siteB
0.0,0.0,siteB
0.0,0.0,siteB
0.0,0.0,siteB
0.0,0.0,siteB
0.0,0.0,siteB
0.0,0.0,siteB
0.0,0.0,siteB
0.0,0.0,siteB
0.0,0.0,siteB
0.0,0.0,siteB
0.0,0.0,siteB
0.0,0.0,siteB
0.0,0.0,siteB
0.0,0.0,siteB
0.0,0.0,siteB
0.0,0.0,siteB
0.0,0.0,siteB
0.0,0.0,siteB
0.0,0.0,siteB
0.0,0.0,siteB
0.0,0.0,siteB
0.0,0.0,siteB
0.0,0.0,siteB
0.0,0.0,siteB
0.0,0.0,siteB
0.0,0.0,siteB
0.0,0.0,siteB
0.0,0.0,siteB
0.0,0.0,siteB
0.0,0.0,siteB
0.0,0.0,siteB
0.0,0.0,siteB
0.0,0.0,siteB
0.0,0.0,siteB
0.0,0.0,siteB
0.0,0.0,siteB
0.0,0.0,siteB
0.0,0.0,siteB
0.0,0.0,siteB
0.0,0.0,siteB
0.0,0.0,siteB
0.0,0.0,siteB
0.0,0.0,siteB
0.0,0.0,siteB
0.0,0.0,siteB
0.0,0.0,siteB
0.0,0.0,siteB
0.0,0.0,siteB
0.0,0.0,siteB
0.0,0.0,siteB
0.0,0.0,siteB
0.0,0.0,siteB
0.0,0.0,siteB
0.0,0.0,siteB
0.0,0.0,siteB
0.0,0.0,siteB
0.0,0.0,siteB
0.0,0.0,siteB
0.0,0.0,siteB
0.0,0.0,siteB
0.0,0.0,siteB
0.0,0.0,siteB
0.0,0.0,siteB
0.0,0.0,siteB
0.0,0.0,siteB
0.0,0.0,siteB
0.0,0.0,siteB
0.0,0.0,siteB
0.0,0.0,siteB
0.0,0.0,siteB
0.0,0.0,siteB
0.0,0.0,siteB
0.0,0.0,siteB
0.0,0.0,siteB
0.0,0.0,siteB
0.0,0.0,siteB
0.0,0.0,siteB
0.0,0.0,siteB
0.0,0.0,siteB
0.0,0.0,siteB
0.0,0.0,siteB
0.0,0.0,siteB
0.0,0.0,siteB
0.0,0.0,siteB
0.0,0.0,siteB
0.0,0.0,siteB
0.0,0.0,siteB
0.0,0.0,siteB
0.0,0.0,siteB
0.0,0.0,siteB
0.0,0.0,siteB
0.0,0.0,siteB
0.0,0.0,siteB
0.0,0.0,siteB
0.0,0.0,siteB
0.0,0.0,siteB
0.0,0.0,siteB
0.0,0.0,siteB
0.0,0.0,siteB
0.0,0.0,siteB
0.0,0.0,siteB
0.0,0.0,siteB
0.0,0.0,siteB
0.0,0.0,siteB
0.0,0.0,siteB
0.0,0.0,siteB
0.0,0.0,siteB
0.0,0.0,siteB
0.0,0.0,siteB
0.0,0.0,siteB
0.0,0.0,siteB
0.0,0.0,siteB
0.0,0.0,siteB
0.0,0.0,siteB
0.0,0.0,siteB
0.0,0.0,siteB
0.0,0.0,siteB
0.0,0.0,siteB
0.0,0.0,siteB
0.0,0.0,siteB
0.0,0.0,siteB
0.0,0.0,siteB
0.0,0.0,siteB
0.0,0.0,siteB
0.0,0.0,siteB
0.0,0.0,siteB
0.0,0.0,siteB
0.0,0.0,siteB
0.0,0.0,siteB
0.0,0.0,siteB
0.0,0.0,siteB
0.0,0.0,siteB
0.0,0.0,siteB
0.0,0.0,siteB
0.0,0.0,siteB
0.0,0.0,siteB
0.0,0.0,siteB
0.0,0.0,siteB
0.0,0.0,siteB
0.0,0.0,siteB
0.0,0.0,siteB
0.0,0.0,siteB
0.0,0.0,siteB
0.0,0.0,siteB
0.0,0.0,siteB
0.0,0.0,siteB
0.0,0.0,siteB
0.0,0.0,siteB
0.0,0.0,siteB
0.0,0.0,siteB
0.0,0.0,siteB
0.0,0.0,siteB
0.0,0.0,siteB
0.0,0.0,siteB
0.0,0.0,siteB
0.0,0.0,siteB
0.0,0.0,siteB
0.0,0.0,siteB
0.0,0.0,siteB
0.0,0.0,siteB
0.0,0.0,siteB
0.0,0.0,siteB
0.0,0.0,siteB
0.0,0.0,siteB
0.0,0.0,siteB
0.0,0.0,siteB
0.0,0.0,siteB
0.0,0.0,siteB
0.0,0.0,siteB
0.0,0.0,siteB
0.0,0.0,siteB
0.0,0.0,siteB
0.0,0.0,siteB
0.0,0.0,siteB
0.0,0.0,siteB
0.0,0.0,siteB
0.0,0.0,siteB
0.0,0.0,siteB
0.0,0.0,siteB
0.0,0.0,siteB
0.0,0.0,siteB
0.0,0.0,siteB
0.0,0.0,siteB
0.0,0.0,siteB
0.0,0.0,siteB
0.0,0.0,siteB
0.0,0.0,siteB
0.0,0.0,siteB
0.0,0.0,siteB
0.0,0.0,siteB
0.0,0.0,siteB
0.0,0.0,siteB
0.0,0.0,siteB
0.0,0.0,siteB
0.0,0.0,siteB
0.0,0.0,siteB
0.0,0.0,siteB
0.0,0.0,siteB
0.0,0.0,siteB
0.0,0.0,siteB
0.0,0.0,siteB
0.0,0.0,siteB
0.0,0.0,siteB
0.0,0.0,siteB
0.0,0.0,siteB
0.0,0.0,siteB
0.0,0.0,siteB
0.0,0.0,siteB
0.0,0.0,siteB
0.0,0.0,siteB
0.0,0.0,siteB
0.0,0.0,siteB
0.0,0.0,siteB
0.0,0.0,siteB
0.0,0.0,siteB
0.0,0.0,siteB
0.0,0.0,siteB
0.0,0.0,siteB
0.0,0.0,siteB
0.0,0.0,siteB
0.0,0.0,siteB
0.0,0.0,siteB
0.0,0.0,siteB
0.0,0.0,siteB
0.0,0.0,siteB
0.0,0.0,siteB
0.0,0.0,siteB
0.0,0.0,siteB
0.0,0.0,siteB
0.0,0.0,siteB
0.0,0.0,siteB
0.0,0.0,siteB
0.0,0.0,siteB
0.0,0.0,siteB
0.0,0.0,siteB
0.0,0.0,siteB
0.0,0.0,siteB
0.0,0.0,siteB
0.0,0.0,siteB
0.0,0.0,siteB
0.0,0.0,siteB
0.0,0.0,siteB
0.0,0.0,siteB
0.0,0.0,siteB
0.0,0.0,siteB
0.0,0.0,siteB
0.0,0.0,siteB
0.0,0.0,siteB
0.0,0.0,siteB
0.0,0.0,siteB
0.0,0.0,siteB
0.0,0.0,siteB
0.0,0.0,siteB
0.0,0.0,siteB
0.0,0.0,siteB
0.0,0.0,siteB
0.0,0.0,siteB
0.0,0.0,siteB
0.0,0.0,siteB
0.0,0.0,siteB
0.0,0.0,siteB
0.0,0.0,siteB
0.0,0.0,siteB
0.0,0.0,siteB
0.0,0.0,siteB
0.0,0.0,siteB
0.0,0.0,siteB
0.0,0.0,siteB
0.0,0.0,siteB
0.0,0.0,siteB
0.0,0.0,siteB
0.0,0.0,siteB
0.0,0.0,siteB
0.0,0.0,siteB
0.0,0.0,siteB
0.0,0.0,siteB
0.0,0.0,siteB
0.0,0.0,siteB
0.0,0.0,siteB
0.0,0.0,siteB
0.0,0.0,siteB
0.0,0.0,siteB
0.0,0.0,siteB
0.0,0.0,siteB
0.0,0.0,siteB
0.0,0.0,siteB
0.0,0.0,siteB
0.0,0.0,siteB
0.0,0.0,siteB
0.0,0.0,siteB
0.0,0.0,siteB
0.0,0.0,siteB
0.0,0.0,siteB
0.0,0.0,siteB
0.0,0.0,siteB
0.0,0.0,siteB
0.0,0.0,siteB
0.0,0.0,siteB
0.0,0.0,siteB
0.0,0.0,siteB
0.0,0.0,siteB
0.0,0.0,siteB
0.0,0.0,siteB
0.0,0.0,siteB
0.0,0.0,siteB
0.0,0.0,siteB
0.0,0.0,siteB
0.0,0.0,siteB
0.0,0.0,siteB
0.0,0.0,siteB
0.0,0.0,siteB
0.0,0.0,siteB
0.0,0.0,siteB
0.0,0.0,siteB
0.0,0.0,siteB
0.0,0.0,siteB
0.0,0.0,siteB
0.0,0.0,siteB
0.0,0.0,siteB
0.0,0.0,siteB
0.0,0.0,siteB
0.0,0.0,siteB
0.0,0.0,siteB
0.0,0.0,siteB
0.0,0.0,siteB
0.0,0.0,siteB
0.0,0.0,siteB
0.0,0.0,siteB
0.0,0.0,siteB
0.0,0.0,siteB
0.0,0.0,siteB
0.0,0.0,siteB
0.0,0.0,siteB
0.0,0.0,siteB
0.0,0.0,siteB
0.0,0.0,siteB
0.0,0.0,siteB
0.0,0.0,siteB
0.0,0.0,siteB
0.0,0.0,siteB
0.0,0.0,siteB
0.0,0.0,siteB
0.0,0.0,siteB
0.0,0.0,siteB
0.0,0.0,siteB
0.0,0.0,siteB
0.0,0.0,siteB
0.0,0.0,siteB
0.0,0.0,siteB
0.0,0.0,siteB
0.0,0.0,siteB
0.0,0.0,siteB
0.0,0.0,siteB
0.0,0.0,siteB
0.0,0.0,siteB
0.0,0.0,siteB
0.0,0.0,siteB
0.0,0.0,siteB
0.0,0.0,siteB
0.0,0.0,siteB
0.0,0.0,siteB
0.0,0.0,siteB
0.0,0.0,siteB
0.0,0.0,siteB
0.0,0.0,siteB
0.0,0.0,siteB
0.0,0.0,siteB
0.0,0.0,siteB
0.0,0.0,siteB
0.0,0.0,siteB
0.0,0.0,siteB
0.0,0.0,siteB
0.0,0.0,siteB
0.0,0.0,siteB
0.0,0.0,siteB
0.0,0.0,siteB
0.0,0.0,siteB
0.0,0.0,siteB
0.0,0.0,siteB
0.0,0.0,siteB
0.0,0.0,siteB
0.0,0.0,siteB
0.0,0.0,siteB
0.0,0.0,siteB
0.0,0.0,siteB
0.0,0.0,siteB
0.0,0.0,siteB
0.0,0.0,siteB
0.0,0.0,siteB
0.0,0.0,siteB
0.0,0.0,siteB
0.0,0.0,siteB
0.0,0.0,siteB
0.0,0.0,siteB
0.0,0.0,siteB
0.0,0.0,siteB
0.0,0.0,siteB
0.0,0.0,siteB
0.0,0.0,siteB
0.0,0.0,siteB
0.0,0.0,siteB
0.0,0.0,siteB
0.0,0.0,siteB
0.0,0.0,siteB
0.0,0.0,siteB
0.0,0.0,siteB
0.0,0.0,siteB
0.0,0.0,siteB
0.0,0.0,siteB
0.0,0.0,siteB
0.0,0.0,siteB
0.0,0.0,siteB
0.0,0.0,siteB
0.0,0.0,siteB
0.0,0.0,siteB
0.0,0.0,siteB
0.0,0.0,siteB
0.0,0.0,siteB
0.0,0.0,siteB
0.0,0.0,siteB
0.0,0.0,siteB
0.0,0.0,siteB
0.0,0.0,siteB
0.0,0.0,siteB
0.0,0.0,siteB
0.0,0.0,siteB
0.0,0.0,siteB
0.0,0.0,siteB
0.0,0.0,siteB
0.0,0.0,siteB
0.0,0.0,siteB
0.0,0.0,siteB
0.0,0.0,siteB
0.0,0.0,siteB
0.0,0.0,siteB
0.0,0.0,siteB
0.0,0.0,siteB
0.0,0.0,siteB
0.0,0.0,siteB
0.0,0.0,siteB
0.0,0.0,siteB
0.0,0.0,siteB
0.0,0.0,siteB
0.0,0.0,siteB
0.0,0.0,siteB
0.0,0.0,siteB
0.0,0.0,siteB
0.0,0.0,siteB
0.0,0.0,siteB
0.0,0.0,siteB
0.0,0.0,siteB
0.0,0.0,siteB
0.0,0.0,siteB
0.0,0.0,siteB
0.0,0.0,siteB
0.0,0.0,siteB
0.0,0.0,siteB
0.0,0.0,siteB
0.0,0.0,siteB
0.0,0.0,siteB
0.0,0.0,siteB
0.0,0.0,siteB
0.0,0.0,siteB
0.0,0.0,siteB
0.0,0.0,siteB
0.0,0.0,siteB
0.0,0.0,siteB
0.0,0.0,siteB
0.0,0.0,siteB
0.0,0.0,siteB
0.0,0.0,siteB
0.0,0.0,siteB
0.0,0.0,siteB
0.0,0.0,siteB
0.0,0.0,siteB
0.0,0.0,siteB
0.0,0.0,siteB
0.0,0.0,siteB
0.0,0.0,siteB
0.0,0.0,siteB
0.0,0.0,siteB
0.0,0.0,siteB
0.0,0.0,siteB
0.0,0.0,siteB
0.0,0.0,siteB
0.0,0.0,siteB
0.0,0.0,siteB
0.0,0.0,siteB
0.0,0.0,siteB
0.0,0.0,siteB
0.0,0.0,siteB
0.0,0.0,siteB
0.0,0.0,siteB
0.0,0.0,siteB
0.0,0.0,siteB
0.0,0.0,siteB
0.0,0.0,siteB
0.0,0.0,siteB
0.0,0.0,siteB
0.0,0.0,siteB
0.0,0.0,siteB
0.0,0.0,siteB
0.0,0.0,siteB
0.0,0.0,siteB
0.0,0.0,siteB
0.0,0.0,siteB
0.0,0.0,siteB
0.0,0.0,siteB
0.0,0.0,siteB
0.0,0.0,siteB
0.0,0.0,siteB
0.0,0.0,siteB
0.0,0.0,siteB
0.0,0.0,siteB
0.0,0.0,siteB
0.0,0.0,siteB
0.0,0.0,siteB
0.0,0.0,siteB
0.0,0.0,siteB
0.0,0.0,siteB
0.0,0.0,siteB
0.0,0.0,siteB
0.0,0.0,siteB
0.0,0.0,siteB
0.0,0.0,siteB
0.0,0.0,siteB
0.0,0.0,siteB
0.0,0.0,siteB
0.0,0.0,siteB
0.0,0.0,siteB
0.0,0.0,siteB
0.0,0.0,siteB
0.0,0.0,siteB
0.0,0.0,siteB
0.0,0.0,siteB
0.0,0.0,siteB
0.0,0.0,siteB
0.0,0.0,siteB
0.0,0.0,siteB
0.0,0.0,siteB
0.0,0.0,siteB
0.0,0.0,siteB
0.0,0.0,siteB
0.0,0.0,siteB
0.0,0.0,siteB
0.0,0.0,siteB
0.0,0.0,siteB
0.0,0.0,siteB
0.0,0.0,siteB
0.0,0.0,siteB
0.0,0.0,siteB
0.0,0.0,siteB
0.0,0.0,siteB
0.0,0.0,siteB
0.0,0.0,siteB
0.0,0.0,siteB
0.0,0.0,siteB
0.0,0.0,siteB
0.0,0.0,siteB
0.0,0.0,siteB
0.0,0.0,siteB
0.0,0.0,siteB
0.0,0.0,siteB
0.0,0.0,siteB
0.0,0.0,siteB
0.0,0.0,siteB
0.0,0.0,siteB
0.0,0.0,siteB
0.0,0.0,siteB
0.0,0.0,siteB
0.0,0.0,siteB
0.0,0.0,siteB
0.0,0.0,siteB
0.0,0.0,siteB
0.0,0.0,siteB
0.0,0.0,siteB
0.0,0.0,siteB
0.0,0.0,siteB
0.0,0.0,siteB
0.0,0.0,siteB
0.0,0.0,siteB
0.0,0.0,siteB
0.0,0.0,siteB
0.0,0.0,siteB
0.0,0.0,siteB
0.0,0.0,siteB
0.0,0.0,siteB
0.0,0.0,siteB
0.0,0.0,siteB
0.0,0.0,siteB
0.0,0.0,siteB
0.0,0.0,siteB
0.0,0.0,siteB
0.0,0.0,siteB
0.0,0.0,siteB
0.0,0.0,siteB
0.0,0.0,siteB
0.0,0.0,siteB
0.0,0.0,siteB
0.0,0.0,siteB
0.0,0.0,siteB
0.0,0.0,siteB
0.0,0.0,siteB
0.0,0.0,siteB
0.0,0.0,siteB
0.0,0.0,siteB
0.0,0.0,siteB
0.0,0.0,siteB
0.0,0.0,siteB
0.0,0.0,siteB
0.0,0.0,siteB
0.0,0.0,siteB
0.0,0.0,siteB
0.0,0.0,siteB
0.0,0.0,siteB
0.0,0.0,siteB
0.0,0.0,siteB
0.0,0.0,siteB
0.0,0.0,siteB
0.0,0.0,siteB
0.0,0.0,siteB
0.0,0.0,siteB
0.0,0.0,siteB
0.0,0.0,siteB
0.0,0.0,siteB
0.0,0.0,siteB
0.0,0.0,siteB
0.0,0.0,siteB
0.0,0.0,siteB
0.0,0.0,siteB
0.0,0.0,siteB
0.0,0.0,siteB
0.0,0.0,siteB
0.0,0.0,siteB
0.0,0.0,siteB
0.0,0.0,siteB
0.0,0.0,siteB
0.0,0.0,siteB
0.0,0.0,siteB
0.0,0.0,siteB
0.0,0.0,siteB
0.0,0.0,siteB
0.0,0.0,siteB
0.0,0.0,siteB
0.0,0.0,siteB
0.0,0.0,siteB
0.0,0.0,siteB
0.0,0.0,siteB
0.0,0.0,siteB
0.0,0.0,siteB
0.0,0.0,siteB
0.0,0.0,siteB
0.0,0.0,siteB
0.0,0.0,siteB
0.0,0.0,siteB
0.0,0.0,siteB
0.0,0.0,siteB
0.0,0.0,siteB
0.0,0.0,siteB
0.0,0.0,siteB
0.0,0.0,siteB
0.0,0.0,siteB
0.0,0.0,siteB
0.0,0.0,siteB
0.0,0.0,siteB
0.0,0.0,siteB
0.0,0.0,siteB
0.0,0.0,siteB
0.0,0.0,siteB
0.0,0.0,siteB
0.0,0.0,siteB
0.0,0.0,siteB
0.0,0.0,siteB
0.0,0.0,siteB
0.0,0.0,siteB
0.0,0.0,siteB
0.0,0.0,siteB
0.0,0.0,siteB
0.0,0.0,siteB
0.0,0.0,siteB
0.0,0.0,siteB
0.0,0.0,siteB
0.0,0.0,siteB
0.0,0.0,siteB
0.0,0.0,siteB
0.0,0.0,siteB
0.0,0.0,siteB
0.0,0.0,siteB
0.0,0.0,siteB
0.0,0.0,siteB
0.0,0.0,siteB
0.0,0.0,siteB
0.0,0.0,siteB
0.0,0.0,siteB
0.0,0.0,siteB
0.0,0.0,siteB
0.0,0.0,siteB
0.0,0.0,siteB
0.0,0.0,siteB
0.0,0.0,siteB
0.0,0.0,siteB
0.0,0.0,siteB
0.0,0.0,siteB
0.0,0.0,siteB
0.0,0.0,siteB
0.0,0.0,siteB
0.0,0.0,siteB
0.0,0.0,siteB
0.0,0.0,siteB
0.0,0.0,siteB
0.0,0.0,siteB
0.0,0.0,siteB
0.0,0.0,siteB
0.0,0.0,siteB
0.0,0.0,siteB
0.0,0.0,siteB
0.0,0.0,siteB
0.0,0.0,siteB
0.0,0.0,siteB
0.0,0.0,siteB
0.0,0.0,siteB
0.0,0.0,siteB
0.0,0.0,siteB
0.0,0.0,siteB
0.0,0.0,siteB
0.0,0.0,siteB
0.0,0.0,siteB
0.0,0.0,siteB
0.0,0.0,siteB
0.0,0.0,siteB
0.0,0.0,siteB
0.0,0.0,siteB
0.0,0.0,siteB
0.0,0.0,siteB
0.0,0.0,siteB
0.0,0.0,siteB
0.0,0.0,siteB
0.0,0.0,siteB
0.0,0.0,siteB
0.0,0.0,siteB
0.0,0.0,siteB
0.0,0.0,siteB
0.0,0.0,siteB
0.0,0.0,siteB
0.0,0.0,siteB
0.0,0.0,siteB
0.0,0.0,siteB
0.0,0.0,siteB
0.0,0.0,siteB
0.0,0.0,siteB
0.0,0.0,siteB
0.0,0.0,siteB
0.0,0.0,siteB
0.0,0.0,siteB
0.0,0.0,siteB
0.0,0.0,siteB
0.0,0.0,siteB
0.0,0.0,siteB
0.0,0.0,siteB
0.0,0.0,siteB
0.0,0.0,siteB
0.0,0.0,siteB
0.0,0.0,siteB
0.0,0.0,siteB
0.0,0.0,siteB
0.0,0.0,siteB
0.0,0.0,siteB
0.0,0.0,siteB
0.0,0.0,siteB
0.0,0.0,siteB
0.0,0.0,siteB
0.0,0.0,siteB
0.0,0.0,siteB
0.0,0.0,siteB
0.0,0.0,siteB
0.0,0.0,siteB
0.0,0.0,siteB
0.0,0.0,siteB
0.0,0.0,siteB
0.0,0.0,siteB
0.0,0.0,siteB
0.0,0.0,siteB
0.0,0.0,siteB
0.0,0.0,siteB
0.0,0.0,siteB
0.0,0.0,siteB
0.0,0.0,siteB
0.0,0.0,siteB
0.0,0.0,siteB
0.0,0.0,siteB
0.0,0.0,siteB
0.0,0.0,siteB
0.0,0.0,siteB
0.0,0.0,siteB
0.0,0.0,siteB
0.0,0.0,siteB
0.0,0.0,siteB
0.0,0.0,siteB
0.0,0.0,siteB
0.0,0.0,siteB
0.0,0.0,siteB
0.0,0.0,siteB
0.0,0.0,siteB
0.0,0.0,siteB
0.0,0.0,siteB
0.0,0.0,siteB
0.0,0.0,siteB
0.0,0.0,siteB
0.0,0.0,siteB
0.0,0.0,siteB
0.0,0.0,siteB
0.0,0.0,siteB
0.0,0.0,siteB
0.0,0.0,siteB
0.0,0.0,siteB
0.0,0.0,siteB
0.0,0.0,siteB
0.0,0.0,siteB
0.0,0.0,siteB
0.0,0.0,siteB
0.0,0.0,siteB
0.0,0.0,siteB
0.0,0.0,siteB
0.0,0.0,siteB
0.0,0.0,siteB
0.0,0.0,siteB
0.0,0.0,siteB
0.0,0.0,siteB
0.0,0.0,siteB
0.0,0.0,siteB
0.0,0.0,siteB
0.0,0.0,siteB
0.0,0.0,siteB
0.0,0.0,siteB
0.0,0.0,siteB
0.0,0.0,siteB
0.0,0.0,siteB
0.0,0.0,siteB
0.0,0.0,siteB
0.0,0.0,siteB
0.0,0.0,siteB
0.0,0.0,siteB
0.0,0.0,siteB
0.0,0.0,siteB
0.0,0.0,siteB
0.0,0.0,siteB
0.0,0.0,siteB
0.0,0.0,siteB
0.0,0.0,siteB
0.0,0.0,siteB
0.0,0.0,siteB
0.0,0.0,siteB
0.0,0.0,siteB
0.0,0.0,siteB
0.0,0.0,siteB
0.0,0.0,siteB
0.0,0.0,siteB
0.0,0.0,siteB
0.0,0.0,siteB
0.0,0.0,siteB
0.0,0.0,siteB
0.0,0.0,siteB
0.0,0.0,siteB
0.0,0.0,siteB
0.0,0.0,siteB
0.0,0.0,siteB
0.0,0.0,siteB
0.0,0.0,siteB
0.0,0.0,siteB
0.0,0.0,siteB
0.0,0.0,siteB
0.0,0.0,siteB
0.0,0.0,siteB
0.0,0.0,siteB
0.0,0.0,siteB
0.0,0.0,siteB
0.0,0.0,siteB
0.0,0.0,siteB
0.0,0.0,siteB
0.0,0.0,siteB
0.0,0.0,siteB
0.0,0.0,siteB
0.0,0.0,siteB
0.0,0.0,siteB
0.0,0.0,siteB
0.0,0.0,siteB
0.0,0.0,siteB
0.0,0.0,siteB
0.0,0.0,siteB
0.0,0.0,siteB
0.0,0.0,siteB
0.0,0.0,siteB
0.0,0.0,siteB
0.0,0.0,siteB
0.0,0.0,siteB
0.0,0.0,siteB
0.0,0.0,siteB
0.0,0.0,siteB
0.0,0.0,siteB
0.0,0.0,siteB
0.0,0.0,siteB
0.0,0.0,siteB
0.0,0.0,siteB
0.0,0.0,siteB
0.0,0.0,siteB
0.0,0.0,siteB
0.0,0.0,siteB
0.0,0.0,siteB
0.0,0.0,siteB
0.0,0.0,siteB
0.0,0.0,siteB
0.0,0.0,siteB
0.0,0.0,siteB
0.0,0.0,siteB
0.0,0.0,siteB
0.0,0.0,siteB
0.0,0.0,siteB
0.0,0.0,siteB
0.0,0.0,siteB
0.0,0.0,siteB
0.0,0.0,siteB
0.0,0.0,siteB
0.0,0.0,siteB
0.0,0.0,siteB
0.0,0.0,siteB
0.0,0.0,siteB
0.0,0.0,siteB
0.0,0.0,siteB
0.0,0.0,siteB
0.0,0.0,siteB
0.0,0.0,siteB
0.0,0.0,siteB
0.0,0.0,siteB
0.0,0.0,siteB
0.0,0.0,siteB
0.0,0.0,siteB
0.0,0.0,siteB
0.0,0.0,siteB
0.0,0.0,siteB
0.0,0.0,siteB
0.0,0.0,siteB
0.0,0.0,siteB
0.0,0.0,siteB
0.0,0.0,siteB
0.0,0.0,siteB
0.0,0.0,siteB
0.0,0.0,siteB
0.0,0.0,siteB
0.0,0.0,siteB
0.0,0.0,siteB
0.0,0.0,siteB
0.0,0.0,siteB
0.0,0.0,siteB
0.0,0.0,siteB
0.0,0.0,siteB
0.0,0.0,siteB
0.0,0.0,siteB
0.0,0.0,siteB
0.0,0.0,siteB
0.0,0.0,siteB
0.0,0.0,siteB
0.0,0.0,siteB
0.0,0.0,siteB
0.0,0.0,siteB
0.0,0.0,siteB
0.0,0.0,siteB
0.0,0.0,siteB
0.0,0.0,siteB
0.0,0.0,siteB
0.0,0.0,siteB
0.0,0.0,siteB
0.0,0.0,siteB
0.0,0.0,siteB
0.0,0.0,siteB
0.0,0.0,siteB
0.0,0.0,siteB
0.0,0.0,siteB
0.0,0.0,siteB
0.0,0.0,siteB
0.0,0.0,siteB
0.0,0.0,siteB
0.0,0.0,siteB
0.0,0.0,siteB
0.0,0.0,siteB
0.0,0.0,siteB
0.0,0.0,siteB
0.0,0.0,siteB
0.0,0.0,siteB
0.0,0.0,siteB
0.0,0.0,siteB
0.0,0.0,siteB
0.0,0.0,siteB
0.0,0.0,siteB
0.0,0.0,siteB
0.0,0.0,siteB
0.0,0.0,siteB
0.0,0.0,siteB
0.0,0.0,siteB
0.0,0.0,siteB
0.0,0.0,siteB
0.0,0.0,siteB
0.0,0.0,siteB
0.0,0.0,siteB
0.0,0.0,siteB
0.0,0.0,siteB
0.0,0.0,siteB
0.0,0.0,siteB
0.0,0.0,siteB
0.0,0.0,siteB
0.0,0.0,siteB
0.0,0.0,siteB
0.0,0.0,siteB
0.0,0.0,siteB
0.0,0.0,siteB
0.0,0.0,siteB
0.0,0.0,siteB
0.0,0.0,siteB
0.0,0.0,siteB
0.0,0.0,siteB
0.0,0.0,siteB
0.0,0.0,siteB
0.0,0.0,siteB
0.0,0.0,siteB
0.0,0.0,siteB
0.0,0.0,siteB
0.0,0.0,siteB
0.0,0.0,siteB
0.0,0.0,siteB
0.0,0.0,siteB
0.0,0.0,siteB
0.0,0.0,siteB
0.0,0.0,siteB
0.0,0.0,siteB
0.0,0.0,siteB
0.0,0.0,siteB
0.0,0.0,siteB
0.0,0.0,siteB
0.0,0.0,siteB
0.0,0.0,siteB
0.0,0.0,siteB
0.0,0.0,siteB
0.0,0.0,siteB
0.0,0.0,siteB
0.0,0.0,siteB
0.0,0.0,siteB
0.0,0.0,siteB
0.0,0.0,siteB
0.0,0.0,siteB
0.0,0.0,siteB
0.0,0.0,siteB
0.0,0.0,siteB
0.0,0.0,siteB
0.0,0.0,siteB
0.0,0.0,siteB
0.0,0.0,siteB
0.0,0.0,siteB
0.0,0.0,siteB
0.0,0.0,siteB
0.0,0.0,siteB
0.0,0.0,siteB
0.0,0.0,siteB
0.0,0.0,siteB
0.0,0.0,siteB
0.0,0.0,siteB
0.0,0.0,siteB
0.0,0.0,siteB
0.0,0.0,siteB
0.0,0.0,siteB
0.0,0.0,siteB
0.0,0.0,siteB
0.0,0.0,siteB
0.0,0.0,siteB
0.0,0.0,siteB
0.0,0.0,siteB
0.0,0.0,siteB
0.0,0.0,siteB
0.0,0.0,siteB
0.0,0.0,siteB
0.0,0.0,siteB
0.0,0.0,siteB
0.0,0.0,siteB
0.0,0.0,siteB
0.0,0.0,siteB
0.0,0.0,siteB
0.0,0.0,siteB
0.0,0.0,siteB
0.0,0.0,siteB
0.0,0.0,siteB
0.0,0.0,siteB
0.0,0.0,siteB
0.0,0.0,siteB
0.0,0.0,siteB
0.0,0.0,siteB
0.0,0.0,siteB
0.0,0.0,siteB
0.0,0.0,siteB
0.0,0.0,siteB
0.0,0.0,siteB
0.0,0.0,siteB
0.0,0.0,siteB
0.0,0.0,siteB
0.0,0.0,siteB
0.0,0.0,siteB
0.0,0.0,siteB
0.0,0.0,siteB
0.0,0.0,siteB
0.0,0.0,siteB
0.0,0.0,siteB
0.0,0.0,siteB
0.0,0.0,siteB
0.0,0.0,siteB
0.0,0.0,siteB
0.0,0.0,siteB
0.0,0.0,siteB
0.0,0.0,siteB
0.0,0.0,siteB
0.0,0.0,siteB
0.0,0.0,siteB
0.0,0.0,siteB
0.0,0.0,siteB
0.0,0.0,siteB
0.0,0.0,siteB
0.0,0.0,siteB
0.0,0.0,siteB
0.0,0.0,siteB
0.0,0.0,siteB
0.0,0.0,siteB
0.0,0.0,siteB
0.0,0.0,siteB
0.0,0.0,siteB
0.0,0.0,siteB
0.0,0.0,siteB
0.0,0.0,siteB
0.0,0.0,siteB
0.0,0.0,siteB
0.0,0.0,siteB
0.0,0.0,siteB
0.0,0.0,siteB
0.0,0.0,siteB
0.0,0.0,siteB
0.0,0.0,siteB
0.0,0.0,siteB
0.0,0.0,siteB
0.0,0.0,siteB
0.0,0.0,siteB
0.0,0.0,siteB
0.0,0.0,siteB
0.0,0.0,siteB
0.0,0.0,siteB
0.0,0.0,siteB
0.0,0.0,siteB
0.0,0.0,siteB
0.0,0.0,siteB
0.0,0.0,siteB
0.0,0.0,siteB
0.0,0.0,siteB
0.0,0.0,siteB
0.0,0.0,siteB
0.0,0.0,siteB
0.0,0.0,siteB
0.0,0.0,siteB
0.0,0.0,siteB
0.0,0.0,siteB
0.0,0.0,siteB
0.0,0.0,siteB
0.0,0.0,siteB
0.0,0.0,siteB
0.0,0.0,siteB
0.0,0.0,siteB
0.0,0.0,siteB
0.0,0.0,siteB
0.0,0.0,siteB
0.0,0.0,siteB
0.0,0.0,siteB
0.0,0.0,siteB
0.0,0.0,siteB
0.0,0.0,siteB
0.0,0.0,siteB
0.0,0.0,siteB
0.0,0.0,siteB
0.0,0.0,siteB
0.0,0.0,siteB
0.0,0.0,siteB
0.0,0.0,siteB
0.0,0.0,siteB
0.0,0.0,siteB
0.0,0.0,siteB
0.0,0.0,siteB
0.0,0.0,siteB
0.0,0.0,siteB
0.0,0.0,siteB
0.0,0.0,siteB
0.0,0.0,siteB
0.0,0.0,siteB
0.0,0.0,siteB
0.0,0.0,siteB
0.0,0.0,siteB
0.0,0.0,siteB
0.0,0.0,siteB
0.0,0.0,siteB
0.0,0.0,siteB
0.0,0.0,siteB
0.0,0.0,siteB
0.0,0.0,siteB
0.0,0.0,siteB
0.0,0.0,siteB
0.0,0.0,siteB
0.0,0.0,siteB
0.0,0.0,siteB
0.0,0.0,siteB
0.0,0.0,siteB
0.0,0.0,siteB
0.0,0.0,siteB
0.0,0.0,siteB
0.0,0.0,siteB
0.0,0.0,siteB
0.0,0.0,siteB
0.0,0.0,siteB
0.0,0.0,siteB
0.0,0.0,siteB
0.0,0.0,siteB
0.0,0.0,siteB
0.0,0.0,siteB
0.0,0.0,siteB
0.0,0.0,siteB
0.0,0.0,siteB
0.0,0.0,siteB
0.0,0.0,siteB
0.0,0.0,siteB
0.0,0.0,siteB
0.0,0.0,siteB
0.0,0.0,siteB
0.0,0.0,siteB
0.0,0.0,siteB
0.0,0.0,siteB
0.0,0.0,siteB
0.0,0.0,siteB
0.0,0.0,siteB
0.0,0.0,siteB
0.0,0.0,siteB
0.0,0.0,siteB
0.0,0.0,siteB
0.0,0.0,siteB
0.0,0.0,siteB
0.0,0.0,siteB
0.0,0.0,siteB
0.0,0.0,siteB
0.0,0.0,siteB
0.0,0.0,siteB
0.0,0.0,siteB
0.0,0.0,siteB
0.0,0.0,siteB
0.0,0.0,siteB
0.0,0.0,siteB
0.0,0.0,siteB
0.0,0.0,siteB
0.0,0.0,siteB
0.0,0.0,siteB
0.0,0.0,siteB
0.0,0.0,siteB
0.0,0.0,siteB
0.0,0.0,siteB
0.0,0.0,siteB
0.0,0.0,siteB
0.0,0.0,siteB
0.0,0.0,siteB
0.0,0.0,siteB
0.0,0.0,siteB
0.0,0.0,siteB
0.0,0.0,siteB
0.0,0.0,siteB
0.0,0.0,siteB
0.0,0.0,siteB
0.0,0.0,siteB
0.0,0.0,siteB
0.0,0.0,siteB
0.0,0.0,siteB
0.0,0.0,siteB
0.0,0.0,siteB
0.0,0.0,siteB
0.0,0.0,siteB
0.0,0.0,siteB
0.0,0.0,siteB
0.0,0.0,siteB
0.0,0.0,siteB
0.0,0.0,siteB
0.0,0.0,siteB
0.0,0.0,siteB
0.0,0.0,siteB
0.0,0.0,siteB
0.0,0.0,siteB
0.0,0.0,siteB
0.0,0.0,siteB
0.0,0.0,siteB
0.0,0.0,siteB
0.0,0.0,siteB
0.0,0.0,siteB
0.0,0.0,siteB
0.0,0.0,siteB
0.0,0.0,siteB
0.0,0.0,siteB
0.0,0.0,siteB
0.0,0.0,siteB
0.0,0.0,siteB
0.0,0.0,siteB
0.0,0.0,siteB
0.0,0.0,siteB
0.0,0.0,siteB
0.0,0.0,siteB
0.0,0.0,siteB
0.0,0.0,siteB
0.0,0.0,siteB
0.0,0.0,siteB
0.0,0.0,siteB
0.0,0.0,siteB
0.0,0.0,siteB
0.0,0.0,siteB
0.0,0.0,siteB
0.0,0.0,siteB
0.0,0.0,siteB
0.0,0.0,siteB
0.0,0.0,siteB
0.0,0.0,siteB
0.0,0.0,siteB
0.0,0.0,siteB
0.0,0.0,siteB
0.0,0.0,siteB
0.0,0.0,siteB
0.0,0.0,siteB
0.0,0.0,siteB
0.0,0.0,siteB
0.0,0.0,siteB
0.0,0.0,siteB
0.0,0.0,siteB
0.0,0.0,siteB
0.0,0.0,siteB
0.0,0.0,siteB
0.0,0.0,siteB
0.0,0.0,siteB
0.0,0.0,siteB
0.0,0.0,siteB
0.0,0.0,siteB
0.0,0.0,siteB
0.0,0.0,siteB
0.0,0.0,siteB
0.0,0.0,siteB
0.0,0.0,siteB
0.0,0.0,siteB
0.0,0.0,siteB
0.0,0.0,siteB
0.0,0.0,siteB
0.0,0.0,siteB
0.0,0.0,siteB
0.0,0.0,siteB
0.0,0.0,siteB
0.0,0.0,siteB
0.0,0.0,siteB
0.0,0.0,siteB
0.0,0.0,siteB
0.0,0.0,siteB
0.0,0.0,siteB
0.0,0.0,siteB
0.0,0.0,siteB
0.0,0.0,siteB
0.0,0.0,siteB
0.0,0.0,siteB
0.0,0.0,siteB
0.0,0.0,siteB
0.0,0.0,siteB
0.0,0.0,siteB
0.0,0.0,siteB
0.0,0.0,siteB
0.0,0.0,siteB
0.0,0.0,siteB
0.0,0.0,siteB
0.0,0.0,siteB
0.0,0.0,siteB
0.0,0.0,siteB
0.0,0.0,siteB
0.0,0.0,siteB
0.0,0.0,siteB
0.0,0.0,siteB
0.0,0.0,siteB
0.0,0.0,siteB
0.0,0.0,siteB
0.0,0.0,siteB
0.0,0.0,siteB
0.0,0.0,siteB
0.0,0.0,siteB
0.0,0.0,siteB
0.0,0.0,siteB
0.0,0.0,siteB
0.0,0.0,siteB
0.0,0.0,siteB
0.0,0.0,siteB
0.0,0.0,siteB
0.0,0.0,siteB
0.0,0.0,siteB
0.0,0.0,siteB
0.0,0.0,siteB
0.0,0.0,siteB
0.0,0.0,siteB
0.0,0.0,siteB
0.0,0.0,siteB
0.0,0.0,siteB
0.0,0.0,siteB
0.0,0.0,siteB
0.0,0.0,siteB
0.0,0.0,siteB
0.0,0.0,siteB
0.0,0.0,siteB
0.0,0.0,siteB
0.0,0.0,siteB
0.0,0.0,siteB
0.0,0.0,siteB
0.0,0.0,siteB
0.0,0.0,siteB
0.0,0.0,siteB
0.0,0.0,siteB
0.0,0.0,siteB
0.0,0.0,siteB
0.0,0.0,siteB
0.0,0.0,siteB
0.0,0.0,siteB
0.0,0.0,siteB
0.0,0.0,siteB
0.0,0.0,siteB
0.0,0.0,siteB
0.0,0.0,siteB
0.0,0.0,siteB
0.0,0.0,siteB
0.0,0.0,siteB
0.0,0.0,siteB
0.0,0.0,siteB
0.0,0.0,siteB
0.0,0.0,siteB
0.0,0.0,siteB
0.0,0.0,siteB
0.0,0.0,siteB
0.0,0.0,siteB
0.0,0.0,siteB
0.0,0.0,siteB
0.0,0.0,siteB
0.0,0.0,siteB
0.0,0.0,siteB
0.0,0.0,siteB
0.0,0.0,siteB
0.0,0.0,siteB
0.0,0.0,siteB
0.0,0.0,siteB
0.0,0.0,siteB
0.0,0.0,siteB
0.0,0.0,siteB
0.0,0.0,siteB
0.0,0.0,siteB
0.0,0.0,siteB
0.0,0.0,siteB
0.0,0.0,siteB
0.0,0.0,siteB
0.0,0.0,siteB
0.0,0.0,siteB
0.0,0.0,siteB
0.0,0.0,siteB
0.0,0.0,siteB
0.0,0.0,siteB
0.0,0.0,siteB
0.0,0.0,siteB
0.0,0.0,siteB
0.0,0.0,siteB
0.0,0.0,siteB
0.0,0.0,siteB
0.0,0.0,siteB
0.0,0.0,siteB
0.0,0.0,siteB
0.0,0.0,siteB
0.0,0.0,siteB
0.0,0.0,siteB
0.0,0.0,siteB
0.0,0.0,siteB
0.0,0.0,siteB
0.0,0.0,siteB
0.0,0.0,siteB
0.0,0.0,siteB
0.0,0.0,siteB
0.0,0.0,siteB
0.0,0.0,siteB
0.0,0.0,siteB
0.0,0.0,siteB
0.0,0.0,siteB
0.0,0.0,siteB
0.0,0.0,siteB
0.0,0.0,siteB
0.0,0.0,siteB
0.0,0.0,siteB
0.0,0.0,siteB
0.0,0.0,siteB
0.0,0.0,siteB
0.0,0.0,siteB
0.0,0.0,siteB
0.0,0.0,siteB
0.0,0.0,siteB
0.0,0.0,siteB
0.0,0.0,siteB
0.0,0.0,siteB
0.0,0.0,siteB
0.0,0.0,siteB
0.0,0.0,siteB
0.0,0.0,siteB
0.0,0.0,siteB
0.0,0.0,siteB
0.0,0.0,siteB
0.0,0.0,siteB
0.0,0.0,siteB
0.0,0.0,siteB
0.0,0.0,siteB
0.0,0.0,siteB
0.0,0.0,siteB
0.0,0.0,siteB
0.0,0.0,siteB
0.0,0.0,siteB
0.0,0.0,siteB
0.0,0.0,siteB
0.0,0.0,siteB
0.0,0.0,siteB
0.0,0.0,siteB
0.0,0.0,siteB
0.0,0.0,siteB
0.0,0.0,siteB
0.0,0.0,siteB
0.0,0.0,siteB
0.0,0.0,siteB
0.0,0.0,siteB
0.0,0.0,siteB
0.0,0.0,siteB
0.0,0.0,siteB
0.0,0.0,siteB
0.0,0.0,siteB
0.0,0.0,siteB
0.0,0.0,siteB
0.0,0.0,siteB
0.0,0.0,siteB
0.0,0.0,siteB
0.0,0.0,siteB
0.0,0.0,siteB
0.0,0.0,siteB
0.0,0.0,siteB
0.0,0.0,siteB
0.0,0.0,siteB
0.0,0.0,siteB
0.0,0.0,siteB
0.0,0.0,siteB
0.0,0.0,siteB
0.0,0.0,siteB
0.0,0.0,siteB
0.0,0.0,siteB
0.0,0.0,siteB
0.0,0.0,siteB
0.0,0.0,siteB
0.0,0.0,siteB
0.0,0.0,siteB
0.0,0.0,siteB
0.0,0.0,siteB
0.0,0.0,siteB
0.0,0.0,siteB
0.0,0.0,siteB
0.0,0.0,siteB
0.0,0.0,siteB
0.0,0.0,siteB
0.0,0.0,siteB
0.0,0.0,siteB
0.0,0.0,siteB
0.0,0.0,siteB
0.0,0.0,siteB
0.0,0.0,siteB
0.0,0.0,siteB
0.0,0.0,siteB
0.0,0.0,siteB
0.0,0.0,siteB
0.0,0.0,siteB
0.0,0.0,siteB
0.0,0.0,siteB
0.0,0.0,siteB
0.0,0.0,siteB
0.0,0.0,siteB
0.0,0.0,siteB
0.0,0.0,siteB
0.0,0.0,siteB
0.0,0.0,siteB
0.0,0.0,siteB
0.0,0.0,siteB
0.0,0.0,siteB
0.0,0.0,siteB
0.0,0.0,siteB
0.0,0.0,siteB
0.0,0.0,siteB
0.0,0.0,siteB
0.0,0.0,siteB
0.0,0.0,siteB
0.0,0.0,siteB
0.0,0.0,siteB
0.0,0.0,siteB
0.0,0.0,siteB
0.0,0.0,siteB
0.0,0.0,siteB
0.0,0.0,siteB
0.0,0.0,siteB
0.0,0.0,siteB
0.0,0.0,siteB
0.0,0.0,siteB
0.0,0.0,siteB
0.0,0.0,siteB
0.0,0.0,siteB
0.0,0.0,siteB
0.0,0.0,siteB
0.0,0.0,siteB
0.0,0.0,siteB
0.0,0.0,siteB
0.0,0.0,siteB
0.0,0.0,siteB
0.0,0.0,siteB
0.0,0.0,siteB
0.0,0.0,siteB
0.0,0.0,siteB
0.0,0.0,siteB
0.0,0.0,siteB
0.0,0.0,siteB
0.0,0.0,siteB
0.0,0.0,siteB
0.0,0.0,siteB
0.0,0.0,siteB
0.0,0.0,siteB
0.0,0.0,siteB
0.0,0.0,siteB
0.0,0.0,siteB
0.0,0.0,siteB
0.0,0.0,siteB
0.0,0.0,siteB
0.0,0.0,siteB
0.0,0.0,siteB
0.0,0.0,siteB
0.0,0.0,siteB
0.0,0.0,siteB
0.0,0.0,siteB
0.0,0.0,siteB
0.0,0.0,siteB
0.0,0.0,siteB
0.0,0.0,siteB
0.0,0.0,siteB
0.0,0.0,siteB
0.0,0.0,siteB
0.0,0.0,siteB
0.0,0.0,siteB
0.0,0.0,siteB
0.0,0.0,siteB
0.0,0.0,siteB
0.0,0.0,siteB
0.0,0.0,siteB
0.0,0.0,siteB
0.0,0.0,siteB
0.0,0.0,siteB
0.0,0.0,siteB
0.0,0.0,siteB
0.0,0.0,siteB
0.0,0.0,siteB
0.0,0.0,siteB
0.0,0.0,siteB
0.0,0.0,siteB
0.0,0.0,siteB
0.0,0.0,siteB
0.0,0.0,siteB
0.0,0.0,siteB
0.0,0.0,siteB
0.0,0.0,siteB
0.0,0.0,siteB
0.0,0.0,siteB
0.0,0.0,siteB
0.0,0.0,siteB
0.0,0.0,siteB
0.0,0.0,siteB
0.0,0.0,siteB
0.0,0.0,siteB
0.0,0.0,siteB
0.0,0.0,siteB
0.0,0.0,siteB
0.0,0.0,siteB
0.0,0.0,siteB
0.0,0.0,siteB
0.0,0.0,siteB
0.0,0.0,siteB
0.0,0.0,siteB
0.0,0.0,siteB
0.0,0.0,siteB
0.0,0.0,siteB
0.0,0.0,siteB
0.0,0.0,siteB
0.0,0.0,siteB
0.0,0.0,siteB
0.0,0.0,siteB
0.0,0.0,siteB
0.0,0.0,siteB
0.0,0.0,siteB
0.0,0.0,siteB
0.0,0.0,siteB
0.0,0.0,siteB
0.0,0.0,siteB
0.0,0.0,siteB
0.0,0.0,siteB
0.0,0.0,siteB
0.0,0.0,siteB
0.0,0.0,siteB
0.0,0.0,siteB
0.0,0.0,siteB
0.0,0.0,siteB
0.0,0.0,siteB
0.0,0.0,siteB
0.0,0.0,siteB
0.0,0.0,siteB
0.0,0.0,siteB
0.0,0.0,siteB
0.0,0.0,siteB
0.0,0.0,siteB
0.0,0.0,siteB
0.0,0.0,siteB
0.0,0.0,siteB
0.0,0.0,siteB
0.0,0.0,siteB
0.0,0.0,siteB
0.0,0.0,siteB
0.0,0.0,siteB
0.0,0.0,siteB
0.0,0.0,siteB
0.0,0.0,siteB
0.0,0.0,siteB
0.0,0.0,siteB
0.0,0.0,siteB
0.0,0.0,siteB
0.0,0.0,siteB
0.0,0.0,siteB
0.0,0.0,siteB
0.0,0.0,siteB
0.0,0.0,siteB
0.0,0.0,siteB
0.0,0.0,siteB
0.0,0.0,siteB
0.0,0.0,siteB
0.0,0.0,siteB
0.0,0.0,siteB
0.0,0.0,siteB
0.0,0.0,siteB
0.0,0.0,siteB
0.0,0.0,siteB
0.0,0.0,siteB
0.0,0.0,siteB
0.0,0.0,siteB
0.0,0.0,siteB
0.0,0.0,siteB
0.0,0.0,siteB
0.0,0.0,siteB
0.0,0.0,siteB
0.0,0.0,siteB
0.0,0.0,siteB
0.0,0.0,siteB
0.0,0.0,siteB
0.0,0.0,siteB
0.0,0.0,siteB
0.0,0.0,siteB
0.0,0.0,siteB
0.0,0.0,siteB
0.0,0.0,siteB
0.0,0.0,siteB
0.0,0.0,siteB
0.0,0.0,siteB
0.0,0.0,siteB
0.0,0.0,siteB
0.0,0.0,siteB
0.0,0.0,siteB
0.0,0.0,siteB
0.0,0.0,siteB
0.0,0.0,siteB
0.0,0.0,siteB
0.0,0.0,siteB
0.0,0.0,siteB
0.0,0.0,siteB
0.0,0.0,siteB
0.0,0.0,siteB
0.0,0.0,siteB
0.0,0.0,siteB
0.0,0.0,siteB
0.0,0.0,siteB
0.0,0.0,siteB
0.0,0.0,siteB
0.0,0.0,siteB
0.0,0.0,siteB
0.0,0.0,siteB
0.0,0.0,siteB
0.0,0.0,siteB
0.0,0.0,siteB
0.0,0.0,siteB
0.0,0.0,siteB
0.0,0.0,siteB
0.0,0.0,siteB
0.0,0.0,siteB
0.0,0.0,siteB
0.0,0.0,siteB
0.0,0.0,siteB
0.0,0.0,siteB
0.0,0.0,siteB
0.0,0.0,siteB
0.0,0.0,siteB
0.0,0.0,siteB
0.0,0.0,siteB
0.0,0.0,siteB
0.0,0.0,siteB
0.0,0.0,siteB
0.0,0.0,siteB
0.0,0.0,siteB
0.0,0.0,siteB
0.0,0.0,siteB
0.0,0.0,siteB
0.0,0.0,siteB
0.0,0.0,siteB
0.0,0.0,siteB
0.0,0.0,siteB
0.0,0.0,siteB
0.0,0.0,siteB
0.0,0.0,siteB
0.0,0.0,siteB
0.0,0.0,siteB
0.0,0.0,siteB
0.0,0.0,siteB
0.0,0.0,siteB
0.0,0.0,siteB
0.0,0.0,siteB
0.0,0.0,siteB
0.0,0.0,siteB
0.0,0.0,siteB
0.0,0.0,siteB
0.0,0.0,siteB
0.0,0.0,siteB
0.0,0.0,siteB
0.0,0.0,siteB
0.0,0.0,siteB
0.0,0.0,siteB
0.0,0.0,siteB
0.0,0.0,siteB
0.0,0.0,siteB
0.0,0.0,siteB
0.0,0.0,siteB
0.0,0.0,siteB
0.0,0.0,siteB
0.0,0.0,siteB
0.0,0.0,siteB
0.0,0.0,siteB
0.0,0.0,siteB
0.0,0.0,siteB
0.0,0.0,siteB
0.0,0.0,siteB
0.0,0.0,siteB
0.0,0.0,siteB
0.0,0.0,siteB
0.0,0.0,siteB
0.0,0.0,siteB
0.0,0.0,siteB
0.0,0.0,siteB
0.0,0.0,siteB
0.0,0.0,siteB
0.0,0.0,siteB
0.0,0.0,siteB
0.0,0.0,siteB
0.0,0.0,siteB
0.0,0.0,siteB
0.0,0.0,siteB
0.0,0.0,siteB
0.0,0.0,siteB
0.0,0.0,siteB
0.0,0.0,siteB
0.0,0.0,siteB
0.0,0.0,siteB
0.0,0.0,siteB
0.0,0.0,siteB
0.0,0.0,siteB
0.0,0.0,siteB
0.0,0.0,siteB
0.0,0.0,siteB
0.0,0.0,siteB
0.0,0.0,siteB
0.0,0.0,siteB
0.0,0.0,siteB
0.0,0.0,siteB
0.0,0.0,siteB
0.0,0.0,siteB
0.0,0.0,siteB
0.0,0.0,siteB
0.0,0.0,siteB
0.0,0.0,siteB
0.0,0.0,siteB
0.0,0.0,siteB
0.0,0.0,siteB
0.0,0.0,siteB
0.0,0.0,siteB
0.0,0.0,siteB
0.0,0.0,siteB
0.0,0.0,siteB
0.0,0.0,siteB
0.0,0.0,siteB
0.0,0.0,siteB
0.0,0.0,siteB
0.0,0.0,siteB
0.0,0.0,siteB
0.0,0.0,siteB
0.0,0.0,siteB
0.0,0.0,siteB
0.0,0.0,siteB
0.0,0.0,siteB
0.0,0.0,siteB
0.0,0.0,siteB
0.0,0.0,siteB
0.0,0.0,siteB
0.0,0.0,siteB
0.0,0.0,siteB
0.0,0.0,siteB
0.0,0.0,siteB
0.0,0.0,siteB
0.0,0.0,siteB
0.0,0.0,siteB
0.0,0.0,siteB
0.0,0.0,siteB
0.0,0.0,siteB
0.0,0.0,siteB
0.0,0.0,siteB
0.0,0.0,siteB
0.0,0.0,siteB
0.0,0.0,siteB
0.0,0.0,siteB
0.0,0.0,siteB
0.0,0.0,siteB
0.0,0.0,siteB
0.0,0.0,siteB
0.0,0.0,siteB
0.0,0.0,siteB
0.0,0.0,siteB
0.0,0.0,siteB
0.0,0.0,siteB
0.0,0.0,siteB
0.0,0.0,siteB
0.0,0.0,siteB
0.0,0.0,siteB
0.0,0.0,siteB
0.0,0.0,siteB
0.0,0.0,siteB
0.0,0.0,siteB
0.0,0.0,siteB
0.0,0.0,siteB
0.0,0.0,siteB
0.0,0.0,siteB
0.0,0.0,siteB
0.0,0.0,siteB
0.0,0.0,siteB
0.0,0.0,siteB
0.0,0.0,siteB
0.0,0.0,siteB
0.0,0.0,siteB
0.0,0.0,siteB
0.0,0.0,siteB
0.0,0.0,siteB
0.0,0.0,siteB
0.0,0.0,siteB
0.0,0.0,siteB
0.0,0.0,siteB
0.0,0.0,siteB
0.0,0.0,siteB
0.0,0.0,siteB
0.0,0.0,siteB
0.0,0.0,siteB
0.0,0.0,siteB
0.0,0.0,siteB
0.0,0.0,siteB
0.0,0.0,siteB
0.0,0.0,siteB
0.0,0.0,siteB
0.0,0.0,siteB
0.0,0.0,siteB
0.0,0.0,siteB
0.0,0.0,siteB
0.0,0.0,siteB
0.0,0.0,siteB
0.0,0.0,siteB
0.0,0.0,siteB
0.0,0.0,siteB
0.0,0.0,siteB
0.0,0.0,siteB
0.0,0.0,siteB
0.0,0.0,siteB
0.0,0.0,siteB
0.0,0.0,siteB
0.0,0.0,siteB
0.0,0.0,siteB
0.0,0.0,siteB
0.0,0.0,siteB
0.0,0.0,siteB
0.0,0.0,siteB
0.0,0.0,siteB
0.0,0.0,siteB
0.0,0.0,siteB
0.0,0.0,siteB
0.0,0.0,siteB
0.0,0.0,siteB
0.0,0.0,siteB
0.0,0.0,siteB
0.0,0.0,siteB
0.0,0.0,siteB
0.0,0.0,siteB
0.0,0.0,siteB
0.0,0.0,siteB
0.0,0.0,siteB
0.0,0.0,siteB
0.0,0.0,siteB
0.0,0.0,siteB
0.0,0.0,siteB
0.0,0.0,siteB
0.0,0.0,siteB
0.0,0.0,siteB
0.0,0.0,siteB
0.0,0.0,siteB
0.0,0.0,siteB
0.0,0.0,siteB
0.0,0.0,siteB
0.0,0.0,siteB
0.0,0.0,siteB
0.0,0.0,siteB
0.0,0.0,siteB
0.0,0.0,siteB
0.0,0.0,siteB
0.0,0.0,siteB
0.0,0.0,siteB
0.0,0.0,siteB
0.0,0.0,siteB
0.0,0.0,siteB
0.0,0.0,siteB
0.0,0.0,siteB
0.0,0.0,siteB
0.0,0.0,siteB
0.0,0.0,siteB
0.0,0.0,siteB
0.0,0.0,siteB
0.0,0.0,siteB
0.0,0.0,siteB
0.0,0.0,siteB
0.0,0.0,siteB
0.0,0.0,siteB
0.0,0.0,siteB
0.0,0.0,siteB
0.0,0.0,siteB
0.0,0.0,siteB
0.0,0.0,siteB
0.0,0.0,siteB
0.0,0.0,siteB
0.0,0.0,siteB
0.0,0.0,siteB
0.0,0.0,siteB
0.0,0.0,siteB
0.0,0.0,siteB
0.0,0.0,siteB
0.0,0.0,siteB
0.0,0.0,siteB
0.0,0.0,siteB
0.0,0.0,siteB
0.0,0.0,siteB
0.0,0.0,siteB
0.0,0.0,siteB
0.0,0.0,siteB
0.0,0.0,siteB
0.0,0.0,siteB
0.0,0.0,siteB
0.0,0.0,siteB
0.0,0.0,siteB
0.0,0.0,siteB
0.0,0.0,siteB
0.0,0.0,siteB
0.0,0.0,siteB
0.0,0.0,siteB
0.0,0.0,siteB
0.0,0.0,siteB
0.0,0.0,siteB
0.0,0.0,siteB
0.0,0.0,siteB
0.0,0.0,siteB
0.0,0.0,siteB
0.0,0.0,siteB
0.0,0.0,siteB
0.0,0.0,siteB
0.0,0.0,siteB
0.0,0.0,siteB
0.0,0.0,siteB
0.0,0.0,siteB
0.0,0.0,siteB
0.0,0.0,siteB
0.0,0.0,siteB
0.0,0.0,siteB
0.0,0.0,siteB
0.0,0.0,siteB
0.0,0.0,siteB
0.0,0.0,siteB
0.0,0.0,siteB
0.0,0.0,siteB
0.0,0.0,siteB
0.0,0.0,siteB
0.0,0.0,siteB
0.0,0.0,siteB
0.0,0.0,siteB
0.0,0.0,siteB
0.0,0.0,siteB
0.0,0.0,siteB
0.0,0.0,siteB
0.0,0.0,siteB
0.0,0.0,siteB
0.0,0.0,siteB
0.0,0.0,siteB
0.0,0.0,siteB
0.0,0.0,siteB
0.0,0.0,siteB
0.0,0.0,siteB
0.0,0.0,siteB
0.0,0.0,siteB
0.0,0.0,siteB
0.0,0.0,siteB
0.0,0.0,siteB
0.0,0.0,siteB
0.0,0.0,siteB
0.0,0.0,siteB
0.0,0.0,siteB
0.0,0.0,siteB
0.0,0.0,siteB
0.0,0.0,siteB
0.0,0.0,siteB
0.0,0.0,siteB
0.0,0.0,siteB
0.0,0.0,siteB
0.0,0.0,siteB
0.0,0.0,siteB
0.0,0.0,siteB
0.0,0.0,siteB
0.0,0.0,siteB
0.0,0.0,siteB
0.0,0.0,siteB
0.0,0.0,siteB
0.0,0.0,siteB
0.0,0.0,siteB
0.0,0.0,siteB
0.0,0.0,siteB
0.0,0.0,siteB
0.0,0.0,siteB
0.0,0.0,siteB
0.0,0.0,siteB
0.0,0.0,siteB
0.0,0.0,siteB
0.0,0.0,siteB
0.0,0.0,siteB
0.0,0.0,siteB
0.0,0.0,siteB
0.0,0.0,siteB
0.0,0.0,siteB
0.0,0.0,siteB
0.0,0.0,siteB
0.0,0.0,siteB
0.0,0.0,siteB
0.0,0.0,siteB
0.0,0.0,siteB
0.0,0.0,siteB
0.0,0.0,siteB
0.0,0.0,siteB
0.0,0.0,siteB
0.0,0.0,siteB
0.0,0.0,siteB
0.0,0.0,siteB
0.0,0.0,siteB
0.0,0.0,siteB
0.0,0.0,siteB
0.0,0.0,siteB
0.0,0.0,siteB
0.0,0.0,siteB
0.0,0.0,siteB
0.0,0.0,siteB
0.0,0.0,siteB
0.0,0.0,siteB
0.0,0.0,siteB
0.0,0.0,siteB
0.0,0.0,siteB
0.0,0.0,siteB
0.0,0.0,siteB
0.0,0.0,siteB
0.0,0.0,siteB
0.0,0.0,siteB
0.0,0.0,siteB
0.0,0.0,siteB
0.0,0.0,siteB
0.0,0.0,siteB
0.0,0.0,siteB
0.0,0.0,siteB
0.0,0.0,siteB
0.0,0.0,siteB
0.0,0.0,siteB
0.0,0.0,siteB
0.0,0.0,siteB
0.0,0.0,siteB
0.0,0.0,siteB
0.0,0.0,siteB
0.0,0.0,siteB
0.0,0.0,siteB
0.0,0.0,siteB
0.0,0.0,siteB
0.0,0.0,siteB
0.0,0.0,siteB
0.0,0.0,siteB
0.0,0.0,siteB
0.0,0.0,siteB
0.0,0.0,siteB
0.0,0.0,siteB
0.0,0.0,siteB
0.0,0.0,siteB
0.0,0.0,siteB
0.0,0.0,siteB
0.0,0.0,siteB
0.0,0.0,siteB
0.0,0.0,siteB
0.0,0.0,siteB
0.0,0.0,siteB
0.0,0.0,siteB
0.0,0.0,siteB
0.0,0.0,siteB
0.0,0.0,siteB
0.0,0.0,siteB
0.0,0.0,siteB
0.0,0.0,siteB
0.0,0.0,siteB
0.0,0.0,siteB
0.0,0.0,siteB
0.0,0.0,siteB
0.0,0.0,siteB
0.0,0.0,siteB
0.0,0.0,siteB
0.0,0.0,siteB
0.0,0.0,siteB
0.0,0.0,siteB
0.0,0.0,siteB
0.0,0.0,siteB
0.0,0.0,siteB
0.0,0.0,siteB
0.0,0.0,siteB
0.0,0.0,siteB
0.0,0.0,siteB
0.0,0.0,siteB
0.0,0.0,siteB
0.0,0.0,siteB
0.0,0.0,siteB
0.0,0.0,siteB
0.0,0.0,siteB
0.0,0.0,siteB
0.0,0.0,siteB
0.0,0.0,siteB
0.0,0.0,siteB
0.0,0.0,siteB
0.0,0.0,siteB
0.0,0.0,siteB
0.0,0.0,siteB
0.0,0.0,siteB
0.0,0.0,siteB
0.0,0.0,siteB
0.0,0.0,siteB
0.0,0.0,siteB
0.0,0.0,siteB
0.0,0.0,siteB
0.0,0.0,siteB
0.0,0.0,siteB
0.0,0.0,siteB
0.0,0.0,siteB
0.0,0.0,siteB
0.0,0.0,siteB
0.0,0.0,siteB
0.0,0.0,siteB
0.0,0.0,siteB
0.0,0.0,siteB
0.0,0.0,siteB
0.0,0.0,siteB
0.0,0.0,siteB
0.0,0.0,siteB
0.0,0.0,siteB
0.0,0.0,siteB
0.0,0.0,siteB
0.0,0.0,siteB
0.0,0.0,siteB
0.0,0.0,siteB
0.0,0.0,siteB
0.0,0.0,siteB
0.0,0.0,siteB
0.0,0.0,siteB
0.0,0.0,siteB
0.0,0.0,siteB
0.0,0.0,siteB
0.0,0.0,siteB
0.0,0.0,siteB
0.0,0.0,siteB
0.0,0.0,siteB
0.0,0.0,siteB
0.0,0.0,siteB
0.0,0.0,siteB
0.0,0.0,siteB
0.0,0.0,siteB
0.0,0.0,siteB
0.0,0.0,siteB
0.0,0.0,siteB
0.0,0.0,siteB
0.0,0.0,siteB
0.0,0.0,siteB
0.0,0.0,siteB
0.0,0.0,siteB
0.0,0.0,siteB
0.0,0.0,siteB
0.0,0.0,siteB
0.0,0.0,siteB
0.0,0.0,siteB
0.0,0.0,siteB
0.0,0.0,siteB
0.0,0.0,siteB
0.0,0.0,siteB
0.0,0.0,siteB
0.0,0.0,siteB
0.0,0.0,siteB
0.0,0.0,siteB
0.0,0.0,siteB
0.0,0.0,siteB
0.0,0.0,siteB
0.0,0.0,siteB
0.0,0.0,siteB
0.0,0.0,siteB
0.0,0.0,siteB
0.0,0.0,siteB
0.0,0.0,siteB
0.0,0.0,siteB
0.0,0.0,siteB
0.0,0.0,siteB
0.0,0.0,siteB
0.0,0.0,siteB
0.0,0.0,siteB
0.0,0.0,siteB
0.0,0.0,siteB
0.0,0.0,siteB
0.0,0.0,siteB
0.0,0.0,siteB
0.0,0.0,siteB
0.0,0.0,siteB
0.0,0.0,siteB
0.0,0.0,siteB
0.0,0.0,siteB
0.0,0.0,siteB
0.0,0.0,siteB
0.0,0.0,siteB
0.0,0.0,siteB
0.0,0.0,siteB
0.0,0.0,siteB
0.0,0.0,siteB
0.0,0.0,siteB
0.0,0.0,siteB
0.0,0.0,siteB
0.0,0.0,siteB
0.0,0.0,siteB
0.0,0.0,siteB
0.0,0.0,siteB
0.0,0.0,siteB
0.0,0.0,siteB
0.0,0.0,siteB
0.0,0.0,siteB
0.0,0.0,siteB
0.0,0.0,siteB
0.0,0.0,siteB
0.0,0.0,siteB
0.0,0.0,siteB
0.0,0.0,siteB
0.0,0.0,siteB
0.0,0.0,siteB
0.0,0.0,siteB
0.0,0.0,siteB
0.0,0.0,siteB
0.0,0.0,siteB
0.0,0.0,siteB
0.0,0.0,siteB
0.0,0.0,siteB
0.0,0.0,siteB
0.0,0.0,siteB
0.0,0.0,siteB
0.0,0.0,siteB
0.0,0.0,siteB
0.0,0.0,siteB
0.0,0.0,siteB
0.0,0.0,siteB
0.0,0.0,siteB
0.0,0.0,siteB
0.0,0.0,siteB
0.0,0.0,siteB
0.0,0.0,siteB
0.0,0.0,siteB
0.0,0.0,siteB
0.0,0.0,siteB
0.0,0.0,siteB
0.0,0.0,siteB
0.0,0.0,siteB
0.0,0.0,siteB
0.0,0.0,siteB
0.0,0.0,siteB
0.0,0.0,siteB
0.0,0.0,siteB
0.0,0.0,siteB
0.0,0.0,siteB
0.0,0.0,siteB
0.0,0.0,siteB
0.0,0.0,siteB
0.0,0.0,siteB
0.0,0.0,siteB
0.0,0.0,siteB
0.0,0.0,siteB
0.0,0.0,siteB
0.0,0.0,siteB
0.0,0.0,siteB
0.0,0.0,siteB
0.0,0.0,siteB
0.0,0.0,siteB
0.0,0.0,siteB
0.0,0.0,siteB
0.0,0.0,siteB
0.0,0.0,siteB
0.0,0.0,siteB
0.0,0.0,siteB
0.0,0.0,siteB
0.0,0.0,siteB
0.0,0.0,siteB
0.0,0.0,siteB
0.0,0.0,siteB
0.0,0.0,siteB
0.0,0.0,siteB
0.0,0.0,siteB
0.0,0.0,siteB
0.0,0.0,siteB
0.0,0.0,siteB
0.0,0.0,siteB
0.0,0.0,siteB
0.0,0.0,siteB
0.0,0.0,siteB
0.0,0.0,siteB
0.0,0.0,siteB
0.0,0.0,siteB
0.0,0.0,siteB
0.0,0.0,siteB
0.0,0.0,siteB
0.0,0.0,siteB
0.0,0.0,siteB
0.0,0.0,siteB
0.0,0.0,siteB
0.0,0.0,siteB
0.0,0.0,siteB
0.0,0.0,siteB
0.0,0.0,siteB
0.0,0.0,siteB
0.0,0.0,siteB
0.0,0.0,siteB
0.0,0.0,siteB
0.0,0.0,siteB
0.0,0.0,siteB
0.0,0.0,siteB
0.0,0.0,siteB
0.0,0.0,siteB
0.0,0.0,siteB
0.0,0.0,siteB
0.0,0.0,siteB
0.0,0.0,siteB
0.0,0.0,siteB
0.0,0.0,siteB
0.0,0.0,siteB
0.0,0.0,siteB
0.0,0.0,siteB
0.0,0.0,siteB
0.0,0.0,siteB
0.0,0.0,siteB
0.0,0.0,siteB
0.0,0.0,siteB
0.0,0.0,siteB
0.0,0.0,siteB
0.0,0.0,siteB
0.0,0.0,siteB
0.0,0.0,siteB
0.0,0.0,siteB
0.0,0.0,siteB
0.0,0.0,siteB
0.0,0.0,siteB
0.0,0.0,siteB
0.0,0.0,siteB
0.0,0.0,siteB
0.0,0.0,siteB
0.0,0.0,siteB
0.0,0.0,siteB
0.0,0.0,siteB
0.0,0.0,siteB
0.0,0.0,siteB
0.0,0.0,siteB
0.0,0.0,siteB
0.0,0.0,siteB
0.0,0.0,siteB
0.0,0.0,siteB
0.0,0.0,siteB
0.0,0.0,siteB
0.0,0.0,siteB
0.0,0.0,siteB
0.0,0.0,siteB
0.0,0.0,siteB
0.0,0.0,siteB
0.0,0.0,siteB
0.0,0.0,siteB
0.0,0.0,siteB
0.0,0.0,siteB
0.0,0.0,siteB
0.0,0.0,siteB
0.0,0.0,siteB
0.0,0.0,siteB
0.0,0.0,siteB
0.0,0.0,siteB
0.0,0.0,siteB
0.0,0.0,siteB
0.0,0.0,siteB
0.0,0.0,siteB
0.0,0.0,siteB
0.0,0.0,siteB
0.0,0.0,siteB
0.0,0.0,siteB
0.0,0.0,siteB
0.0,0.0,siteB
0.0,0.0,siteB
0.0,0.0,siteB
0.0,0.0,siteB
0.0,0.0,siteB
0.0,0.0,siteB
0.0,0.0,siteB
0.0,0.0,siteB
0.0,0.0,siteB
0.0,0.0,siteB
0.0,0.0,siteB
0.0,0.0,siteB
0.0,0.0,siteB
0.0,0.0,siteB
0.0,0.0,siteB
0.0,0.0,siteB
0.0,0.0,siteB
0.0,0.0,siteB
0.0,0.0,siteB
0.0,0.0,siteB
0.0,0.0,siteB
0.0,0.0,siteB
0.0,0.0,siteB
0.0,0.0,siteB
0.0,0.0,siteB
0.0,0.0,siteB
0.0,0.0,siteB
0.0,0.0,siteB
0.0,0.0,siteB
0.0,0.0,siteB
0.0,0.0,siteB
0.0,0.0,siteB
0.0,0.0,siteB
0.0,0.0,siteB
0.0,0.0,siteB
0.0,0.0,siteB
0.0,0.0,siteB
0.0,0.0,siteB
0.0,0.0,siteB
0.0,0.0,siteB
0.0,0.0,siteB
0.0,0.0,siteB
0.0,0.0,siteB
0.0,0.0,siteB
0.0,0.0,siteB
0.0,0.0,siteB
0.0,0.0,siteB
0.0,0.0,siteB
0.0,0.0,siteB
0.0,0.0,siteB
0.0,0.0,siteB
0.0,0.0,siteB
0.0,0.0,siteB
0.0,0.0,siteB
0.0,0.0,siteB
0.0,0.0,siteB
0.0,0.0,siteB
0.0,0.0,siteB
0.0,0.0,siteB
0.0,0.0,siteB
0.0,0.0,siteB
0.0,0.0,siteB
0.0,0.0,siteB
0.0,0.0,siteB
0.0,0.0,siteB
0.0,0.0,siteB
0.0,0.0,siteB
0.0,0.0,siteB
0.0,0.0,siteB
0.0,0.0,siteB
0.0,0.0,siteB
0.0,0.0,siteB
0.0,0.0,siteB
0.0,0.0,siteB
0.0,0.0,siteB
0.0,0.0,siteB
0.0,0.0,siteB
0.0,0.0,siteB
0.0,0.0,siteB
0.0,0.0,siteB
0.0,0.0,siteB
0.0,0.0,siteB
0.0,0.0,siteB
0.0,0.0,siteB
0.0,0.0,siteB
0.0,0.0,siteB
0.0,0.0,siteB
0.0,0.0,siteB
0.0,0.0,siteB
0.0,0.0,siteB
0.0,0.0,siteB
0.0,0.0,siteB
0.0,0.0,siteB
0.0,0.0,siteB
0.0,0.0,siteB
0.0,0.0,siteB
0.0,0.0,siteB
0.0,0.0,siteB
0.0,0.0,siteB
0.0,0.0,siteB
0.0,0.0,siteB
0.0,0.0,siteB
0.0,0.0,siteB
0.0,0.0,siteB
0.0,0.0,siteB
0.0,0.0,siteB
0.0,0.0,siteB
0.0,0.0,siteB
0.0,0.0,siteB
0.0,0.0,siteB
0.0,0.0,siteB
0.0,0.0,siteB
0.0,0.0,siteB
0.0,0.0,siteB
0.0,0.0,siteB
0.0,0.0,siteB
0.0,0.0,siteB
0.0,0.0,siteB
0.0,0.0,siteB
0.0,0.0,siteB
0.0,0.0,siteB
0.0,0.0,siteB
0.0,0.0,siteB
0.0,0.0,siteB
0.0,0.0,siteB
0.0,0.0,siteB
0.0,0.0,siteB
0.0,0.0,siteB
0.0,0.0,siteB
0.0,0.0,siteB
0.0,0.0,siteB
0.0,0.0,siteB
0.0,0.0,siteB
0.0,0.0,siteB
0.0,0.0,siteB
0.0,0.0,siteB
0.0,0.0,siteB
0.0,0.0,siteB
0.0,0.0,siteB
0.0,0.0,siteB
0.0,0.0,siteB
0.0,0.0,siteB
0.0,0.0,siteB
0.0,0.0,siteB
0.0,0.0,siteB
0.0,0.0,siteB
0.0,0.0,siteB
0.0,0.0,siteB
0.0,0.0,siteB
0.0,0.0,siteB
0.0,0.0,siteB
0.0,0.0,siteB
0.0,0.0,siteB
0.0,0.0,siteB
0.0,0.0,siteB
0.0,0.0,siteB
0.0,0.0,siteB
0.0,0.0,siteB
0.0,0.0,siteB
0.0,0.0,siteB
0.0,0.0,siteB
0.0,0.0,siteB
0.0,0.0,siteB
0.0,0.0,siteB
0.0,0.0,siteB
0.0,0.0,siteB
0.0,0.0,siteB
0.0,0.0,siteB
0.0,0.0,siteB
0.0,0.0,siteB
0.0,0.0,siteB
0.0,0.0,siteB
0.0,0.0,siteB
0.0,0.0,siteB
0.0,0.0,siteB
0.0,0.0,siteB
0.0,0.0,siteB
0.0,0.0,siteB
0.0,0.0,siteB
0.0,0.0,siteB
0.0,0.0,siteB
0.0,0.0,siteB
0.0,0.0,siteB
0.0,0.0,siteB
0.0,0.0,siteB
0.0,0.0,siteB
0.0,0.0,siteB
0.0,0.0,siteB
0.0,0.0,siteB
0.0,0.0,siteB
0.0,0.0,siteB
0.0,0.0,siteB
0.0,0.0,siteB
0.0,0.0,siteB
0.0,0.0,siteB
0.0,0.0,siteB
0.0,0.0,siteB
0.0,0.0,siteB
0.0,0.0,siteB
0.0,0.0,siteB
0.0,0.0,siteB
0.0,0.0,siteB
0.0,0.0,siteB
0.0,0.0,siteB
0.0,0.0,siteB
0.0,0.0,siteB
0.0,0.0,siteB
0.0,0.0,siteB
0.0,0.0,siteB
0.0,0.0,siteB
0.0,0.0,siteB
0.0,0.0,siteB
0.0,0.0,siteB
0.0,0.0,siteB
0.0,0.0,siteB
0.0,0.0,siteB
0.0,0.0,siteB
0.0,0.0,siteB
0.0,0.0,siteB
0.0,0.0,siteB
0.0,0.0,siteB
0.0,0.0,siteB
0.0,0.0,siteB
0.0,0.0,siteB
0.0,0.0,siteB
0.0,0.0,siteB
0.0,0.0,siteB
0.0,0.0,siteB
0.0,0.0,siteB
0.0,0.0,siteB
0.0,0.0,siteB
0.0,0.0,siteB
0.0,0.0,siteB
0.0,0.0,siteB
0.0,0.0,siteB
0.0,0.0,siteB
0.0,0.0,siteB
0.0,0.0,siteB
0.0,0.0,siteB
0.0,0.0,siteB
0.0,0.0,siteB
0.0,0.0,siteB
0.0,0.0,siteB
0.0,0.0,siteB
0.0,0.0,siteB
0.0,0.0,siteB
0.0,0.0,siteB
0.0,0.0,siteB
0.0,0.0,siteB
0.0,0.0,siteB
0.0,0.0,siteB
0.0,0.0,siteB
0.0,0.0,siteB
0.0,0.0,siteB
0.0,0.0,siteB
0.0,0.0,siteB
0.0,0.0,siteB
0.0,0.0,siteB
0.0,0.0,siteB
0.0,0.0,siteB
0.0,0.0,siteB
0.0,0.0,siteB
0.0,0.0,siteB
0.0,0.0,siteB
0.0,0.0,siteB
0.0,0.0,siteB
0.0,0.0,siteB
0.0,0.0,siteB
0.0,0.0,siteB
0.0,0.0,siteB
0.0,0.0,siteB
0.0,0.0,siteB
0.0,0.0,siteB
0.0,0.0,siteB
0.0,0.0,siteB
0.0,0.0,siteB
0.0,0.0,siteB
0.0,0.0,siteB
0.0,0.0,siteB
0.0,0.0,siteB
0.0,0.0,siteB
0.0,0.0,siteB
0.0,0.0,siteB
0.0,0.0,siteB
0.0,0.0,siteB
0.0,0.0,siteB
0.0,0.0,siteB
0.0,0.0,siteB
0.0,0.0,siteB
0.0,0.0,siteB
0.0,0.0,siteB
0.0,0.0,siteB
0.0,0.0,siteB
0.0,0.0,siteB
0.0,0.0,siteB
0.0,0.0,siteB
0.0,0.0,siteB
0.0,0.0,siteB
0.0,0.0,siteB
0.0,0.0,siteB
0.0,0.0,siteB
0.0,0.0,siteB
0.0,0.0,siteB
0.0,0.0,siteB
0.0,0.0,siteB
0.0,0.0,siteB
0.0,0.0,siteB
0.0,0.0,siteB
0.0,0.0,siteB
0.0,0.0,siteB
0.0,0.0,siteB
0.0,0.0,siteB
0.0,0.0,siteB
0.0,0.0,siteB
0.0,0.0,siteB
0.0,0.0,siteB
0.0,0.0,siteB
0.0,0.0,siteB
0.0,0.0,siteB
0.0,0.0,siteB
0.0,0.0,siteB
0.0,0.0,siteB
0.0,0.0,siteB
0.0,0.0,siteB
0.0,0.0,siteB
0.0,0.0,siteB
0.0,0.0,siteB
0.0,0.0,siteB
0.0,0.0,siteB
0.0,0.0,siteB
0.0,0.0,siteB
0.0,0.0,siteB
0.0,0.0,siteB
0.0,0.0,siteB
0.0,0.0,siteB
0.0,0.0,siteB
0.0,0.0,siteB
0.0,0.0,siteB
0.0,0.0,siteB
0.0,0.0,siteB
0.0,0.0,siteB
0.0,0.0,siteB
0.0,0.0,siteB
0.0,0.0,siteB
0.0,0.0,siteB
0.0,0.0,siteB
0.0,0.0,siteB
0.0,0.0,siteB
0.0,0.0,siteB
0.0,0.0,siteB
0.0,0.0,siteB
0.0,0.0,siteB
0.0,0.0,siteB
0.0,0.0,siteB
0.0,0.0,siteB
0.0,0.0,siteB
0.0,0.0,siteB
0.0,0.0,siteB
0.0,0.0,siteB
0.0,0.0,siteB
0.0,0.0,siteB
0.0,0.0,siteB
0.0,0.0,siteB
0.0,0.0,siteB
0.0,0.0,siteB
0.0,0.0,siteB
0.0,0.0,siteB
0.0,0.0,siteB
0.0,0.0,siteB
0.0,0.0,siteB
0.0,0.0,siteB
0.0,0.0,siteB
0.0,0.0,siteB
0.0,0.0,siteB
0.0,0.0,siteB
0.0,0.0,siteB
0.0,0.0,siteB
0.0,0.0,siteB
0.0,0.0,siteB
0.0,0.0,siteB
0.0,0.0,siteB
0.0,0.0,siteB
0.0,0.0,siteB
0.0,0.0,siteB
0.0,0.0,siteB
0.0,0.0,siteB
0.0,0.0,siteB
0.0,0.0,siteB
0.0,0.0,siteB
0.0,0.0,siteB
0.0,0.0,siteB
0.0,0.0,siteB
0.0,0.0,siteB
0.0,0.0,siteB
0.0,0.0,siteB
0.0,0.0,siteB
0.0,0.0,siteB
0.0,0.0,siteB
0.0,0.0,siteB
0.0,0.0,siteB
0.0,0.0,siteB
0.0,0.0,siteB
0.0,0.0,siteB
0.0,0.0,siteB
0.0,0.0,siteB
0.0,0.0,siteB
0.0,0.0,siteB
0.0,0.0,siteB
0.0,0.0,siteB
0.0,0.0,siteB
0.0,0.0,siteB
0.0,0.0,siteB
0.0,0.0,siteB
0.0,0.0,siteB
0.0,0.0,siteB
0.0,0.0,siteB
0.0,0.0,siteB
0.0,0.0,siteB
0.0,0.0,siteB
0.0,0.0,siteB
0.0,0.0,siteB
0.0,0.0,siteB
0.0,0.0,siteB
0.0,0.0,siteB
0.0,0.0,siteB
0.0,0.0,siteB
0.0,0.0,siteB
0.0,0.0,siteB
0.0,0.0,siteB
0.0,0.0,siteB
0.0,0.0,siteB
0.0,0.0,siteB
0.0,0.0,siteB
0.0,0.0,siteB
0.0,0.0,siteB
0.0,0.0,siteB
0.0,0.0,siteB
0.0,0.0,siteB
0.0,0.0,siteB
0.0,0.0,siteB
0.0,0.0,siteB
0.0,0.0,siteB
0.0,0.0,siteB
0.0,0.0,siteB
0.0,0.0,siteB
0.0,0.0,siteB
0.0,0.0,siteB
0.0,0.0,siteB
0.0,0.0,siteB
0.0,0.0,siteB
0.0,0.0,siteB
0.0,0.0,siteB
0.0,0.0,siteB
0.0,0.0,siteB
0.0,0.0,siteB
0.0,0.0,siteB
0.0,0.0,siteB
0.0,0.0,siteB
0.0,0.0,siteB
0.0,0.0,siteB
0.0,0.0,siteB
0.0,0.0,siteB
0.0,0.0,siteB
0.0,0.0,siteB
0.0,0.0,siteB
0.0,0.0,siteB
0.0,0.0,siteB
0.0,0.0,siteB
0.0,0.0,siteB
0.0,0.0,siteB
0.0,0.0,siteB
0.0,0.0,siteB
0.0,0.0,siteB
0.0,0.0,siteB
0.0,0.0,siteB
0.0,0.0,siteB
0.0,0.0,siteB
0.0,0.0,siteB
0.0,0.0,siteB
0.0,0.0,siteB
0.0,0.0,siteB
0.0,0.0,siteB
0.0,0.0,siteB
0.0,0.0,siteB
0.0,0.0,siteB
0.0,0.0,siteB
0.0,0.0,siteB
0.0,0.0,siteB
0.0,0.0,siteB
0.0,0.0,siteB
0.0,0.0,siteB
0.0,0.0,siteB
0.0,0.0,siteB
0.0,0.0,siteB
0.0,0.0,siteB
0.0,0.0,siteB
0.0,0.0,siteB
0.0,0.0,siteB
0.0,0.0,siteB
0.0,0.0,siteB
0.0,0.0,siteB
0.0,0.0,siteB
0.0,0.0,siteB
0.0,0.0,siteB
0.0,0.0,siteB
0.0,0.0,siteB
0.0,0.0,siteB
0.0,0.0,siteB
0.0,0.0,siteB
0.0,0.0,siteB
0.0,0.0,siteB
0.0,0.0,siteB
0.0,0.0,siteB
0.0,0.0,siteB
0.0,0.0,siteB
0.0,0.0,siteB
0.0,0.0,siteB
0.0,0.0,siteB
0.0,0.0,siteB
0.0,0.0,siteB
0.0,0.0,siteB
0.0,0.0,siteB
0.0,0.0,siteB
0.0,0.0,siteB
0.0,0.0,siteB
0.0,0.0,siteB
0.0,0.0,siteB
0.0,0.0,siteB
0.0,0.0,siteB
0.0,0.0,siteB
0.0,0.0,siteB
0.0,0.0,siteB
0.0,0.0,siteB
0.0,0.0,siteB
0.0,0.0,siteB
0.0,0.0,siteB
0.0,0.0,siteB
0.0,0.0,siteB
0.0,0.0,siteB
0.0,0.0,siteB
0.0,0.0,siteB
0.0,0.0,siteB
0.0,0.0,siteB
0.0,0.0,siteB
0.0,0.0,siteB
0.0,0.0,siteB
0.0,0.0,siteB
0.0,0.0,siteB
0.0,0.0,siteB
0.0,0.0,siteB
0.0,0.0,siteB
0.0,0.0,siteB
0.0,0.0,siteB
0.0,0.0,siteB
0.0,0.0,siteB
0.0,0.0,siteB
0.0,0.0,siteB
0.0,0.0,siteB
0.0,0.0,siteB
0.0,0.0,siteB
0.0,0.0,siteB
0.0,0.0,siteB
0.0,0.0,siteB
0.0,0.0,siteB
0.0,0.0,siteB
0.0,0.0,siteB
0.0,0.0,siteB
0.0,0.0,siteB
0.0,0.0,siteB
0.0,0.0,siteB
0.0,0.0,siteB
0.0,0.0,siteB
0.0,0.0,siteB
0.0,0.0,siteB
0.0,0.0,siteB
0.0,0.0,siteB
0.0,0.0,siteB
0.0,0.0,siteB
0.0,0.0,siteB
0.0,0.0,siteB
0.0,0.0,siteB
0.0,0.0,siteB
0.0,0.0,siteB
0.0,0.0,siteB
0.0,0.0,siteB
0.0,0.0,siteB
0.0,0.0,siteB
0.0,0.0,siteB
0.0,0.0,siteB
0.0,0.0,siteB
0.0,0.0,siteB
0.0,0.0,siteB
0.0,0.0,siteB
0.0,0.0,siteB
0.0,0.0,siteB
0.0,0.0,siteB
0.0,0.0,siteB
0.0,0.0,siteB
0.0,0.0,siteB
0.0,0.0,siteB
0.0,0.0,siteB
0.0,0.0,siteB
0.0,0.0,siteB
0.0,0.0,siteB
0.0,0.0,siteB
0.0,0.0,siteB
0.0,0.0,siteB
0.0,0.0,siteB
0.0,0.0,siteB
0.0,0.0,siteB
0.0,0.0,siteB
0.0,0.0,siteB
0.0,0.0,siteB
0.0,0.0,siteB
0.0,0.0,siteB
0.0,0.0,siteB
0.0,0.0,siteB
0.0,0.0,siteB
0.0,0.0,siteB
0.0,0.0,siteB
0.0,0.0,siteB
0.0,0.0,siteB
0.0,0.0,siteB
0.0,0.0,siteB
0.0,0.0,siteB
0.0,0.0,siteB
0.0,0.0,siteB
0.0,0.0,siteB
0.0,0.0,siteB
0.0,0.0,siteB
0.0,0.0,siteB
0.0,0.0,siteB
0.0,0.0,siteB
0.0,0.0,siteB
0.0,0.0,siteB
0.0,0.0,siteB
0.0,0.0,siteB
0.0,0.0,siteB
0.0,0.0,siteB
0.0,0.0,siteB
0.0,0.0,siteB
0.0,0.0,siteB
0.0,0.0,siteB
0.0,0.0,siteB
0.0,0.0,siteB
0.0,0.0,siteB
0.0,0.0,siteB
0.0,0.0,siteB
0.0,0.0,siteB
0.0,0.0,siteB
0.0,0.0,siteB
0.0,0.0,siteB
0.0,0.0,siteB
0.0,0.0,siteB
0.0,0.0,siteB
0.0,0.0,siteB
0.0,0.0,siteB
0.0,0.0,siteB
0.0,0.0,siteB
0.0,0.0,siteB
0.0,0.0,siteB
0.0,0.0,siteB
0.0,0.0,siteB
0.0,0.0,siteB
0.0,0.0,siteB
0.0,0.0,siteB
0.0,0.0,siteB
0.0,0.0,siteB
0.0,0.0,siteB
0.0,0.0,siteB
0.0,0.0,siteB
0.0,0.0,siteB
0.0,0.0,siteB
0.0,0.0,siteB
0.0,0.0,siteB
0.0,0.0,siteB
0.0,0.0,siteB
0.0,0.0,siteB
0.0,0.0,siteB
0.0,0.0,siteB
0.0,0.0,siteB
0.0,0.0,siteB
0.0,0.0,siteB
0.0,0.0,siteB
0.0,0.0,siteB
0.0,0.0,siteB
0.0,0.0,siteB
0.0,0.0,siteB
0.0,0.0,siteB
0.0,0.0,siteB
0.0,0.0,siteB
0.0,0.0,siteB
0.0,0.0,siteB
0.0,0.0,siteB
0.0,0.0,siteB
0.0,0.0,siteB
0.0,0.0,siteB
0.0,0.0,siteB
0.0,0.0,siteB
0.0,0.0,siteB
0.0,0.0,siteB
0.0,0.0,siteB
0.0,0.0,siteB
0.0,0.0,siteB
0.0,0.0,siteB
0.0,0.0,siteB
0.0,0.0,siteB
0.0,0.0,siteB
0.0,0.0,siteB
0.0,0.0,siteB
0.0,0.0,siteB
0.0,0.0,siteB
0.0,0.0,siteB
0.0,0.0,siteB
0.0,0.0,siteB
0.0,0.0,siteB
0.0,0.0,siteB
0.0,0.0,siteB
0.0,0.0,siteB
0.0,0.0,siteB
0.0,0.0,siteB
0.0,0.0,siteB
0.0,0.0,siteB
0.0,0.0,siteB
0.0,0.0,siteB
0.0,0.0,siteB
0.0,0.0,siteB
0.0,0.0,siteB
0.0,0.0,siteB
0.0,0.0,siteB
0.0,0.0,siteB
0.0,0.0,siteB
0.0,0.0,siteB
0.0,0.0,siteB
0.0,0.0,siteB
0.0,0.0,siteB
0.0,0.0,siteB
0.0,0.0,siteB
0.0,0.0,siteB
0.0,0.0,siteB
0.0,0.0,siteB
0.0,0.0,siteB
0.0,0.0,siteB
0.0,0.0,siteB
0.0,0.0,siteB
0.0,0.0,siteB
0.0,0.0,siteB
0.0,0.0,siteB
0.0,0.0,siteB
0.0,0.0,siteB
0.0,0.0,siteB
0.0,0.0,siteB
0.0,0.0,siteB
0.0,0.0,siteB
0.0,0.0,siteB
0.0,0.0,siteB
0.0,0.0,siteB
0.0,0.0,siteB
0.0,0.0,siteB
0.0,0.0,siteB
0.0,0.0,siteB
0.0,0.0,siteB
0.0,0.0,siteB
0.0,0.0,siteB
0.0,0.0,siteB
0.0,0.0,siteB
0.0,0.0,siteB
0.0,0.0,siteB
0.0,0.0,siteB
0.0,0.0,siteB
0.0,0.0,siteB
0.0,0.0,siteB
0.0,0.0,siteB
0.0,0.0,siteB
0.0,0.0,siteB
0.0,0.0,siteB
0.0,0.0,siteB
0.0,0.0,siteB
0.0,0.0,siteB
0.0,0.0,siteB
0.0,0.0,siteB
0.0,0.0,siteB
0.0,0.0,siteB
0.0,0.0,siteB
0.0,0.0,siteB
0.0,0.0,siteB
0.0,0.0,siteB
0.0,0.0,siteB
0.0,0.0,siteB
0.0,0.0,siteB
0.0,0.0,siteB
0.0,0.0,siteB
0.0,0.0,siteB
0.0,0.0,siteB
0.0,0.0,siteB
0.0,0.0,siteB
0.0,0.0,siteB
0.0,0.0,siteB
0.0,0.0,siteB
0.0,0.0,siteB
0.0,0.0,siteB
0.0,0.0,siteB
0.0,0.0,siteB
0.0,0.0,siteB
0.0,0.0,siteB
0.0,0.0,siteB
0.0,0.0,siteB
0.0,0.0,siteB
0.0,0.0,siteB
0.0,0.0,siteB
0.0,0.0,siteB
0.0,0.0,siteB
0.0,0.0,siteB
0.0,0.0,siteB
0.0,0.0,siteB
0.0,0.0,siteB
0.0,0.0,siteB
0.0,0.0,siteB
0.0,0.0,siteB
0.0,0.0,siteB
0.0,0.0,siteB
0.0,0.0,siteB
0.0,0.0,siteB
0.0,0.0,siteB
0.0,-1.6178036408581955,siteB
0.0,-1.3371629985375537,siteB
0.0,-1.2991837081899584,siteB
0.0,-0.9776242050471892,siteB
0.0,-7.661842253616268,siteB
0.0,-7.6817788636728785,siteB
0.0,-7.681242278868793,siteB
0.0,-7.37794929763577,siteB
0.0,-1.743393383780965,siteB
0.0,-1.2415330070743387,siteB
0.0,-1.2242940962384428,siteB
0.0,-1.182658530822034,siteB
0.0,-1.1980497756499042,siteB
0.0,-1.2003703564117354,siteB
0.0,-1.1697486767366345,siteB
0.0,-1.025020184194604,siteB
0.0,-1.0340599367106067,siteB
0.0,-1.0347170858985648,siteB
0.0,-1.045000616442095,siteB
0.0,-1.311783791437321,siteB
0.0,-1.3111754476950073,siteB
0.0,-1.1843691138735997,siteB
0.0,-1.115070286293228,siteB
0.0,0.0,siteB
0.0,0.0,siteB
0.0,0.0,siteB
0.0,0.0,siteB
0.0,0.0,siteB
0.0,0.0,siteB
0.0,0.0,siteB
0.0,0.0,siteB
0.0,0.0,siteB
0.0,0.0,siteB
0.0,0.0,siteB
0.0,0.0,siteB
0.0,0.0,siteB
0.0,0.0,siteB
0.0,0.0,siteB
0.0,0.0,siteB
0.0,0.0,siteB
0.0,0.0,siteB
0.0,0.0,siteB
0.0,0.0,siteB
0.0,0.0,siteB
0.0,0.0,siteB
0.0,0.0,siteB
0.0,0.2330859360217524,siteB
0.0,0.3822487902644595,siteB
4.33,1.3490010444209775,siteB
6.2,3.8362563316730016,siteB
10.69,8.856009276218133,siteB
8.59,6.713244076597634,siteB
7.36,0.29354728640368344,siteB
5.33,-0.9375297579871109,siteB
5.35,-1.0745948218906423,siteB
3.23,-1.2302530219725802,siteB
3.24,-1.1001584009971515,siteB
0.0,-1.973874315212507,siteB
0.0,-1.7578712909228429,siteB
0.0,-1.7613051326720521,siteB
0.0,-1.022390217519408,siteB
0.0,-0.8752909095329336,siteB
0.0,-0.8370410459977761,siteB
0.0,-0.8454257166593585,siteB
0.0,-0.9642042876416099,siteB
0.0,-0.9935052778795851,siteB
0.0,-1.0211818893236966,siteB
0.0,-0.998251239880547,siteB
0.0,-0.9863833486514059,siteB
0.0,-4.411973119324628,siteB
0.0,-4.426583715765226,siteB
0.0,-4.662582326275085,siteB
0.0,-5.045940673140355,siteB
0.0,-0.87405234725328,siteB
0.0,-0.919420584014083,siteB
0.0,-0.8933131740901289,siteB
0.0,0.0,siteB
0.0,0.0,siteB
0.0,0.0,siteB
0.0,0.0,siteB
0.0,0.0,siteB
0.0,0.0,siteB
0.0,0.0,siteB
0.0,0.0,siteB
0.0,0.0,siteB
0.0,0.0,siteB
0.0,0.0,siteB
0.0,0.0,siteB
0.0,0.0,siteB
0.0,0.0,siteB
0.0,0.0,siteB
0.0,0.0,siteB
0.0,0.0,siteB
0.0,0.0,siteB
0.0,0.0,siteB
0.0,0.0,siteB
0.0,0.0,siteB
0.0,0.0,siteB
0.0,0.0,siteB
0.0,0.0,siteB
0.0,0.0,siteB
0.0,0.0,siteB
0.0,0.0,siteB
0.0,0.0,siteB
0.0,0.0,siteB
0.0,0.0,siteB
0.0,0.0,siteB
0.0,0.0,siteB
0.0,0.0,siteB
0.0,0.0,siteB
0.0,0.0,siteB
0.0,0.0,siteB
0.0,0.0,siteB
0.0,0.0,siteB
0.0,0.0,siteB
0.0,0.0,siteB
0.0,0.0,siteB
0.0,0.0,siteB
0.0,0.0,siteB
0.0,0.0,siteB
0.0,0.0,siteB
0.0,0.0,siteB
0.0,0.0,siteB
0.0,0.0,siteB
0.0,0.0,siteB
0.0,0.0,siteB
0.0,0.0,siteB
0.0,0.0,siteB
0.0,0.0,siteB
0.0,0.0,siteB
0.0,0.0,siteB
0.0,0.0,siteB
0.0,0.0,siteB
0.0,0.0,siteB
0.0,0.0,siteB
0.0,0.0,siteB
0.0,0.0,siteB
0.0,0.0,siteB
0.0,0.0,siteB
0.0,0.0,siteB
0.0,0.0,siteB
0.0,0.0,siteB
0.0,0.0,siteB
0.0,0.0,siteB
0.0,0.0,siteB
0.0,0.0,siteB
0.0,0.0,siteB
0.0,0.0,siteB
0.0,0.0,siteB
0.0,0.0,siteB
0.0,0.0,siteB
0.0,0.0,siteB
0.0,0.0,siteB
0.0,0.0,siteB
0.0,0.0,siteB
0.0,0.0,siteB
0.0,0.0,siteB
0.0,0.0,siteB
0.0,0.0,siteB
0.0,0.0,siteB
0.0,0.0,siteB
0.0,0.0,siteB
0.0,0.0,siteB
0.0,0.0,siteB
0.0,0.0,siteB
0.0,0.0,siteB
0.0,0.0,siteB
0.0,0.0,siteB
0.0,0.0,siteB
0.0,0.0,siteB
0.0,0.0,siteB
0.0,0.0,siteB
0.0,0.0,siteB
0.0,0.0,siteB
0.0,0.0,siteB
0.0,0.0,siteB
0.0,0.0,siteB
0.0,0.0,siteB
0.0,0.0,siteB
0.0,0.0,siteB
0.0,0.0,siteB
0.0,0.0,siteB
0.0,0.0,siteB
0.0,0.0,siteB
0.0,0.0,siteB
0.0,0.0,siteB
0.0,0.0,siteB
0.0,0.0,siteB
0.0,0.0,siteB
0.0,0.0,siteB
0.0,0.0,siteB
0.0,0.0,siteB
0.0,0.0,siteB
0.0,0.0,siteB
0.0,0.0,siteB
0.0,0.0,siteB
0.0,0.0,siteB
0.0,0.0,siteB
0.0,0.0,siteB
0.0,0.0,siteB
0.0,0.0,siteB
0.0,0.0,siteB
0.0,0.0,siteB
0.0,0.0,siteB
0.0,0.0,siteB
0.0,0.0,siteB
0.0,0.0,siteB
0.0,0.0,siteB
0.0,0.0,siteB
0.0,0.0,siteB
0.0,0.0,siteB
0.0,0.0,siteB
0.0,0.0,siteB
0.0,0.0,siteB
0.0,0.0,siteB
0.0,0.0,siteB
0.0,0.0,siteB
0.0,0.0,siteB
0.0,0.0,siteB
0.0,0.0,siteB
0.0,0.0,siteB
0.0,0.0,siteB
0.0,0.0,siteB
0.0,0.0,siteB
0.0,0.0,siteB
0.0,0.0,siteB
0.0,0.0,siteB
0.0,0.0,siteB
0.0,0.0,siteB
0.0,0.0,siteB
0.0,0.0,siteB
0.0,0.0,siteB
0.0,0.0,siteB
0.0,0.0,siteB
0.0,0.0,siteB
0.0,0.0,siteB
0.0,0.0,siteB
0.0,0.0,siteB
0.0,0.0,siteB
0.0,0.0,siteB
0.0,0.0,siteB
0.0,0.0,siteB
0.0,0.0,siteB
0.0,0.0,siteB
0.0,0.0,siteB
0.0,0.0,siteB
0.0,0.0,siteB
0.0,0.0,siteB
0.0,0.0,siteB
0.0,0.0,siteB
0.0,0.0,siteB
0.0,0.0,siteB
0.0,0.0,siteB
0.0,0.0,siteB
0.0,0.0,siteB
0.0,0.0,siteB
0.0,0.0,siteB
0.0,0.0,siteB
0.0,0.0,siteB
0.0,0.0,siteB
0.0,0.0,siteB
0.0,0.0,siteB
0.0,0.0,siteB
0.0,0.0,siteB
0.0,0.0,siteB
0.0,0.0,siteB
0.0,0.0,siteB
0.0,0.0,siteB
0.0,0.0,siteB
0.0,0.0,siteB
0.0,0.0,siteB
0.0,0.0,siteB
0.0,0.0,siteB
0.0,0.0,siteB
0.0,0.0,siteB
0.0,0.0,siteB
0.0,0.0,siteB
0.0,0.0,siteB
0.0,0.0,siteB
0.0,0.0,siteB
0.0,0.0,siteB
0.0,0.0,siteB
0.0,0.0,siteB
0.0,0.0,siteB
0.0,0.0,siteB
0.0,0.0,siteB
0.0,0.0,siteB
0.0,0.0,siteB
0.0,0.0,siteB
0.0,0.0,siteB
0.0,0.0,siteB
0.0,0.0,siteB
0.0,0.0,siteB
0.0,0.0,siteB
0.0,0.0,siteB
0.0,0.0,siteB
0.0,0.0,siteB
0.0,0.0,siteB
0.0,0.0,siteB
0.0,0.0,siteB
0.0,0.0,siteB
0.0,0.0,siteB
0.0,0.0,siteB
0.0,0.0,siteB
0.0,0.0,siteB
0.0,0.0,siteB
0.0,0.0,siteB
0.0,0.0,siteB
0.0,0.0,siteB
0.0,0.0,siteB
0.0,0.0,siteB
0.0,0.0,siteB
0.0,0.0,siteB
0.0,0.0,siteB
0.0,0.0,siteB
0.0,5.59471823856885,siteB
0.0,5.394140529611142,siteB
7.65,9.587713318466163,siteB
9.8,12.386709032925141,siteB
6.01,10.245588011695045,siteB
4.11,8.822708010407343,siteB
4.6,6.964981595742579,siteB
-1.97,6.656618110801598,siteB
2.88,6.996599178956871,siteB
0.71,6.297458007138348,siteB
7.55,9.194415616496224,siteB
3.21,7.445931041303184,siteB
5.33,7.5105905471407715,siteB
6.14,8.628168593548557,siteB
-2.62,7.471469592935735,siteB
0.81,12.04331114867861,siteB
2.38,11.221964578930995,siteB
0.51,11.053823121336016,siteB
3.04,12.006563259391969,siteB
3.85,11.792084698970912,siteB
1.65,11.116648442243605,siteB
4.75,12.41045038955226,siteB
3.95,11.450758795984866,siteB
1.1,10.690482560414878,siteB
5.39,12.056633436597807,siteB
0.42,10.819571792598527,siteB
0.0,0.0,siteB
0.0,0.0,siteB
0.0,0.0,siteB
0.0,0.0,siteB
0.0,0.0,siteB
0.0,0.0,siteB
0.0,0.0,siteB
0.0,0.0,siteB
0.0,0.0,siteB
0.0,0.0,siteB
0.0,0.0,siteB
0.0,0.0,siteB
0.0,0.0,siteB
0.0,0.0,siteB
0.0,0.0,siteB
0.0,0.0,siteB
0.0,0.0,siteB
0.0,0.0,siteB
0.0,0.0,siteB
0.0,0.0,siteB
0.0,0.0,siteB
0.0,0.0,siteB
-6.53,1.3427717508036632,siteB
5.27,12.00472697669833,siteB
7.26,13.144611910190767,siteB
7.48,20.585824868219593,siteB
4.64,9.573918764681308,siteB
5.5,8.343501756676556,siteB
8.39,9.976530509840602,siteB
2.05,-2.2332743510710427,siteB
0.79,-1.9658048602684441,siteB
-0.41,-2.248580881672792,siteB
-1.25,-2.0911782818570326,siteB
-2.57,-2.1681602673633558,siteB
-5.7,-2.7135214228680704,siteB
-5.65,-2.571229258635243,siteB
-9.69,-2.565396000689487,siteB
-5.29,-2.820481659954971,siteB
1.79,0.7894839924466084,siteB
-0.45,-1.7332701240579456,siteB
-2.58,-1.9434444933379045,siteB
-0.91,-1.0413459891879706,siteB
-4.53,-2.845694236452545,siteB
-0.01,-2.082580226403141,siteB
-4.69,-2.9396529039951567,siteB
-1.94,-1.843812302136861,siteB
-1.82,-2.7882960783398754,siteB
-4.92,-2.7259503468437027,siteB
-2.04,-2.4077447423899656,siteB
-1.57,-3.1114558955114364,siteB
-4.27,-2.9870408091090463,siteB
-1.38,-3.0132696459629122,siteB
-2.78,-3.0889392704206973,siteB
0.0,0.0,siteB
0.0,0.0,siteB
0.0,0.0,siteB
0.0,0.0,siteB
0.0,0.0,siteB
0.0,0.0,siteB
0.0,0.0,siteB
0.0,0.0,siteB
0.0,0.0,siteB
0.0,0.0,siteB
0.0,0.0,siteB
0.0,0.0,siteB
0.0,0.0,siteB
0.0,0.0,siteB
0.0,0.0,siteB
0.0,0.0,siteB
0.0,0.0,siteB
0.0,0.0,siteB
0.0,0.0,siteB
0.0,0.0,siteB
0.0,0.0,siteB
0.0,0.0,siteB
0.0,0.0,siteB
0.0,0.0,siteB
0.0,0.0,siteB
0.0,0.0,siteB
0.0,0.0,siteB
0.0,0.0,siteB
0.0,0.0,siteB
0.0,0.0,siteB
0.0,0.0,siteB
0.0,0.0,siteB
0.0,0.0,siteB
0.0,0.0,siteB
0.0,0.0,siteB
0.0,0.0,siteB
0.0,0.0,siteB
0.0,0.0,siteB
0.0,0.0,siteB
0.0,0.0,siteB
0.0,0.0,siteB
0.0,0.0,siteB
0.0,0.0,siteB
0.0,0.0,siteB
0.0,0.0,siteB
0.0,0.0,siteB
0.0,0.0,siteB
0.0,0.0,siteB
0.0,0.0,siteB
0.0,0.0,siteB
0.0,0.0,siteB
0.0,0.0,siteB
0.0,0.0,siteB
0.0,0.0,siteB
0.0,0.0,siteB
0.0,0.0,siteB
0.0,0.0,siteB
0.0,0.0,siteB
0.0,0.0,siteB
0.0,0.0,siteB
0.0,0.0,siteB
0.0,0.0,siteB
0.0,0.0,siteB
0.0,0.0,siteB
0.0,0.0,siteB
0.0,0.0,siteB
0.0,0.0,siteB
0.0,0.0,siteB
0.0,0.0,siteB
0.0,0.0,siteB
0.0,0.0,siteB
0.0,0.0,siteB
0.0,0.0,siteB
0.0,0.0,siteB
0.0,0.0,siteB
0.0,0.0,siteB
0.0,0.8159436843971015,siteB
0.0,0.8101797810781983,siteB
9.96,5.775809631525886,siteB
9.73,7.42493335843623,siteB
4.21,3.43371996732298,siteB
3.58,5.59396186827062,siteB
4.05,0.028818185915391824,siteB
3.03,-1.1872266942344136,siteB
3.03,-1.0033058000530604,siteB
0.03,-1.3003156629454407,siteB
0.03,-1.2985018366036545,siteB
0.03,-1.1358514058520597,siteB
0.03,-0.8842630304257436,siteB
0.03,-0.7830269152493533,siteB
0.03,-0.613864331237505,siteB
0.03,-0.6809947180161889,siteB
-5.18,-0.5500672802306629,siteB
-3.11,-0.5478868047475403,siteB
-3.1,-0.5395666801825626,siteB
0.0,-0.5364433979960528,siteB
0.0,-0.576755097130252,siteB
0.0,-0.5410476977377054,siteB
0.0,-0.5197984905995279,siteB
0.0,-0.52350863553357,siteB
-5.66,-0.5010497969647315,siteB
-3.12,-0.483989503753041,siteB
-3.13,-0.43500773406303606,siteB
-3.26,-0.47916473270165255,siteB
-3.09,-0.5460092995212851,siteB
-3.29,-0.5648199160017545,siteB
0.0,0.0,siteB
0.0,0.0,siteB
0.0,0.0,siteB
0.0,0.0,siteB
0.0,0.0,siteB
0.0,0.0,siteB
0.0,0.0,siteB
0.0,0.0,siteB
0.0,0.0,siteB
0.0,0.0,siteB
0.0,0.0,siteB
0.0,0.0,siteB
0.0,0.0,siteB
0.0,0.0,siteB
0.0,0.0,siteB
0.0,0.0,siteB
0.0,0.0,siteB
0.0,0.0,siteB
0.0,0.0,siteB
0.0,0.0,siteB
0.0,0.0,siteB
0.0,0.0,siteB
0.0,0.0,siteB
0.0,0.0,siteB
0.0,0.0,siteB
0.0,0.0,siteB
0.0,0.0,siteB
0.0,0.0,siteB
0.0,0.0,siteB
0.0,0.0,siteB
0.0,0.0,siteB
0.0,0.0,siteB
0.0,0.0,siteB
0.0,0.0,siteB
0.0,0.0,siteB
0.0,0.0,siteB
0.0,0.0,siteB
0.0,0.0,siteB
0.0,0.0,siteB
0.0,0.0,siteB
0.0,0.0,siteB
0.0,0.0,siteB
0.0,0.0,siteB
0.0,0.0,siteB
0.0,0.0,siteB
0.0,0.0,siteB
0.0,0.0,siteB
0.0,0.0,siteB
0.0,0.0,siteB
0.0,0.0,siteB
0.0,0.0,siteB
0.0,0.0,siteB
0.0,0.0,siteB
0.0,0.0,siteB
0.0,0.0,siteB
0.0,0.0,siteB
0.0,0.0,siteB
0.0,0.0,siteB
0.0,0.0,siteB
0.0,0.0,siteB
0.0,0.0,siteB
0.0,0.0,siteB
0.0,0.0,siteB
0.0,0.0,siteB
0.0,0.0,siteB
0.0,0.0,siteB
0.0,0.0,siteB
0.0,0.0,siteB
0.0,0.0,siteB
0.0,0.0,siteB
0.0,0.0,siteB
0.0,0.0,siteB
0.0,0.0,siteB
0.0,0.0,siteB
0.0,0.0,siteB
0.0,0.0,siteB
0.0,0.0,siteB
0.0,0.0,siteB
0.0,0.0,siteB
0.0,0.0,siteB
0.0,0.0,siteB
0.0,0.0,siteB
0.0,0.0,siteB
0.0,0.0,siteB
0.0,0.0,siteB
0.0,0.0,siteB
0.0,0.0,siteB
0.0,0.0,siteB
0.0,0.0,siteB
0.0,0.0,siteB
0.0,0.0,siteB
0.0,0.0,siteB
0.0,0.0,siteB
0.0,0.0,siteB
0.0,0.0,siteB
0.0,0.0,siteB
0.0,0.0,siteB
0.0,0.0,siteB
0.0,0.0,siteB
0.0,0.0,siteB
0.0,0.0,siteB
0.0,0.0,siteB
0.0,0.0,siteB
0.0,0.0,siteB
0.0,0.0,siteB
0.0,0.0,siteB
0.0,0.0,siteB
0.0,0.0,siteB
0.0,0.0,siteB
0.0,0.0,siteB
0.0,0.0,siteB
0.0,0.0,siteB
0.0,0.0,siteB
0.0,0.0,siteB
0.0,0.0,siteB
0.0,0.0,siteB
0.0,0.0,siteB
0.0,0.0,siteB
0.0,0.0,siteB
0.0,0.0,siteB
0.0,0.0,siteB
0.0,0.0,siteB
0.0,0.0,siteB
0.0,0.0,siteB
0.0,0.0,siteB
0.0,0.0,siteB
0.0,0.0,siteB
0.0,0.0,siteB
0.0,0.0,siteB
0.0,0.0,siteB
0.0,0.0,siteB
0.0,0.0,siteB
0.0,0.0,siteB
0.0,0.0,siteB
0.0,0.0,siteB
0.0,0.0,siteB
0.0,0.0,siteB
0.0,0.0,siteB
0.0,0.0,siteB
0.0,0.0,siteB
0.0,0.0,siteB
0.0,0.0,siteB
0.0,0.0,siteB
0.0,0.0,siteB
0.0,0.0,siteB
0.0,0.0,siteB
0.0,0.0,siteB
0.0,0.0,siteB
0.0,0.0,siteB
0.0,0.0,siteB
0.0,0.0,siteB
0.0,0.0,siteB
0.0,0.0,siteB
0.0,0.0,siteB
0.0,0.0,siteB
0.0,0.0,siteB
0.0,0.0,siteB
0.0,0.0,siteB
0.0,0.0,siteB
0.0,0.0,siteB
0.0,0.0,siteB
0.0,0.0,siteB
0.0,0.0,siteB
0.0,0.0,siteB
0.0,0.0,siteB
0.0,0.0,siteB
0.0,0.0,siteB
0.0,0.0,siteB
0.0,0.0,siteB
0.0,0.0,siteB
0.0,0.0,siteB
0.0,0.0,siteB
0.0,0.0,siteB
0.0,0.0,siteB
0.0,0.0,siteB
0.0,0.0,siteB
0.0,0.0,siteB
0.0,0.0,siteB
0.0,0.0,siteB
0.0,0.0,siteB
0.0,0.0,siteB
0.0,0.0,siteB
0.0,0.0,siteB
0.0,0.0,siteB
0.0,0.0,siteB
0.0,0.0,siteB
0.0,0.0,siteB
0.0,0.0,siteB
0.0,0.0,siteB
0.0,0.0,siteB
0.0,0.0,siteB
0.0,0.0,siteB
0.0,0.0,siteB
0.0,0.0,siteB
0.0,0.0,siteB
0.0,0.0,siteB
0.0,0.0,siteB
0.0,0.0,siteB
0.0,0.0,siteB
0.0,0.0,siteB
0.0,0.0,siteB
0.0,0.0,siteB
0.0,0.0,siteB
0.0,0.0,siteB
0.0,0.0,siteB
0.0,0.0,siteB
0.0,0.0,siteB
0.0,0.0,siteB
0.0,0.0,siteB
0.0,0.0,siteB
0.0,0.0,siteB
0.0,0.0,siteB
0.0,0.0,siteB
0.0,0.0,siteB
0.0,0.0,siteB
0.0,0.0,siteB
0.0,0.0,siteB
0.0,0.0,siteB
0.0,0.0,siteB
0.0,0.0,siteB
0.0,0.0,siteB
0.0,0.0,siteB
0.0,0.0,siteB
0.0,0.0,siteB
0.0,0.0,siteB
0.0,0.0,siteB
0.0,0.0,siteB
0.0,0.0,siteB
0.0,0.0,siteB
0.0,0.0,siteB
0.0,0.0,siteB
0.0,0.0,siteB
0.0,0.0,siteB
0.0,0.0,siteB
0.0,0.0,siteB
0.0,0.0,siteB
0.0,0.0,siteB
0.0,0.0,siteB
0.0,0.0,siteB
0.0,0.0,siteB
0.0,0.0,siteB
0.0,0.0,siteB
0.0,0.0,siteB
0.0,0.0,siteB
0.0,0.0,siteB
0.0,0.6438205396370922,siteB
0.0,0.6144564974913009,siteB
8.49,6.235610018405803,siteB
9.86,11.023819241758707,siteB
6.19,6.678592933439254,siteB
-1.4,4.701240255498572,siteB
-0.04,3.780390315253634,siteB
1.46,3.2732047671490583,siteB
0.5,2.6456836627016767,siteB
4.66,3.973252241861738,siteB
4.06,2.9220698877479867,siteB
5.01,3.1832645931215895,siteB
4.46,2.8000869474012973,siteB
4.86,2.8624943255650717,siteB
5.03,2.7783809293915294,siteB
4.72,2.6922227512733508,siteB
7.28,3.545234297223959,siteB
-2.33,2.1080503230865006,siteB
2.6,2.7830589109066306,siteB
1.2,2.1307310935197705,siteB
0.0,0.0,siteB
0.0,0.0,siteB
0.0,0.0,siteB
0.0,0.0,siteB
0.0,0.0,siteB
0.0,0.0,siteB
0.0,0.0,siteB
0.0,0.0,siteB
0.0,0.0,siteB
0.0,0.0,siteB
0.0,0.0,siteB
0.0,0.0,siteB
0.0,0.0,siteB
0.0,0.0,siteB
0.0,0.0,siteB
0.0,0.0,siteB
0.0,0.0,siteB
0.0,0.0,siteB
0.0,0.0,siteB
0.0,0.0,siteB
0.0,0.0,siteB
0.0,0.0,siteB
0.0,0.0,siteB
0.0,0.0,siteB
0.0,0.0,siteB
0.0,0.0,siteB
0.0,0.0,siteB
0.0,0.0,siteB
0.0,0.0,siteB
0.0,0.0,siteB
0.0,0.0,siteB
0.0,0.0,siteB
0.0,0.0,siteB
0.0,0.0,siteB
0.0,0.0,siteB
0.0,0.0,siteB
0.0,0.0,siteB
0.0,0.0,siteB
0.0,0.0,siteB
0.0,0.0,siteB
0.0,0.0,siteB
0.0,0.0,siteB
0.0,0.0,siteB
0.0,0.0,siteB
0.0,0.0,siteB
0.0,0.0,siteB
0.0,0.0,siteB
0.0,0.0,siteB
0.0,0.0,siteB
0.0,0.0,siteB
0.0,0.0,siteB
0.0,0.0,siteB
0.0,0.0,siteB
0.0,0.0,siteB
0.0,0.0,siteB
0.0,0.0,siteB
0.0,0.0,siteB
0.0,0.0,siteB
0.0,0.0,siteB
0.0,0.0,siteB
0.0,0.0,siteB
0.0,0.0,siteB
0.0,0.0,siteB
0.0,0.0,siteB
0.0,0.0,siteB
0.0,0.0,siteB
0.0,0.0,siteB
0.0,0.0,siteB
0.0,0.0,siteB
0.0,0.0,siteB
0.0,0.0,siteB
0.0,0.0,siteB
0.0,0.0,siteB
0.0,0.0,siteB
0.0,0.0,siteB
0.0,0.0,siteB
0.0,0.0,siteB
0.0,0.0,siteB
0.0,0.0,siteB
0.0,0.0,siteB
0.0,0.0,siteB
0.0,0.0,siteB
0.0,0.0,siteB
0.0,0.0,siteB
0.0,0.0,siteB
0.0,0.0,siteB
0.0,0.0,siteB
0.0,0.0,siteB
0.0,0.0,siteB
0.0,0.0,siteB
0.0,0.0,siteB
0.0,0.0,siteB
0.0,0.0,siteB
0.0,0.0,siteB
0.0,0.0,siteB
0.0,0.0,siteB
0.0,0.0,siteB
0.0,0.0,siteB
0.0,0.0,siteB
0.0,0.0,siteB
0.0,0.0,siteB
0.0,0.0,siteB
0.0,0.0,siteB
0.0,0.0,siteB
0.0,0.0,siteB
0.0,0.0,siteB
0.0,0.0,siteB
0.0,0.0,siteB
0.0,0.0,siteB
0.0,0.0,siteB
0.0,0.0,siteB
0.0,0.0,siteB
0.0,0.0,siteB
0.0,0.0,siteB
0.0,0.0,siteB
0.0,0.0,siteB
0.0,0.0,siteB
0.0,0.0,siteB
0.0,0.0,siteB
0.0,0.0,siteB
0.0,0.0,siteB
0.0,0.0,siteB
0.0,0.0,siteB
0.0,0.0,siteB
0.0,0.0,siteB
0.0,0.0,siteB
0.0,0.0,siteB
0.0,0.0,siteB
1.78,3.8068999293925034,siteB
1.79,2.6061842589579896,siteB
1.25,1.6460259141387514,siteB
0.54,1.2267402072418752,siteB
0.57,1.445981665925378,siteB
3.69,3.1505172172614384,siteB
-0.35,1.3400159810067243,siteB
1.0,0.22668437150812187,siteB
-0.76,-1.6172920838254743,siteB
-1.28,-1.5613682027882105,siteB
-3.79,-1.9538053967706992,siteB
-4.52,-1.7248994046626747,siteB
-3.58,-1.958609935607766,siteB
-5.0,-2.2169917399509402,siteB
-3.49,-2.2298622500889507,siteB
-5.17,-2.1844098386632305,siteB
-3.98,-2.108750917434676,siteB
-4.95,-1.901397913494458,siteB
-4.95,-1.8954490558706005,siteB
4.72,3.351255157138898,siteB
-4.03,-1.071618361671295,siteB
-0.25,-1.2256686374956896,siteB
-2.22,-1.2443303975485016,siteB
-3.04,-1.6414393319351217,siteB
-0.47,-1.3972817269957714,siteB
-5.23,-2.2698104201504568,siteB
-0.58,-1.9713281572445174,siteB
-2.02,-2.259916231527618,siteB
-1.7,-1.83825801050443,siteB
-2.3,-1.8264578716617923,siteB
-1.14,-1.8119364187029865,siteB
0.0,0.0,siteB
0.0,0.0,siteB
0.0,0.0,siteB
0.0,0.0,siteB
0.0,0.0,siteB
0.0,0.0,siteB
0.0,0.0,siteB
0.0,0.0,siteB
0.0,0.0,siteB
0.0,0.0,siteB
0.0,0.0,siteB
0.0,0.0,siteB
0.0,0.0,siteB
0.0,0.0,siteB
0.0,0.0,siteB
0.0,0.0,siteB
0.0,0.0,siteB
0.0,0.0,siteB
0.0,0.0,siteB
0.0,0.0,siteB
0.0,0.0,siteB
0.0,0.0,siteB
0.0,0.0,siteB
0.0,0.0,siteB
0.0,0.0,siteB
0.0,0.0,siteB
0.0,0.0,siteB
0.0,0.0,siteB
0.0,0.0,siteB
0.0,0.0,siteB
0.0,0.0,siteB
0.0,0.0,siteB
0.0,0.0,siteB
0.0,0.0,siteB
0.0,0.0,siteB
0.0,0.0,siteB
0.0,0.0,siteB
0.0,0.0,siteB
0.0,0.0,siteB
0.0,0.0,siteB
0.0,0.0,siteB
0.0,0.0,siteB
0.0,0.0,siteB
0.0,0.0,siteB
0.0,0.0,siteB
0.0,0.0,siteB
0.0,0.0,siteB
0.0,0.0,siteB
0.0,0.0,siteB
0.0,0.0,siteB
0.0,0.0,siteB
0.0,0.0,siteB
0.0,0.0,siteB
0.0,0.0,siteB
0.0,0.0,siteB
0.0,0.0,siteB
0.0,0.0,siteB
0.0,0.0,siteB
0.0,0.0,siteB
0.0,0.0,siteB
0.0,0.0,siteB
0.0,0.0,siteB
0.0,0.0,siteB
0.0,0.0,siteB
0.0,0.0,siteB
0.0,0.0,siteB
0.0,0.0,siteB
0.0,0.0,siteB
0.0,0.0,siteB
0.0,0.0,siteB
0.0,0.0,siteB
0.0,0.0,siteB
0.0,0.0,siteB
0.0,0.0,siteB
0.0,0.0,siteB
0.0,0.0,siteB
0.0,0.0,siteB
0.0,0.0,siteB
-3.32,-0.2935534127337801,siteB
-0.77,-1.7070893283320572,siteB
-3.48,-1.7137254291756585,siteB
-0.06,-0.7588339725230053,siteB
-1.39,-1.6835337876989425,siteB
-5.3,-1.6170083376080975,siteB
0.92,-1.3713840464471891,siteB
-2.45,-1.881261723862367,siteB
-0.31,-1.5459496279619072,siteB
-1.24,-5.68106553217752,siteB
-0.57,-6.7196718730833425,siteB
-1.51,-6.94374556253931,siteB
-0.13,-7.101060669978165,siteB
-0.64,-1.9401768114565172,siteB
-3.56,-1.9928730240511137,siteB
0.97,-1.886330730611982,siteB
-1.44,-1.9433438725898282,siteB
-2.37,-1.1504264813182454,siteB
-0.68,-1.8091908733025381,siteB
1.86,-0.7622543799110248,siteB
-1.34,-2.018175466940468,siteB
0.3,-1.6250083441793264,siteB
-1.7,-2.5070117044247477,siteB
-0.25,-1.774109549440927,siteB
-0.8,-2.4253555663305297,siteB
-0.3,-1.7878019039215296,siteB
-4.47,-1.8921515509867106,siteB
0.93,-1.7273762028103483,siteB
0.0,0.0,siteB
0.0,0.0,siteB
0.0,0.0,siteB
0.0,0.0,siteB
0.0,0.0,siteB
0.0,0.0,siteB
0.0,0.0,siteB
0.0,0.0,siteB
0.0,0.0,siteB
0.0,0.0,siteB
0.0,0.0,siteB
0.0,0.0,siteB
0.0,0.0,siteB
0.0,0.0,siteB
0.0,0.0,siteB
0.0,0.0,siteB
0.0,0.0,siteB
0.0,0.0,siteB
0.0,0.0,siteB
0.0,0.0,siteB
0.0,0.0,siteB
0.0,0.0,siteB
0.0,0.0,siteB
0.0,0.0,siteB
0.0,0.0,siteB
0.0,0.0,siteB
0.0,0.0,siteB
0.0,0.0,siteB
0.0,0.0,siteB
0.0,0.0,siteB
0.0,0.0,siteB
0.0,0.0,siteB
0.0,0.0,siteB
0.0,0.0,siteB
0.0,0.0,siteB
0.0,0.0,siteB
0.0,0.0,siteB
0.0,0.0,siteB
0.0,0.0,siteB
0.0,0.0,siteB
0.0,0.0,siteB
0.0,0.0,siteB
0.0,0.0,siteB
0.0,0.0,siteB
0.0,0.0,siteB
0.0,0.0,siteB
0.0,0.0,siteB
0.0,0.0,siteB
0.0,0.0,siteB
0.0,0.0,siteB
0.0,0.0,siteB
0.0,0.0,siteB
0.0,0.0,siteB
0.0,0.0,siteB
0.0,0.0,siteB
0.0,0.0,siteB
0.0,0.0,siteB
0.0,0.0,siteB
0.0,0.0,siteB
0.0,0.0,siteB
0.0,0.0,siteB
0.0,0.0,siteB
0.0,0.0,siteB
0.0,0.0,siteB
0.0,0.0,siteB
0.0,0.0,siteB
0.0,0.0,siteB
0.0,0.0,siteB
0.0,0.0,siteB
0.0,0.0,siteB
0.0,0.0,siteB
0.0,0.0,siteB
0.0,0.0,siteB
0.0,0.0,siteB
0.0,0.0,siteB
0.0,0.0,siteB
0.0,0.0,siteB
0.0,0.0,siteB
0.0,0.0,siteB
0.0,0.0,siteB
0.0,0.0,siteB
0.0,0.0,siteB
0.0,0.0,siteB
0.0,0.0,siteB
0.0,0.0,siteB
0.0,0.0,siteB
0.0,0.0,siteB
0.0,0.0,siteB
0.0,0.0,siteB
0.0,0.0,siteB
0.0,0.0,siteB
0.0,0.0,siteB
0.0,0.0,siteB
0.0,0.0,siteB
0.0,0.0,siteB
0.0,0.0,siteB
0.0,0.0,siteB
0.0,0.0,siteB
0.0,0.0,siteB
0.0,0.0,siteB
0.0,0.0,siteB
0.0,0.0,siteB
0.0,0.0,siteB
0.0,0.0,siteB
0.0,0.0,siteB
0.0,0.0,siteB
0.0,0.0,siteB
0.0,0.0,siteB
0.0,0.0,siteB
0.0,0.0,siteB
0.0,0.0,siteB
0.0,0.0,siteB
0.0,0.0,siteB
0.0,0.0,siteB
0.0,0.0,siteB
0.0,0.0,siteB
0.0,0.0,siteB
0.0,0.0,siteB
0.0,0.0,siteB
0.0,0.0,siteB
0.0,0.0,siteB
0.0,0.0,siteB
0.0,0.0,siteB
0.0,0.0,siteB
0.0,0.0,siteB
0.0,0.0,siteB
0.0,0.0,siteB
0.0,0.0,siteB
0.0,0.0,siteB
0.0,0.0,siteB
0.0,0.0,siteB
0.0,0.0,siteB
0.0,0.0,siteB
0.0,0.0,siteB
0.0,0.0,siteB
0.0,0.0,siteB
0.0,0.0,siteB
0.0,0.0,siteB
0.0,0.0,siteB
0.0,0.0,siteB
0.0,0.0,siteB
0.0,0.0,siteB
0.0,0.0,siteB
0.0,0.0,siteB
0.0,0.0,siteB
0.0,0.0,siteB
0.0,0.0,siteB
0.0,0.0,siteB
0.0,0.0,siteB
0.0,0.0,siteB
0.0,0.0,siteB
0.0,0.0,siteB
0.0,0.0,siteB
0.0,0.0,siteB
0.0,0.0,siteB
0.0,0.0,siteB
0.0,0.0,siteB
0.0,0.0,siteB
0.0,0.0,siteB
0.0,0.0,siteB
0.0,0.0,siteB
0.0,0.0,siteB
0.0,0.0,siteB
0.0,0.0,siteB
0.0,0.0,siteB
0.0,0.0,siteB
0.0,0.0,siteB
0.0,0.0,siteB
0.0,0.0,siteB
0.0,0.0,siteB
0.0,0.0,siteB
0.0,0.0,siteB
0.0,0.0,siteB
0.0,0.0,siteB
0.0,0.0,siteB
0.0,0.0,siteB
0.0,0.0,siteB
0.0,0.0,siteB
0.0,0.0,siteB
0.0,0.0,siteB
0.0,0.0,siteB
0.0,0.0,siteB
0.0,0.0,siteB
0.0,0.0,siteB
0.0,0.0,siteB
0.0,0.0,siteB
0.0,0.0,siteB
0.0,0.0,siteB
0.0,0.0,siteB
0.0,0.0,siteB
0.0,0.0,siteB
0.0,0.0,siteB
0.0,0.0,siteB
0.0,0.0,siteB
0.0,0.0,siteB
0.0,0.0,siteB
0.0,0.0,siteB
0.0,0.0,siteB
0.0,0.0,siteB
0.0,0.0,siteB
0.0,0.0,siteB
0.0,0.0,siteB
0.0,0.0,siteB
0.0,0.0,siteB
0.0,0.0,siteB
0.0,0.0,siteB
0.0,0.0,siteB
0.0,0.0,siteB
0.0,0.0,siteB
0.0,0.0,siteB
0.0,0.0,siteB
0.0,0.0,siteB
0.0,0.0,siteB
0.0,0.0,siteB
0.0,0.0,siteB
0.0,0.0,siteB
0.0,0.0,siteB
0.0,0.0,siteB
0.0,0.0,siteB
0.0,0.0,siteB
0.0,0.0,siteB
0.0,0.0,siteB
0.0,0.0,siteB
0.0,0.0,siteB
0.0,0.0,siteB
0.0,0.0,siteB
0.0,0.0,siteB
0.0,0.0,siteB
0.0,0.0,siteB
0.0,0.0,siteB
0.0,0.0,siteB
0.0,0.0,siteB
0.0,0.0,siteB
0.0,0.0,siteB
0.0,0.0,siteB
0.0,0.0,siteB
0.0,0.0,siteB
0.0,0.0,siteB
0.0,0.0,siteB
0.01,-1.956007599215371,siteB
0.01,-1.7142166496665527,siteB
0.01,-1.478413547123671,siteB
0.01,-1.9775240899848052,siteB
-5.96,-1.987565545441973,siteB
-3.12,-1.9538714605453875,siteB
-3.14,-1.899267875456013,siteB
-3.85,-1.7368128959301794,siteB
-3.59,-1.74323711638565,siteB
-3.34,-1.736052766032844,siteB
-4.18,-1.6899073373683706,siteB
-3.51,-1.91214501343972,siteB
-4.26,-1.9199177850662412,siteB
-3.67,-1.8848108847715466,siteB
-4.38,-2.0662519421128978,siteB
-3.93,-1.9176252998278813,siteB
-4.4,-1.9230066767108027,siteB
-4.13,-1.9794922596001356,siteB
-4.24,-1.731186595609986,siteB
-4.41,-1.569026823092056,siteB
-3.74,-1.576193009313242,siteB
0.73,3.1052619939851156,siteB
-0.1,-1.4570336566303212,siteB
-2.49,-1.5671791793892962,siteB
0.02,-1.3434159235661716,siteB
-5.53,-2.1907704832223454,siteB
0.0,0.0,siteB
0.0,0.0,siteB
0.0,0.0,siteB
0.0,0.0,siteB
0.0,0.0,siteB
0.0,0.0,siteB
0.0,0.0,siteB
0.0,0.0,siteB
0.0,0.0,siteB
0.0,0.0,siteB
0.0,0.0,siteB
0.0,0.0,siteB
0.0,0.0,siteB
0.0,0.0,siteB
0.0,0.0,siteB
0.0,0.0,siteB
0.0,0.0,siteB
0.0,0.0,siteB
0.0,0.0,siteB
0.0,0.0,siteB
0.0,0.0,siteB
0.0,0.0,siteB
0.0,0.0,siteB
0.0,0.0,siteB
0.0,0.0,siteB
3.77,2.0417356549162604,siteB
6.37,4.776374861408512,siteB
2.76,3.50514964470657,siteB
5.09,4.099679926244065,siteB
1.34,-0.12060873459057277,siteB
-1.3,-0.836547365442292,siteB
-0.27,-0.7387770785995053,siteB
-4.01,-1.4801700925136947,siteB
-3.68,-1.3247797994570794,siteB
-3.72,-1.4963284420815106,siteB
-4.01,-1.354009863413446,siteB
-3.92,-0.8700348066753795,siteB
-4.06,-0.7699108722165922,siteB
-4.19,-0.6685911537101245,siteB
-3.78,-0.8160394713087054,siteB
-4.44,-0.8032256059746927,siteB
-3.49,-0.7936783205150544,siteB
-5.04,-0.7957371402625584,siteB
-3.3,-0.8081207946637128,siteB
-5.44,-0.8010072264399974,siteB
2.47,3.471102849193289,siteB
-2.04,-0.2977582378027891,siteB
-0.43,-0.09614210116165237,siteB
-4.82,-1.7288156067503473,siteB
-7.87,-1.5687955486179062,siteB
-3.77,-1.6714288236979455,siteB
-5.67,-1.6486403407412737,siteB
5.23,3.768712992981961,siteB
0.0,0.0,siteB
0.0,0.0,siteB
0.0,0.0,siteB
0.0,0.0,siteB
0.0,0.0,siteB
0.0,0.0,siteB
0.0,0.0,siteB
0.0,0.0,siteB
0.0,0.0,siteB
0.0,0.0,siteB
0.0,0.0,siteB
0.0,0.0,siteB
0.0,0.0,siteB
0.0,0.0,siteB
0.0,0.0,siteB
0.0,0.0,siteB
0.0,0.0,siteB
0.0,0.0,siteB
0.0,0.0,siteB
0.0,0.0,siteB
0.0,0.0,siteB
0.0,0.0,siteB
0.0,0.0,siteB
0.0,0.0,siteB
0.0,0.0,siteB
0.0,0.0,siteB
0.0,0.0,siteB
0.0,0.0,siteB
0.0,0.0,siteB
0.0,0.0,siteB
0.0,0.0,siteB
0.0,0.0,siteB
0.0,0.0,siteB
0.0,0.0,siteB
0.0,0.0,siteB
0.0,0.0,siteB
0.0,0.0,siteB
0.0,0.0,siteB
0.0,0.0,siteB
0.0,0.0,siteB
0.0,0.0,siteB
0.0,0.0,siteB
0.0,0.0,siteB
0.0,0.0,siteB
0.0,0.0,siteB
0.0,0.0,siteB
0.0,0.0,siteB
0.0,0.0,siteB
0.0,0.0,siteB
0.0,0.0,siteB
0.0,0.0,siteB
0.0,0.0,siteB
0.0,0.0,siteB
0.0,0.0,siteB
0.0,0.0,siteB
0.0,0.0,siteB
0.0,0.0,siteB
0.0,0.0,siteB
0.0,0.0,siteB
0.0,0.0,siteB
0.0,0.0,siteB
0.0,0.0,siteB
0.0,0.0,siteB
0.0,0.0,siteB
0.0,0.0,siteB
0.0,0.0,siteB
0.0,0.0,siteB
0.0,0.0,siteB
0.0,0.0,siteB
0.0,0.0,siteB
0.0,0.0,siteB
0.0,0.0,siteB
0.0,0.0,siteB
0.0,0.0,siteB
0.0,0.0,siteB
0.0,0.0,siteB
0.0,0.0,siteB
0.0,0.0,siteB
0.0,0.0,siteB
0.0,0.0,siteB
0.0,0.0,siteB
0.0,0.0,siteB
0.0,0.0,siteB
0.0,0.0,siteB
0.0,0.0,siteB
0.0,0.0,siteB
0.0,0.0,siteB
0.0,0.0,siteB
0.0,0.0,siteB
0.0,0.0,siteB
0.0,0.0,siteB
0.0,0.0,siteB
0.0,0.0,siteB
0.0,0.0,siteB
0.0,0.0,siteB
0.0,0.0,siteB
0.0,0.0,siteB
0.0,0.0,siteB
0.0,0.0,siteB
0.0,0.0,siteB
0.0,0.0,siteB
0.0,0.0,siteB
0.0,0.0,siteB
0.0,0.0,siteB
0.0,0.0,siteB
0.0,0.0,siteB
0.0,0.0,siteB
0.0,0.0,siteB
0.0,0.0,siteB
0.0,0.0,siteB
0.0,0.0,siteB
0.0,0.0,siteB
0.0,0.0,siteB
0.0,0.0,siteB
0.0,0.0,siteB
0.0,0.0,siteB
0.0,0.0,siteB
0.0,0.0,siteB
0.0,0.0,siteB
0.0,0.0,siteB
0.0,0.0,siteB
0.0,0.0,siteB
0.0,0.0,siteB
0.0,0.0,siteB
0.0,0.0,siteB
0.0,0.0,siteB
0.0,0.0,siteB
0.0,0.0,siteB
0.0,0.0,siteB
0.0,0.0,siteB
0.0,0.0,siteB
0.0,0.0,siteB
0.0,0.0,siteB
0.0,0.0,siteB
0.0,0.0,siteB
0.0,0.0,siteB
0.0,0.0,siteB
0.0,0.0,siteB
0.0,0.0,siteB
0.0,0.0,siteB
0.0,0.0,siteB
0.0,0.0,siteB
0.0,0.0,siteB
0.0,0.0,siteB
0.0,0.0,siteB
0.0,0.0,siteB
0.0,0.0,siteB
0.0,0.0,siteB
0.0,0.0,siteB
0.0,0.0,siteB
0.0,0.0,siteB
0.0,0.0,siteB
0.0,0.0,siteB
0.0,0.0,siteB
0.0,0.0,siteB
0.0,0.0,siteB
0.0,0.0,siteB
0.0,0.0,siteB
0.0,0.0,siteB
0.0,0.0,siteB
0.0,0.0,siteB
0.0,0.0,siteB
0.0,0.0,siteB
0.0,0.0,siteB
0.0,0.0,siteB
0.0,0.0,siteB
0.0,0.0,siteB
0.0,0.0,siteB
0.0,0.0,siteB
0.0,0.0,siteB
0.0,0.0,siteB
0.0,0.0,siteB
0.0,0.0,siteB
0.0,0.0,siteB
0.0,0.0,siteB
0.0,0.0,siteB
0.0,0.0,siteB
0.0,0.0,siteB
0.0,0.0,siteB
0.0,0.0,siteB
0.0,0.0,siteB
0.0,0.0,siteB
0.0,0.0,siteB
0.0,0.0,siteB
0.0,0.0,siteB
0.0,0.0,siteB
0.0,0.0,siteB
0.0,0.0,siteB
0.0,0.0,siteB
0.0,0.0,siteB
0.0,0.0,siteB
0.0,0.0,siteB
0.0,0.0,siteB
0.0,0.0,siteB
0.0,0.0,siteB
0.0,0.0,siteB
0.0,0.0,siteB
0.0,0.0,siteB
0.0,0.0,siteB
0.0,0.0,siteB
0.0,0.0,siteB
0.0,0.0,siteB
0.0,0.0,siteB
0.0,0.0,siteB
0.0,0.0,siteB
0.0,0.0,siteB
0.0,0.0,siteB
0.0,0.0,siteB
0.0,0.0,siteB
0.0,0.0,siteB
0.0,0.0,siteB
0.0,0.0,siteB
0.0,0.0,siteB
0.0,0.0,siteB
0.0,0.0,siteB
0.0,0.0,siteB
0.0,0.0,siteB
